ISO-10303-21;
HEADER;
FILE_DESCRIPTION (( 'STEP AP203' ),
    '1' );
FILE_NAME ('12ÖáÁ¬½Ó¼þ.STEP',
    '2026-04-25T04:56:20',
    ( '' ),
    ( '' ),
    'SwSTEP 2.0',
    'SolidWorks 2024',
    '' );
FILE_SCHEMA (( 'CONFIG_CONTROL_DESIGN' ));
ENDSEC;

DATA;
#1 = DIRECTION ( 'NONE',  ( -1.000000000000000000, -1.165112782372482859E-16, 0.000000000000000000 ) ) ;
#2 = CIRCLE ( 'NONE', #1446, 1.249999999999998890 ) ;
#3 = EDGE_LOOP ( 'NONE', ( #1502, #1058 ) ) ;
#4 = ORIENTED_EDGE ( 'NONE', *, *, #399, .T. ) ;
#5 = FACE_OUTER_BOUND ( 'NONE', #550, .T. ) ;
#6 = VERTEX_POINT ( 'NONE', #709 ) ;
#7 = DIRECTION ( 'NONE',  ( 1.000000000000000000, 0.000000000000000000, 0.000000000000000000 ) ) ;
#8 = CIRCLE ( 'NONE', #228, 1.249999999999998224 ) ;
#9 = AXIS2_PLACEMENT_3D ( 'NONE', #279, #830, #495 ) ;
#10 = FACE_BOUND ( 'NONE', #265, .T. ) ;
#11 = VERTEX_POINT ( 'NONE', #576 ) ;
#12 = DIRECTION ( 'NONE',  ( 3.502496153628227604E-17, -1.000000000000000000, 5.724289645002068706E-19 ) ) ;
#13 = DIRECTION ( 'NONE',  ( 3.436397750279000774E-17, -1.000000000000000000, 5.724289645002129373E-19 ) ) ;
#14 = AXIS2_PLACEMENT_3D ( 'NONE', #780, #803, #318 ) ;
#15 = ADVANCED_FACE ( 'NONE', ( #599, #1287, #804, #1519, #1062, #10, #216, #464, #832 ), #1053, .F. ) ;
#16 = ADVANCED_FACE ( 'NONE', ( #1167 ), #1041, .T. ) ;
#17 = PRODUCT ( '12\X2\8f748fde63a54ef6\X0\', '12\X2\8f748fde63a54ef6\X0\', '', ( #179 ) ) ;
#18 = VERTEX_POINT ( 'NONE', #722 ) ;
#19 = CARTESIAN_POINT ( 'NONE',  ( 5.000000000000007994, 4.999999999999990230, 57.00000000000000000 ) ) ;
#20 = CARTESIAN_POINT ( 'NONE',  ( 46.44134295108988653, 57.00000000000000000, 35.25000000000007105 ) ) ;
#21 = LINE ( 'NONE', #747, #237 ) ;
#22 = ADVANCED_FACE ( 'NONE', ( #591 ), #1181, .T. ) ;
#23 = FACE_BOUND ( 'NONE', #1484, .T. ) ;
#24 = ORIENTED_EDGE ( 'NONE', *, *, #371, .T. ) ;
#25 = DIRECTION ( 'NONE',  ( 0.000000000000000000, -1.000000000000000000, 0.000000000000000000 ) ) ;
#26 = DIRECTION ( 'NONE',  ( 1.000000000000000000, 0.000000000000000000, 0.000000000000000000 ) ) ;
#27 = CARTESIAN_POINT ( 'NONE',  ( 20.55865704891001045, 57.00000000000000000, 35.24999999999987921 ) ) ;
#28 = CLOSED_SHELL ( 'NONE', ( #1061, #1248, #626, #335, #472, #91, #566, #1267, #764, #1440, #516, #1222, #1236, #1211, #1100, #22, #146, #79, #1471, #1215, #1244, #15, #200, #840, #16, #35, #817, #925, #1269, #799, #112, #955, #1276, #650, #62, #658, #102, #1108, #730, #378, #1361 ) ) ;
#29 = DIRECTION ( 'NONE',  ( 1.000000000000000000, 3.535545355302839787E-17, -0.000000000000000000 ) ) ;
#30 = VECTOR ( 'NONE', #1462, 1000.000000000000000 ) ;
#31 = VERTEX_POINT ( 'NONE', #448 ) ;
#32 = CYLINDRICAL_SURFACE ( 'NONE', #908, 1.250000000000001110 ) ;
#33 = DIRECTION ( 'NONE',  ( 3.535545355302841019E-17, -1.000000000000000000, -0.000000000000000000 ) ) ;
#34 = CARTESIAN_POINT ( 'NONE',  ( 4.999999999999997335, 65.99999999999998579, 27.24999999999992895 ) ) ;
#35 = ADVANCED_FACE ( 'NONE', ( #919 ), #1391, .F. ) ;
#36 = DIRECTION ( 'NONE',  ( 1.000000000000000000, 0.000000000000000000, 0.000000000000000000 ) ) ;
#37 = ORIENTED_EDGE ( 'NONE', *, *, #1392, .F. ) ;
#38 = LINE ( 'NONE', #1179, #241 ) ;
#39 = DIRECTION ( 'NONE',  ( 0.000000000000000000, -1.000000000000000000, 0.000000000000000000 ) ) ;
#40 = AXIS2_PLACEMENT_3D ( 'NONE', #848, #275, #960 ) ;
#41 = EDGE_CURVE ( 'NONE', #699, #758, #137, .T. ) ;
#42 = LINE ( 'NONE', #1045, #183 ) ;
#43 = VERTEX_POINT ( 'NONE', #271 ) ;
#44 = CIRCLE ( 'NONE', #365, 1.250000000000004663 ) ;
#45 = DIRECTION ( 'NONE',  ( 4.565061778886336016E-17, -1.000000000000000000, 0.000000000000000000 ) ) ;
#46 = ORIENTED_EDGE ( 'NONE', *, *, #836, .T. ) ;
#47 = CARTESIAN_POINT ( 'NONE',  ( 57.00000000000000000, 30.06497115745556670, 15.06497115745562176 ) ) ;
#48 = DIRECTION ( 'NONE',  ( 1.000000000000000000, 0.000000000000000000, 0.000000000000000000 ) ) ;
#49 = ORIENTED_EDGE ( 'NONE', *, *, #1356, .T. ) ;
#50 = CYLINDRICAL_SURFACE ( 'NONE', #789, 28.50000000000000355 ) ;
#51 = CARTESIAN_POINT ( 'NONE',  ( 57.00000000000000000, 30.06497115745556670, 15.06497115745562176 ) ) ;
#52 = EDGE_CURVE ( 'NONE', #1173, #1279, #1314, .T. ) ;
#53 = ORIENTED_EDGE ( 'NONE', *, *, #242, .F. ) ;
#54 = DIRECTION ( 'NONE',  ( -1.000000000000000000, -0.000000000000000000, -0.000000000000000000 ) ) ;
#55 = CIRCLE ( 'NONE', #450, 1.250000000000001110 ) ;
#56 = DIRECTION ( 'NONE',  ( -1.000000000000000000, 0.000000000000000000, 0.000000000000000000 ) ) ;
#57 = CIRCLE ( 'NONE', #9, 1.250000000000001110 ) ;
#58 = CARTESIAN_POINT ( 'NONE',  ( 0.000000000000000000, 43.50000000000000000, 6.000000000000005329 ) ) ;
#59 = ORIENTED_EDGE ( 'NONE', *, *, #901, .T. ) ;
#60 = ORIENTED_EDGE ( 'NONE', *, *, #604, .T. ) ;
#61 = EDGE_CURVE ( 'NONE', #1158, #43, #8, .T. ) ;
#62 = ADVANCED_FACE ( 'NONE', ( #623 ), #1432, .F. ) ;
#63 = VERTEX_POINT ( 'NONE', #257 ) ;
#64 = CARTESIAN_POINT ( 'NONE',  ( 0.000000000000000000, 0.000000000000000000, 0.000000000000000000 ) ) ;
#65 = CARTESIAN_POINT ( 'NONE',  ( 23.05865704891000334, 57.00000000000000000, 35.24999999999987921 ) ) ;
#66 = CARTESIAN_POINT ( 'NONE',  ( 4.999999999999997335, 43.49999999999998579, 49.75000000000000000 ) ) ;
#67 = AXIS2_PLACEMENT_3D ( 'NONE', #282, #760, #618 ) ;
#68 = ORIENTED_EDGE ( 'NONE', *, *, #727, .T. ) ;
#69 = VERTEX_POINT ( 'NONE', #1084 ) ;
#70 = CARTESIAN_POINT ( 'NONE',  ( 57.00000000000000000, 43.49999999999998579, 51.00000000000000711 ) ) ;
#71 = CARTESIAN_POINT ( 'NONE',  ( 4.999999999999997335, 65.99999999999998579, 28.49999999999992895 ) ) ;
#72 = VECTOR ( 'NONE', #1455, 1000.000000000000000 ) ;
#73 = ORIENTED_EDGE ( 'NONE', *, *, #1331, .F. ) ;
#74 = DIRECTION ( 'NONE',  ( -1.000000000000000000, 0.000000000000000000, -0.000000000000000000 ) ) ;
#75 = DIRECTION ( 'NONE',  ( 3.502496153628226988E-17, -1.000000000000000000, 5.724289645002067743E-19 ) ) ;
#76 = ORIENTED_EDGE ( 'NONE', *, *, #910, .T. ) ;
#77 = LINE ( 'NONE', #759, #1354 ) ;
#78 = CARTESIAN_POINT ( 'NONE',  ( 43.94134295108987942, 1.547077663806996692E-15, 35.25000000000007105 ) ) ;
#79 = ADVANCED_FACE ( 'NONE', ( #1209, #383, #985, #23, #251, #491, #961, #851 ), #1460, .F. ) ;
#80 = ORIENTED_EDGE ( 'NONE', *, *, #1169, .T. ) ;
#81 = VERTEX_POINT ( 'NONE', #750 ) ;
#82 = CARTESIAN_POINT ( 'NONE',  ( 57.00000000000000000, 56.93502884254441199, 40.68502884254437646 ) ) ;
#83 = EDGE_CURVE ( 'NONE', #295, #1365, #1202, .T. ) ;
#84 = DIRECTION ( 'NONE',  ( 0.000000000000000000, -1.000000000000000000, 0.000000000000000000 ) ) ;
#85 = AXIS2_PLACEMENT_3D ( 'NONE', #563, #324, #1509 ) ;
#86 = EDGE_LOOP ( 'NONE', ( #737, #1341, #1506, #441 ) ) ;
#87 = DATE_AND_TIME ( #1256, #1111 ) ;
#88 = CARTESIAN_POINT ( 'NONE',  ( 21.80865704891000689, 57.00000000000000000, 35.24999999999987921 ) ) ;
#89 = EDGE_LOOP ( 'NONE', ( #320, #912 ) ) ;
#90 = CARTESIAN_POINT ( 'NONE',  ( 33.50000000000009948, 57.00000000000000000, 28.50000000000000711 ) ) ;
#91 = ADVANCED_FACE ( 'NONE', ( #632 ), #374, .F. ) ;
#92 = EDGE_LOOP ( 'NONE', ( #390, #1385 ) ) ;
#93 = FACE_OUTER_BOUND ( 'NONE', #1406, .T. ) ;
#94 = VERTEX_POINT ( 'NONE', #757 ) ;
#95 = DATE_AND_TIME ( #1498, #529 ) ;
#96 = AXIS2_PLACEMENT_3D ( 'NONE', #70, #299, #1010 ) ;
#97 = FACE_OUTER_BOUND ( 'NONE', #1497, .T. ) ;
#98 = ORIENTED_EDGE ( 'NONE', *, *, #1288, .F. ) ;
#99 = CARTESIAN_POINT ( 'NONE',  ( 4.999999999999997335, 43.49999999999998579, 52.25000000000000711 ) ) ;
#100 = ORIENTED_EDGE ( 'NONE', *, *, #308, .T. ) ;
#101 = APPROVAL_ROLE ( '' ) ;
#102 = ADVANCED_FACE ( 'NONE', ( #506 ), #1327, .F. ) ;
#103 = PLANE ( 'NONE',  #822 ) ;
#104 = ORIENTED_EDGE ( 'NONE', *, *, #879, .T. ) ;
#105 = LOCAL_TIME ( 12, 56, 20.00000000000000000, #1042 ) ;
#106 = AXIS2_PLACEMENT_3D ( 'NONE', #218, #459, #814 ) ;
#107 = DIRECTION ( 'NONE',  ( -1.165112782372482859E-16, 1.000000000000000000, -0.000000000000000000 ) ) ;
#108 = EDGE_CURVE ( 'NONE', #273, #1147, #943, .T. ) ;
#109 = ORIENTED_EDGE ( 'NONE', *, *, #128, .F. ) ;
#110 = COORDINATED_UNIVERSAL_TIME_OFFSET ( 8, 0, .AHEAD. ) ;
#111 = DIRECTION ( 'NONE',  ( -1.000000000000000000, -1.165112782372482859E-16, 0.000000000000000000 ) ) ;
#112 = ADVANCED_FACE ( 'NONE', ( #1217 ), #1452, .F. ) ;
#113 = ORIENTED_EDGE ( 'NONE', *, *, #447, .F. ) ;
#114 = VECTOR ( 'NONE', #968, 1000.000000000000000 ) ;
#115 = AXIS2_PLACEMENT_3D ( 'NONE', #393, #933, #862 ) ;
#116 = CARTESIAN_POINT ( 'NONE',  ( 10.99999999999999645, 10.99999999999999822, 57.00000000000000000 ) ) ;
#117 = APPROVAL_STATUS ( 'not_yet_approved' ) ;
#118 = VERTEX_POINT ( 'NONE', #403 ) ;
#119 = CARTESIAN_POINT ( 'NONE',  ( 0.000000000000000000, 0.000000000000000000, 57.00000000000000000 ) ) ;
#120 = EDGE_LOOP ( 'NONE', ( #37, #937, #1210, #885 ) ) ;
#121 = DIRECTION ( 'NONE',  ( -1.000000000000000000, -0.000000000000000000, -0.000000000000000000 ) ) ;
#122 = CIRCLE ( 'NONE', #191, 1.249999999999998224 ) ;
#123 = VECTOR ( 'NONE', #469, 1000.000000000000000 ) ;
#124 = VERTEX_POINT ( 'NONE', #736 ) ;
#125 = ORIENTED_EDGE ( 'NONE', *, *, #246, .T. ) ;
#126 = DIRECTION ( 'NONE',  ( -1.000000000000000000, -0.000000000000000000, -0.000000000000000000 ) ) ;
#127 = CARTESIAN_POINT ( 'NONE',  ( 21.80865704891016676, 4.999999999999990230, 21.74999999999985789 ) ) ;
#128 = EDGE_CURVE ( 'NONE', #43, #1158, #122, .T. ) ;
#129 = EDGE_CURVE ( 'NONE', #1033, #163, #656, .T. ) ;
#130 = CARTESIAN_POINT ( 'NONE',  ( 33.50000000000000000, 57.00000000000000000, 28.50000000000000000 ) ) ;
#131 = ORIENTED_EDGE ( 'NONE', *, *, #1516, .T. ) ;
#132 = CARTESIAN_POINT ( 'NONE',  ( 0.000000000000000000, 56.93502884254432672, 15.06497115745553117 ) ) ;
#133 = DIRECTION ( 'NONE',  ( -1.000000000000000000, -1.165112782372482859E-16, 0.000000000000000000 ) ) ;
#134 = CIRCLE ( 'NONE', #606, 1.250000000000007994 ) ;
#135 = DIRECTION ( 'NONE',  ( 3.535545355302840403E-17, -1.000000000000000000, 0.000000000000000000 ) ) ;
#136 = EDGE_CURVE ( 'NONE', #6, #169, #547, .T. ) ;
#137 = LINE ( 'NONE', #1201, #676 ) ;
#138 = ORIENTED_EDGE ( 'NONE', *, *, #857, .T. ) ;
#139 = DIRECTION ( 'NONE',  ( 3.535545355302841019E-17, -1.000000000000000000, -0.000000000000000000 ) ) ;
#140 = LINE ( 'NONE', #485, #668 ) ;
#141 = CARTESIAN_POINT ( 'NONE',  ( 57.00000000000000000, 30.06497115745574433, 43.18502884254457541 ) ) ;
#142 = AXIS2_PLACEMENT_3D ( 'NONE', #533, #206, #410 ) ;
#143 = VERTEX_POINT ( 'NONE', #1368 ) ;
#144 = DIRECTION ( 'NONE',  ( 3.535545355302841019E-17, -1.000000000000000000, -0.000000000000000000 ) ) ;
#145 = DIRECTION ( 'NONE',  ( 4.565061778886336016E-17, -1.000000000000000000, 0.000000000000000000 ) ) ;
#146 = ADVANCED_FACE ( 'NONE', ( #1260, #876, #1109, #771, #992, #1014, #177, #196 ), #541, .F. ) ;
#147 = CARTESIAN_POINT ( 'NONE',  ( 5.000000000000031974, 43.49999999999999289, 57.00000000000000000 ) ) ;
#148 = CARTESIAN_POINT ( 'NONE',  ( 33.50000000000001421, 57.00000000000000000, 15.00000000000000178 ) ) ;
#149 = AXIS2_PLACEMENT_3D ( 'NONE', #1043, #1513, #233 ) ;
#150 = CARTESIAN_POINT ( 'NONE',  ( 10.99999999999999645, 10.99999999999999822, 0.000000000000000000 ) ) ;
#151 = ORIENTED_EDGE ( 'NONE', *, *, #544, .T. ) ;
#152 = LINE ( 'NONE', #613, #1499 ) ;
#153 = FACE_OUTER_BOUND ( 'NONE', #1316, .T. ) ;
#154 = LINE ( 'NONE', #1431, #311 ) ;
#155 = CIRCLE ( 'NONE', #753, 1.250000000000001110 ) ;
#156 = EDGE_LOOP ( 'NONE', ( #947, #384 ) ) ;
#157 = CARTESIAN_POINT ( 'NONE',  ( 33.50000000000009948, 57.00000000000000000, 28.50000000000000711 ) ) ;
#158 = ORIENTED_EDGE ( 'NONE', *, *, #1409, .F. ) ;
#159 = DIRECTION ( 'NONE',  ( -0.4999999999999922839, -1.668625072627551298E-17, -0.8660254037844431485 ) ) ;
#160 = CIRCLE ( 'NONE', #505, 1.249999999999998890 ) ;
#161 = CARTESIAN_POINT ( 'NONE',  ( 33.50000000000000000, 57.00000000000000000, 28.50000000000000000 ) ) ;
#162 = ORIENTED_EDGE ( 'NONE', *, *, #52, .F. ) ;
#163 = VERTEX_POINT ( 'NONE', #1477 ) ;
#164 = AXIS2_PLACEMENT_3D ( 'NONE', #617, #1307, #25 ) ;
#165 = ORIENTED_EDGE ( 'NONE', *, *, #1504, .F. ) ;
#166 = DIRECTION ( 'NONE',  ( 1.000000000000000000, 6.086749038515113044E-17, 0.000000000000000000 ) ) ;
#167 = CARTESIAN_POINT ( 'NONE',  ( 0.000000000000000000, 30.06497115745556670, 15.06497115745562176 ) ) ;
#168 = EDGE_CURVE ( 'NONE', #1074, #1107, #417, .T. ) ;
#169 = VERTEX_POINT ( 'NONE', #890 ) ;
#170 = EDGE_CURVE ( 'NONE', #1107, #1255, #1055, .T. ) ;
#171 = VERTEX_POINT ( 'NONE', #898 ) ;
#172 = AXIS2_PLACEMENT_3D ( 'NONE', #869, #895, #190 ) ;
#173 = VECTOR ( 'NONE', #414, 1000.000000000000000 ) ;
#174 = CARTESIAN_POINT ( 'NONE',  ( 4.999999999999997335, 56.93502884254441199, 41.93502884254439067 ) ) ;
#175 = LINE ( 'NONE', #654, #301 ) ;
#176 = ORIENTED_EDGE ( 'NONE', *, *, #404, .T. ) ;
#177 = FACE_BOUND ( 'NONE', #939, .T. ) ;
#178 = EDGE_LOOP ( 'NONE', ( #437, #878, #1453, #903, #651 ) ) ;
#179 = MECHANICAL_CONTEXT ( 'NONE', #844, 'mechanical' ) ;
#180 = FACE_OUTER_BOUND ( 'NONE', #1009, .T. ) ;
#181 = AXIS2_PLACEMENT_3D ( 'NONE', #439, #75, #1261 ) ;
#182 = CARTESIAN_POINT ( 'NONE',  ( 43.94134295108995047, 4.999999999999990230, 21.75000000000003553 ) ) ;
#183 = VECTOR ( 'NONE', #981, 1000.000000000000000 ) ;
#184 = VECTOR ( 'NONE', #33, 1000.000000000000000 ) ;
#185 = ORIENTED_EDGE ( 'NONE', *, *, #1349, .F. ) ;
#186 = CARTESIAN_POINT ( 'NONE',  ( 57.00000000000000000, 43.49999999999999289, 28.50000000000000355 ) ) ;
#187 = DIRECTION ( 'NONE',  ( 0.000000000000000000, 0.000000000000000000, 1.000000000000000000 ) ) ;
#188 = EDGE_CURVE ( 'NONE', #1069, #296, #2, .T. ) ;
#189 = ORIENTED_EDGE ( 'NONE', *, *, #1313, .T. ) ;
#190 = DIRECTION ( 'NONE',  ( 0.4999999999999967248, 1.800821879326027145E-17, 0.8660254037844404840 ) ) ;
#191 = AXIS2_PLACEMENT_3D ( 'NONE', #269, #1421, #1188 ) ;
#192 = DIRECTION ( 'NONE',  ( 4.565061778886336016E-17, -1.000000000000000000, 0.000000000000000000 ) ) ;
#193 = EDGE_CURVE ( 'NONE', #834, #1291, #316, .T. ) ;
#194 = CIRCLE ( 'NONE', #471, 12.50000000000000355 ) ;
#195 = ORIENTED_EDGE ( 'NONE', *, *, #479, .F. ) ;
#196 = FACE_OUTER_BOUND ( 'NONE', #677, .T. ) ;
#197 = CARTESIAN_POINT ( 'NONE',  ( 0.000000000000000000, 10.99999999999999822, 0.000000000000000000 ) ) ;
#198 = ORIENTED_EDGE ( 'NONE', *, *, #1154, .T. ) ;
#199 = APPROVAL_ROLE ( '' ) ;
#200 = ADVANCED_FACE ( 'NONE', ( #686 ), #50, .T. ) ;
#201 = FACE_OUTER_BOUND ( 'NONE', #1404, .T. ) ;
#202 = ORIENTED_EDGE ( 'NONE', *, *, #769, .F. ) ;
#203 = DIRECTION ( 'NONE',  ( 1.000000000000000000, 0.000000000000000000, 0.000000000000000000 ) ) ;
#204 = AXIS2_PLACEMENT_3D ( 'NONE', #565, #1303, #247 ) ;
#205 = ORIENTED_EDGE ( 'NONE', *, *, #1326, .T. ) ;
#206 = DIRECTION ( 'NONE',  ( -3.535545355302840403E-17, 1.000000000000000000, 0.000000000000000000 ) ) ;
#207 = CARTESIAN_POINT ( 'NONE',  ( 32.24999999999998579, 4.999999999999990230, 42.00000000000000000 ) ) ;
#208 = AXIS2_PLACEMENT_3D ( 'NONE', #1379, #788, #1037 ) ;
#209 = EDGE_LOOP ( 'NONE', ( #304, #232, #534, #838 ) ) ;
#210 = FACE_OUTER_BOUND ( 'NONE', #1414, .T. ) ;
#211 = ORIENTED_EDGE ( 'NONE', *, *, #703, .T. ) ;
#212 = FACE_OUTER_BOUND ( 'NONE', #1131, .T. ) ;
#213 = CC_DESIGN_PERSON_AND_ORGANIZATION_ASSIGNMENT ( #710, #935, ( #621 ) ) ;
#214 = CARTESIAN_POINT ( 'NONE',  ( 4.999999999999997335, 65.99999999999998579, 28.49999999999992895 ) ) ;
#215 = EDGE_CURVE ( 'NONE', #612, #1367, #263, .T. ) ;
#216 = FACE_BOUND ( 'NONE', #1508, .T. ) ;
#217 = APPROVAL_DATE_TIME ( #87, #415 ) ;
#218 = CARTESIAN_POINT ( 'NONE',  ( 57.00000000000000000, 30.06497115745574433, 41.93502884254456831 ) ) ;
#219 = ORIENTED_EDGE ( 'NONE', *, *, #1129, .T. ) ;
#220 = CARTESIAN_POINT ( 'NONE',  ( 57.00000000000000000, 56.93502884254441199, 43.18502884254439778 ) ) ;
#221 = EDGE_CURVE ( 'NONE', #18, #124, #1198, .T. ) ;
#222 = DIRECTION ( 'NONE',  ( 0.000000000000000000, 0.000000000000000000, 1.000000000000000000 ) ) ;
#223 = EDGE_LOOP ( 'NONE', ( #100, #309 ) ) ;
#224 = CARTESIAN_POINT ( 'NONE',  ( 23.05865704891000689, 4.999999999999990230, 35.24999999999987921 ) ) ;
#225 = FACE_BOUND ( 'NONE', #1018, .T. ) ;
#226 = EDGE_LOOP ( 'NONE', ( #165, #1163, #1224, #1394 ) ) ;
#227 = DIRECTION ( 'NONE',  ( 0.000000000000000000, 0.000000000000000000, 1.000000000000000000 ) ) ;
#228 = AXIS2_PLACEMENT_3D ( 'NONE', #970, #389, #1073 ) ;
#229 = AXIS2_PLACEMENT_3D ( 'NONE', #1247, #1488, #1338 ) ;
#230 = AXIS2_PLACEMENT_3D ( 'NONE', #561, #345, #571 ) ;
#231 = DIRECTION ( 'NONE',  ( 0.000000000000000000, 0.000000000000000000, -1.000000000000000000 ) ) ;
#232 = ORIENTED_EDGE ( 'NONE', *, *, #492, .T. ) ;
#233 = DIRECTION ( 'NONE',  ( 0.000000000000000000, 0.000000000000000000, 1.000000000000000000 ) ) ;
#234 = VERTEX_POINT ( 'NONE', #364 ) ;
#235 = DIRECTION ( 'NONE',  ( 1.000000000000000000, 0.000000000000000000, 0.000000000000000000 ) ) ;
#236 = AXIS2_PLACEMENT_3D ( 'NONE', #575, #456, #675 ) ;
#237 = VECTOR ( 'NONE', #261, 1000.000000000000000 ) ;
#238 = ORIENTED_EDGE ( 'NONE', *, *, #1424, .T. ) ;
#239 = ORIENTED_EDGE ( 'NONE', *, *, #1169, .F. ) ;
#240 = CARTESIAN_POINT ( 'NONE',  ( 10.00000000000000533, 9.999999999999987566, 0.000000000000000000 ) ) ;
#241 = VECTOR ( 'NONE', #139, 1000.000000000000000 ) ;
#242 = EDGE_CURVE ( 'NONE', #63, #1026, #140, .T. ) ;
#243 = DIRECTION ( 'NONE',  ( -1.000000000000000000, 0.000000000000000000, 0.000000000000000000 ) ) ;
#244 = VERTEX_POINT ( 'NONE', #1174 ) ;
#245 = DIRECTION ( 'NONE',  ( -1.000000000000000000, 0.000000000000000000, 0.000000000000000000 ) ) ;
#246 = EDGE_CURVE ( 'NONE', #1428, #244, #1253, .T. ) ;
#247 = DIRECTION ( 'NONE',  ( -1.000000000000000000, -3.403348548604379347E-17, 0.000000000000000000 ) ) ;
#248 = DIRECTION ( 'NONE',  ( -0.5000000000000008882, -1.668625072627598445E-17, 0.8660254037844380415 ) ) ;
#249 = AXIS2_PLACEMENT_3D ( 'NONE', #1149, #922, #1413 ) ;
#250 = VECTOR ( 'NONE', #643, 1000.000000000000000 ) ;
#251 = FACE_BOUND ( 'NONE', #223, .T. ) ;
#252 = VERTEX_POINT ( 'NONE', #260 ) ;
#253 = DIRECTION ( 'NONE',  ( -1.000000000000000000, 0.000000000000000000, -0.000000000000000000 ) ) ;
#254 = DIRECTION ( 'NONE',  ( 3.436397750279000774E-17, -1.000000000000000000, 5.724289645002129373E-19 ) ) ;
#255 = DIRECTION ( 'NONE',  ( 0.000000000000000000, 0.000000000000000000, 1.000000000000000000 ) ) ;
#256 = EDGE_CURVE ( 'NONE', #1001, #6, #468, .T. ) ;
#257 = CARTESIAN_POINT ( 'NONE',  ( 33.50000000000000000, 5.000000000000018652, 0.000000000000000000 ) ) ;
#258 = ORIENTED_EDGE ( 'NONE', *, *, #429, .T. ) ;
#259 = LINE ( 'NONE', #1445, #1299 ) ;
#260 = CARTESIAN_POINT ( 'NONE',  ( 10.99999999999999645, 3.889099890833122163E-16, 0.000000000000000000 ) ) ;
#261 = DIRECTION ( 'NONE',  ( -1.000000000000000000, -0.000000000000000000, -0.000000000000000000 ) ) ;
#262 = EDGE_CURVE ( 'NONE', #1106, #1051, #57, .T. ) ;
#263 = CIRCLE ( 'NONE', #982, 1.250000000000001110 ) ;
#264 = DIRECTION ( 'NONE',  ( -0.000000000000000000, 0.000000000000000000, -1.000000000000000000 ) ) ;
#265 = EDGE_LOOP ( 'NONE', ( #1289, #682 ) ) ;
#266 = CARTESIAN_POINT ( 'NONE',  ( 33.49999999999998579, 57.00000000000000000, 42.00000000000000000 ) ) ;
#267 = DIRECTION ( 'NONE',  ( 3.535545355302840403E-17, -1.000000000000000000, 0.000000000000000000 ) ) ;
#268 = DIRECTION ( 'NONE',  ( 0.000000000000000000, -1.000000000000000000, 0.000000000000000000 ) ) ;
#269 = CARTESIAN_POINT ( 'NONE',  ( 21.80865704891016676, 7.787827523674216724E-16, 21.74999999999985789 ) ) ;
#270 = AXIS2_PLACEMENT_3D ( 'NONE', #858, #517, #1443 ) ;
#271 = CARTESIAN_POINT ( 'NONE',  ( 23.05865704891016321, 8.225639542877750352E-16, 21.74999999999985789 ) ) ;
#272 = CIRCLE ( 'NONE', #1305, 28.49999999999999645 ) ;
#273 = VERTEX_POINT ( 'NONE', #614 ) ;
#274 = CARTESIAN_POINT ( 'NONE',  ( 5.000000000000007994, 4.999999999999990230, 0.000000000000000000 ) ) ;
#275 = DIRECTION ( 'NONE',  ( -1.000000000000000000, 0.000000000000000000, 0.000000000000000000 ) ) ;
#276 = ORIENTED_EDGE ( 'NONE', *, *, #544, .F. ) ;
#277 = VECTOR ( 'NONE', #1376, 1000.000000000000000 ) ;
#278 = ORIENTED_EDGE ( 'NONE', *, *, #286, .F. ) ;
#279 = CARTESIAN_POINT ( 'NONE',  ( 45.19134295108995047, 4.999999999999990230, 21.75000000000003553 ) ) ;
#280 = VERTEX_POINT ( 'NONE', #841 ) ;
#281 = CARTESIAN_POINT ( 'NONE',  ( 57.00000000000000000, 65.99999999999998579, 27.24999999999992895 ) ) ;
#282 = CARTESIAN_POINT ( 'NONE',  ( 21.80865704891016321, 57.00000000000000000, 21.74999999999985789 ) ) ;
#283 = EDGE_CURVE ( 'NONE', #171, #244, #1309, .T. ) ;
#284 = DIRECTION ( 'NONE',  ( 0.000000000000000000, 0.000000000000000000, -1.000000000000000000 ) ) ;
#285 = ORIENTED_EDGE ( 'NONE', *, *, #128, .T. ) ;
#286 = EDGE_CURVE ( 'NONE', #69, #296, #1503, .T. ) ;
#287 = ORIENTED_EDGE ( 'NONE', *, *, #108, .F. ) ;
#288 = CARTESIAN_POINT ( 'NONE',  ( 33.50000000000009948, 1.184407694026454995E-15, 28.50000000000000711 ) ) ;
#289 = AXIS2_PLACEMENT_3D ( 'NONE', #132, #608, #958 ) ;
#290 = EDGE_LOOP ( 'NONE', ( #1263, #416, #624, #151 ) ) ;
#291 = CARTESIAN_POINT ( 'NONE',  ( 0.000000000000000000, 0.000000000000000000, 0.000000000000000000 ) ) ;
#292 = DIRECTION ( 'NONE',  ( 1.000000000000000000, 0.000000000000000000, 0.000000000000000000 ) ) ;
#293 = EDGE_CURVE ( 'NONE', #770, #934, #1389, .T. ) ;
#294 = DIRECTION ( 'NONE',  ( 1.000000000000000000, 0.000000000000000000, 0.000000000000000000 ) ) ;
#295 = VERTEX_POINT ( 'NONE', #596 ) ;
#296 = VERTEX_POINT ( 'NONE', #733 ) ;
#297 = MANIFOLD_SOLID_BREP ( 'ÕóÁÐ(Ô²ÖÜ)3', #28 ) ;
#298 = ORIENTED_EDGE ( 'NONE', *, *, #999, .T. ) ;
#299 = DIRECTION ( 'NONE',  ( -1.000000000000000000, -0.000000000000000000, -0.000000000000000000 ) ) ;
#300 = AXIS2_PLACEMENT_3D ( 'NONE', #291, #766, #784 ) ;
#301 = VECTOR ( 'NONE', #1115, 1000.000000000000000 ) ;
#302 = CYLINDRICAL_SURFACE ( 'NONE', #598, 1.250000000000001110 ) ;
#303 = CARTESIAN_POINT ( 'NONE',  ( 43.94134295108995047, 1.546251433765132885E-15, 21.75000000000003553 ) ) ;
#304 = ORIENTED_EDGE ( 'NONE', *, *, #610, .F. ) ;
#305 = DIRECTION ( 'NONE',  ( 3.436397750279000157E-17, -1.000000000000000000, 5.724289645002129373E-19 ) ) ;
#306 = CYLINDRICAL_SURFACE ( 'NONE', #659, 12.50000000000000355 ) ;
#307 = CC_DESIGN_DATE_AND_TIME_ASSIGNMENT ( #349, #1405, ( #776 ) ) ;
#308 = EDGE_CURVE ( 'NONE', #580, #1118, #1456, .T. ) ;
#309 = ORIENTED_EDGE ( 'NONE', *, *, #1152, .T. ) ;
#310 = CARTESIAN_POINT ( 'NONE',  ( 34.74999999999998579, 57.00000000000000000, 42.00000000000000000 ) ) ;
#311 = VECTOR ( 'NONE', #1426, 1000.000000000000000 ) ;
#312 = CARTESIAN_POINT ( 'NONE',  ( 21.80865704891016676, 4.999999999999990230, 21.74999999999985789 ) ) ;
#313 = EDGE_LOOP ( 'NONE', ( #1297, #1492, #783, #405 ) ) ;
#314 = DIRECTION ( 'NONE',  ( 0.000000000000000000, -1.000000000000000000, 0.000000000000000000 ) ) ;
#315 = EDGE_LOOP ( 'NONE', ( #430, #1321, #444, #239, #865, #189, #820, #1137 ) ) ;
#316 = LINE ( 'NONE', #1124, #741 ) ;
#317 = EDGE_CURVE ( 'NONE', #1291, #1246, #921, .T. ) ;
#318 = DIRECTION ( 'NONE',  ( 1.000000000000000000, 3.535545355302841635E-17, 0.000000000000000000 ) ) ;
#319 = CIRCLE ( 'NONE', #289, 1.250000000000001110 ) ;
#320 = ORIENTED_EDGE ( 'NONE', *, *, #836, .F. ) ;
#321 = PERSON_AND_ORGANIZATION ( #1036, #1231 ) ;
#322 = CARTESIAN_POINT ( 'NONE',  ( 33.49999999999998579, 57.00000000000000000, 42.00000000000000000 ) ) ;
#323 = ORIENTED_EDGE ( 'NONE', *, *, #308, .F. ) ;
#324 = DIRECTION ( 'NONE',  ( 3.502496153628227604E-17, -1.000000000000000000, 5.724289645002067743E-19 ) ) ;
#325 = ORIENTED_EDGE ( 'NONE', *, *, #380, .T. ) ;
#326 = CARTESIAN_POINT ( 'NONE',  ( 57.00000000000000000, 30.06497115745574433, 40.68502884254456120 ) ) ;
#327 = DIRECTION ( 'NONE',  ( -1.000000000000000000, -1.165112782372482859E-16, 0.000000000000000000 ) ) ;
#328 = ORIENTED_EDGE ( 'NONE', *, *, #1154, .F. ) ;
#329 = SHAPE_DEFINITION_REPRESENTATION ( #1342, #1390 ) ;
#330 = FACE_OUTER_BOUND ( 'NONE', #883, .T. ) ;
#331 = AXIS2_PLACEMENT_3D ( 'NONE', #322, #1257, #1011 ) ;
#332 = ORIENTED_EDGE ( 'NONE', *, *, #751, .T. ) ;
#333 = CYLINDRICAL_SURFACE ( 'NONE', #85, 1.250000000000001110 ) ;
#334 = AXIS2_PLACEMENT_3D ( 'NONE', #1292, #1430, #725 ) ;
#335 = ADVANCED_FACE ( 'NONE', ( #1066 ), #445, .F. ) ;
#336 = DIRECTION ( 'NONE',  ( 4.565061778886336016E-17, -1.000000000000000000, 0.000000000000000000 ) ) ;
#337 = DIRECTION ( 'NONE',  ( 0.000000000000000000, 0.000000000000000000, -1.000000000000000000 ) ) ;
#338 = DIRECTION ( 'NONE',  ( 0.000000000000000000, 0.000000000000000000, -1.000000000000000000 ) ) ;
#339 = EDGE_LOOP ( 'NONE', ( #794, #368, #411, #46 ) ) ;
#340 = CARTESIAN_POINT ( 'NONE',  ( 4.999999999999997335, 56.93502884254441199, 41.93502884254439067 ) ) ;
#341 = DIRECTION ( 'NONE',  ( 0.000000000000000000, -1.000000000000000000, 0.000000000000000000 ) ) ;
#342 = VECTOR ( 'NONE', #1472, 1000.000000000000000 ) ;
#343 = DIRECTION ( 'NONE',  ( 1.000000000000000000, 0.000000000000000000, 0.000000000000000000 ) ) ;
#344 = EDGE_LOOP ( 'NONE', ( #1044, #1346, #572, #1252 ) ) ;
#345 = DIRECTION ( 'NONE',  ( -1.000000000000000000, -0.000000000000000000, -0.000000000000000000 ) ) ;
#346 = VERTEX_POINT ( 'NONE', #948 ) ;
#347 = VECTOR ( 'NONE', #1468, 1000.000000000000000 ) ;
#348 = ORIENTED_EDGE ( 'NONE', *, *, #129, .F. ) ;
#349 = DATE_AND_TIME ( #690, #1234 ) ;
#350 = VERTEX_POINT ( 'NONE', #1386 ) ;
#351 = DIRECTION ( 'NONE',  ( 1.165112782372482859E-16, -1.000000000000000000, 0.000000000000000000 ) ) ;
#352 = EDGE_LOOP ( 'NONE', ( #689, #743, #971, #474 ) ) ;
#353 = DIRECTION ( 'NONE',  ( -1.000000000000000000, 0.000000000000000000, -0.000000000000000000 ) ) ;
#354 = AXIS2_PLACEMENT_3D ( 'NONE', #1520, #805, #351 ) ;
#355 = EDGE_CURVE ( 'NONE', #684, #31, #729, .T. ) ;
#356 = ORIENTED_EDGE ( 'NONE', *, *, #1380, .T. ) ;
#357 = AXIS2_PLACEMENT_3D ( 'NONE', #150, #507, #657 ) ;
#358 = ORIENTED_EDGE ( 'NONE', *, *, #262, .F. ) ;
#359 = CYLINDRICAL_SURFACE ( 'NONE', #230, 1.250000000000007994 ) ;
#360 = EDGE_LOOP ( 'NONE', ( #692, #765 ) ) ;
#361 = ORIENTED_EDGE ( 'NONE', *, *, #168, .F. ) ;
#362 = ORIENTED_EDGE ( 'NONE', *, *, #950, .T. ) ;
#363 = LINE ( 'NONE', #835, #568 ) ;
#364 = CARTESIAN_POINT ( 'NONE',  ( 23.05865704891000689, 8.217377242459036354E-16, 35.24999999999987921 ) ) ;
#365 = AXIS2_PLACEMENT_3D ( 'NONE', #1070, #1086, #501 ) ;
#366 = LINE ( 'NONE', #965, #555 ) ;
#367 = CARTESIAN_POINT ( 'NONE',  ( 45.19134295108987942, 1.590032635685483881E-15, 35.25000000000007105 ) ) ;
#368 = ORIENTED_EDGE ( 'NONE', *, *, #1040, .F. ) ;
#369 = DIRECTION ( 'NONE',  ( 0.000000000000000000, 0.000000000000000000, 1.000000000000000000 ) ) ;
#370 = DIRECTION ( 'NONE',  ( -1.000000000000000000, -0.000000000000000000, -0.000000000000000000 ) ) ;
#371 = EDGE_CURVE ( 'NONE', #1173, #774, #993, .T. ) ;
#372 = CIRCLE ( 'NONE', #172, 1.249999999999995337 ) ;
#373 = AXIS2_PLACEMENT_3D ( 'NONE', #905, #896, #48 ) ;
#374 = CYLINDRICAL_SURFACE ( 'NONE', #549, 7.500000000000000000 ) ;
#375 = EDGE_LOOP ( 'NONE', ( #1132, #1091 ) ) ;
#376 = DIRECTION ( 'NONE',  ( 1.000000000000000000, 0.000000000000000000, 0.000000000000000000 ) ) ;
#377 = CARTESIAN_POINT ( 'NONE',  ( 21.80865704891000689, 57.00000000000000000, 35.24999999999987921 ) ) ;
#378 = ADVANCED_FACE ( 'NONE', ( #715 ), #1059, .F. ) ;
#379 = DIRECTION ( 'NONE',  ( 1.000000000000000000, 3.535545355302839170E-17, 0.000000000000000000 ) ) ;
#380 = EDGE_CURVE ( 'NONE', #81, #518, #1110, .T. ) ;
#381 = CIRCLE ( 'NONE', #1294, 1.250000000000001110 ) ;
#382 = CIRCLE ( 'NONE', #1243, 12.50000000000000355 ) ;
#383 = FACE_BOUND ( 'NONE', #931, .T. ) ;
#384 = ORIENTED_EDGE ( 'NONE', *, *, #1129, .F. ) ;
#385 = CARTESIAN_POINT ( 'NONE',  ( 0.000000000000000000, 65.99999999999998579, 27.24999999999992895 ) ) ;
#386 = CYLINDRICAL_SURFACE ( 'NONE', #721, 1.250000000000004663 ) ;
#387 = DIRECTION ( 'NONE',  ( -0.000000000000000000, -1.000000000000000000, -0.000000000000000000 ) ) ;
#388 = VECTOR ( 'NONE', #1485, 1000.000000000000000 ) ;
#389 = DIRECTION ( 'NONE',  ( 3.502496153628227604E-17, -1.000000000000000000, -5.724289645002006113E-19 ) ) ;
#390 = ORIENTED_EDGE ( 'NONE', *, *, #1040, .T. ) ;
#391 = CARTESIAN_POINT ( 'NONE',  ( 20.55865704891016676, 57.00000000000000000, 21.74999999999985789 ) ) ;
#392 = DIRECTION ( 'NONE',  ( 3.436397750279002006E-17, -1.000000000000000000, -5.724289645002067743E-19 ) ) ;
#393 = CARTESIAN_POINT ( 'NONE',  ( 0.000000000000000000, 30.06497115745556670, 15.06497115745562176 ) ) ;
#394 = ORIENTED_EDGE ( 'NONE', *, *, #594, .F. ) ;
#395 = EDGE_CURVE ( 'NONE', #666, #234, #653, .T. ) ;
#396 = ORIENTED_EDGE ( 'NONE', *, *, #108, .T. ) ;
#397 = PLANE ( 'NONE',  #300 ) ;
#398 = CARTESIAN_POINT ( 'NONE',  ( 0.000000000000000000, 43.50000000000000000, 7.250000000000002665 ) ) ;
#399 = EDGE_CURVE ( 'NONE', #31, #684, #453, .T. ) ;
#400 = FACE_OUTER_BOUND ( 'NONE', #521, .T. ) ;
#401 = EDGE_LOOP ( 'NONE', ( #202, #859 ) ) ;
#402 = ORIENTED_EDGE ( 'NONE', *, *, #687, .F. ) ;
#403 = CARTESIAN_POINT ( 'NONE',  ( 20.55865704891001400, 4.999999999999990230, 35.24999999999987921 ) ) ;
#404 = EDGE_CURVE ( 'NONE', #11, #1033, #649, .T. ) ;
#405 = ORIENTED_EDGE ( 'NONE', *, *, #857, .F. ) ;
#406 =( NAMED_UNIT ( * ) PLANE_ANGLE_UNIT ( ) SI_UNIT ( $, .RADIAN. ) );
#407 = DIRECTION ( 'NONE',  ( 1.217349807703022362E-16, -1.000000000000000000, 0.000000000000000000 ) ) ;
#408 = DIRECTION ( 'NONE',  ( 0.000000000000000000, 0.000000000000000000, 1.000000000000000000 ) ) ;
#409 = ORIENTED_EDGE ( 'NONE', *, *, #1152, .F. ) ;
#410 = DIRECTION ( 'NONE',  ( -1.000000000000000000, -3.535545355302840403E-17, 0.000000000000000000 ) ) ;
#411 = ORIENTED_EDGE ( 'NONE', *, *, #1466, .T. ) ;
#412 = DIRECTION ( 'NONE',  ( -1.000000000000000000, -0.000000000000000000, -0.000000000000000000 ) ) ;
#413 = CARTESIAN_POINT ( 'NONE',  ( 4.999999999999997335, 43.49999999999999289, 28.50000000000000355 ) ) ;
#414 = DIRECTION ( 'NONE',  ( 0.000000000000000000, 0.000000000000000000, -1.000000000000000000 ) ) ;
#415 = APPROVAL ( #117, 'æœª' ) ;
#416 = ORIENTED_EDGE ( 'NONE', *, *, #793, .F. ) ;
#417 = LINE ( 'NONE', #326, #388 ) ;
#418 = EDGE_CURVE ( 'NONE', #69, #1242, #1397, .T. ) ;
#419 = CARTESIAN_POINT ( 'NONE',  ( 0.000000000000000000, 43.50000000000000000, 4.750000000000007994 ) ) ;
#420 = AXIS2_PLACEMENT_3D ( 'NONE', #148, #867, #499 ) ;
#421 = EDGE_LOOP ( 'NONE', ( #73, #723, #238, #1143 ) ) ;
#422 =( NAMED_UNIT ( * ) SI_UNIT ( $, .STERADIAN. ) SOLID_ANGLE_UNIT ( ) );
#423 = CARTESIAN_POINT ( 'NONE',  ( 57.00000000000000000, 43.49999999999999289, 28.50000000000000355 ) ) ;
#424 = VERTEX_POINT ( 'NONE', #530 ) ;
#425 = EDGE_CURVE ( 'NONE', #1328, #234, #1050, .T. ) ;
#426 = ORIENTED_EDGE ( 'NONE', *, *, #451, .F. ) ;
#427 = DIRECTION ( 'NONE',  ( -0.5000000000000008882, -1.668625072627598445E-17, 0.8660254037844380415 ) ) ;
#428 = LINE ( 'NONE', #1272, #504 ) ;
#429 = EDGE_CURVE ( 'NONE', #1255, #1107, #1438, .T. ) ;
#430 = ORIENTED_EDGE ( 'NONE', *, *, #874, .F. ) ;
#431 = PERSON_AND_ORGANIZATION ( #1036, #1231 ) ;
#432 = AXIS2_PLACEMENT_3D ( 'NONE', #1153, #1478, #1136 ) ;
#433 = CYLINDRICAL_SURFACE ( 'NONE', #373, 1.250000000000001110 ) ;
#434 = VERTEX_POINT ( 'NONE', #1463 ) ;
#435 = AXIS2_PLACEMENT_3D ( 'NONE', #1207, #511, #268 ) ;
#436 = DIRECTION ( 'NONE',  ( 4.565061778886336016E-17, -1.000000000000000000, 0.000000000000000000 ) ) ;
#437 = ORIENTED_EDGE ( 'NONE', *, *, #514, .T. ) ;
#438 = CARTESIAN_POINT ( 'NONE',  ( 33.50000000000009948, 4.999999999999990230, 28.50000000000000711 ) ) ;
#439 = CARTESIAN_POINT ( 'NONE',  ( 45.19134295108995047, 1.590032635685485459E-15, 21.75000000000003553 ) ) ;
#440 = VECTOR ( 'NONE', #1204, 1000.000000000000000 ) ;
#441 = ORIENTED_EDGE ( 'NONE', *, *, #1466, .F. ) ;
#442 = DATE_AND_TIME ( #1382, #105 ) ;
#443 = FACE_OUTER_BOUND ( 'NONE', #553, .T. ) ;
#444 = ORIENTED_EDGE ( 'NONE', *, *, #589, .F. ) ;
#445 = CYLINDRICAL_SURFACE ( 'NONE', #1262, 1.250000000000001110 ) ;
#446 = CARTESIAN_POINT ( 'NONE',  ( 57.00000000000000000, 43.50000000000000000, 6.000000000000005329 ) ) ;
#447 = EDGE_CURVE ( 'NONE', #1022, #512, #1002, .T. ) ;
#448 = CARTESIAN_POINT ( 'NONE',  ( 32.25000000000001421, 1.140213377085167264E-15, 15.00000000000000178 ) ) ;
#449 = FACE_BOUND ( 'NONE', #1337, .T. ) ;
#450 = AXIS2_PLACEMENT_3D ( 'NONE', #71, #644, #552 ) ;
#451 = EDGE_CURVE ( 'NONE', #424, #143, #849, .T. ) ;
#452 = ORIENTED_EDGE ( 'NONE', *, *, #188, .F. ) ;
#453 = CIRCLE ( 'NONE', #679, 1.250000000000001110 ) ;
#454 = DIRECTION ( 'NONE',  ( -1.000000000000000000, -0.000000000000000000, -0.000000000000000000 ) ) ;
#455 = APPROVAL_PERSON_ORGANIZATION ( #431, #1464, #1512 ) ;
#456 = DIRECTION ( 'NONE',  ( -1.000000000000000000, -1.165112782372482859E-16, 0.000000000000000000 ) ) ;
#457 = CARTESIAN_POINT ( 'NONE',  ( 10.00000000000000533, 9.999999999999987566, 57.00000000000000000 ) ) ;
#458 = COORDINATED_UNIVERSAL_TIME_OFFSET ( 8, 0, .AHEAD. ) ;
#459 = DIRECTION ( 'NONE',  ( -1.000000000000000000, -0.000000000000000000, -0.000000000000000000 ) ) ;
#460 = ORIENTED_EDGE ( 'NONE', *, *, #610, .T. ) ;
#461 = DIRECTION ( 'NONE',  ( -1.000000000000000000, -0.000000000000000000, -0.000000000000000000 ) ) ;
#462 = AXIS2_PLACEMENT_3D ( 'NONE', #1081, #1096, #1229 ) ;
#463 = DIRECTION ( 'NONE',  ( 0.000000000000000000, 0.000000000000000000, 1.000000000000000000 ) ) ;
#464 = FACE_BOUND ( 'NONE', #1079, .T. ) ;
#465 = ORIENTED_EDGE ( 'NONE', *, *, #41, .T. ) ;
#466 = DIRECTION ( 'NONE',  ( -1.000000000000000000, -0.000000000000000000, -0.000000000000000000 ) ) ;
#467 = VERTEX_POINT ( 'NONE', #754 ) ;
#468 = CIRCLE ( 'NONE', #1323, 12.50000000000000355 ) ;
#469 = DIRECTION ( 'NONE',  ( -0.000000000000000000, -1.000000000000000000, -0.000000000000000000 ) ) ;
#470 = CC_DESIGN_PERSON_AND_ORGANIZATION_ASSIGNMENT ( #1399, #1138, ( #628 ) ) ;
#471 = AXIS2_PLACEMENT_3D ( 'NONE', #871, #1120, #662 ) ;
#472 = ADVANCED_FACE ( 'NONE', ( #153 ), #880, .F. ) ;
#473 = ORIENTED_EDGE ( 'NONE', *, *, #694, .T. ) ;
#474 = ORIENTED_EDGE ( 'NONE', *, *, #1402, .F. ) ;
#475 = CYLINDRICAL_SURFACE ( 'NONE', #524, 1.250000000000004663 ) ;
#476 = ORIENTED_EDGE ( 'NONE', *, *, #910, .F. ) ;
#477 = DIRECTION ( 'NONE',  ( 4.565061778886336016E-17, -1.000000000000000000, 0.000000000000000000 ) ) ;
#478 = AXIS2_PLACEMENT_3D ( 'NONE', #1092, #845, #977 ) ;
#479 = EDGE_CURVE ( 'NONE', #346, #543, #739, .T. ) ;
#480 = VECTOR ( 'NONE', #700, 1000.000000000000000 ) ;
#481 = ORIENTED_EDGE ( 'NONE', *, *, #930, .F. ) ;
#482 = AXIS2_PLACEMENT_3D ( 'NONE', #438, #436, #203 ) ;
#483 = EDGE_LOOP ( 'NONE', ( #1178, #1259, #731, #1227 ) ) ;
#484 = LINE ( 'NONE', #494, #1030 ) ;
#485 = CARTESIAN_POINT ( 'NONE',  ( 33.50000000000000000, 57.00000000000000000, 3.469446951953614189E-15 ) ) ;
#486 = CC_DESIGN_PERSON_AND_ORGANIZATION_ASSIGNMENT ( #1470, #1351, ( #17 ) ) ;
#487 = ORIENTED_EDGE ( 'NONE', *, *, #950, .F. ) ;
#488 = CARTESIAN_POINT ( 'NONE',  ( 45.19134295108987942, 4.999999999999990230, 35.25000000000007105 ) ) ;
#489 = EDGE_CURVE ( 'NONE', #1051, #1106, #806, .T. ) ;
#490 = CARTESIAN_POINT ( 'NONE',  ( 4.999999999999997335, 43.49999999999999289, 16.00000000000000000 ) ) ;
#491 = FACE_BOUND ( 'NONE', #868, .T. ) ;
#492 = EDGE_CURVE ( 'NONE', #1147, #18, #745, .T. ) ;
#493 = ORIENTED_EDGE ( 'NONE', *, *, #1424, .F. ) ;
#494 = CARTESIAN_POINT ( 'NONE',  ( 57.00000000000000000, 30.06497115745556670, 13.81497115745561644 ) ) ;
#495 = DIRECTION ( 'NONE',  ( 1.000000000000000000, 0.000000000000000000, 0.000000000000000000 ) ) ;
#496 = DIRECTION ( 'NONE',  ( 3.535545355302841019E-17, -1.000000000000000000, -0.000000000000000000 ) ) ;
#497 = VECTOR ( 'NONE', #54, 1000.000000000000000 ) ;
#498 = CIRCLE ( 'NONE', #990, 1.249999999999997558 ) ;
#499 = DIRECTION ( 'NONE',  ( 1.000000000000000000, 0.000000000000000000, 0.000000000000000000 ) ) ;
#500 = ORIENTED_EDGE ( 'NONE', *, *, #769, .T. ) ;
#501 = DIRECTION ( 'NONE',  ( 0.000000000000000000, -1.000000000000000000, 0.000000000000000000 ) ) ;
#502 = LINE ( 'NONE', #274, #785 ) ;
#503 = FACE_OUTER_BOUND ( 'NONE', #1401, .T. ) ;
#504 = VECTOR ( 'NONE', #558, 1000.000000000000000 ) ;
#505 = AXIS2_PLACEMENT_3D ( 'NONE', #367, #837, #248 ) ;
#506 = FACE_OUTER_BOUND ( 'NONE', #852, .T. ) ;
#507 = DIRECTION ( 'NONE',  ( -0.000000000000000000, 0.000000000000000000, -1.000000000000000000 ) ) ;
#508 = ORIENTED_EDGE ( 'NONE', *, *, #1425, .T. ) ;
#509 = CARTESIAN_POINT ( 'NONE',  ( 33.50000000000001421, 4.999999999999990230, 15.00000000000000178 ) ) ;
#510 = DIRECTION ( 'NONE',  ( 0.000000000000000000, -1.000000000000000000, 0.000000000000000000 ) ) ;
#511 = DIRECTION ( 'NONE',  ( -1.000000000000000000, -1.165112782372482859E-16, 0.000000000000000000 ) ) ;
#512 = VERTEX_POINT ( 'NONE', #635 ) ;
#513 = CIRCLE ( 'NONE', #1093, 5.000000000000000000 ) ;
#514 = EDGE_CURVE ( 'NONE', #63, #1362, #502, .T. ) ;
#515 = ORIENTED_EDGE ( 'NONE', *, *, #61, .T. ) ;
#516 = ADVANCED_FACE ( 'NONE', ( #973 ), #386, .F. ) ;
#517 = DIRECTION ( 'NONE',  ( 4.565061778886336016E-17, -1.000000000000000000, 0.000000000000000000 ) ) ;
#518 = VERTEX_POINT ( 'NONE', #1330 ) ;
#519 = CARTESIAN_POINT ( 'NONE',  ( 57.00000000000000000, 43.49999999999999289, 16.00000000000000000 ) ) ;
#520 = CARTESIAN_POINT ( 'NONE',  ( 5.000000000000007105, 9.999999999999987566, 0.000000000000000000 ) ) ;
#521 = EDGE_LOOP ( 'NONE', ( #616, #1522, #76, #1350 ) ) ;
#522 = EDGE_CURVE ( 'NONE', #580, #43, #988, .T. ) ;
#523 = CARTESIAN_POINT ( 'NONE',  ( 0.000000000000000000, 65.99999999999998579, 28.49999999999992895 ) ) ;
#524 = AXIS2_PLACEMENT_3D ( 'NONE', #585, #1274, #1057 ) ;
#525 = DIRECTION ( 'NONE',  ( -1.000000000000000000, -0.000000000000000000, -0.000000000000000000 ) ) ;
#526 = AXIS2_PLACEMENT_3D ( 'NONE', #1352, #145, #166 ) ;
#527 = ORIENTED_EDGE ( 'NONE', *, *, #399, .F. ) ;
#528 =( LENGTH_UNIT ( ) NAMED_UNIT ( * ) SI_UNIT ( .MILLI., .METRE. ) );
#529 = LOCAL_TIME ( 12, 56, 20.00000000000000000, #458 ) ;
#530 = CARTESIAN_POINT ( 'NONE',  ( 5.000000000000004441, 30.06497115745556670, 13.81497115745561644 ) ) ;
#531 = DIRECTION ( 'NONE',  ( 1.000000000000000000, 3.535545355302841635E-17, 0.000000000000000000 ) ) ;
#532 = ORIENTED_EDGE ( 'NONE', *, *, #1402, .T. ) ;
#533 = CARTESIAN_POINT ( 'NONE',  ( 62.00000000000000000, 2.192038120287760643E-15, 57.00000000000000000 ) ) ;
#534 = ORIENTED_EDGE ( 'NONE', *, *, #221, .T. ) ;
#535 = LINE ( 'NONE', #281, #1285 ) ;
#536 = DIRECTION ( 'NONE',  ( 4.565061778886336016E-17, -1.000000000000000000, 0.000000000000000000 ) ) ;
#537 = AXIS2_PLACEMENT_3D ( 'NONE', #861, #536, #292 ) ;
#538 = DIRECTION ( 'NONE',  ( -1.000000000000000000, 0.000000000000000000, 0.000000000000000000 ) ) ;
#539 = EDGE_CURVE ( 'NONE', #1001, #1357, #1212, .T. ) ;
#540 = ORIENTED_EDGE ( 'NONE', *, *, #569, .F. ) ;
#541 = PLANE ( 'NONE',  #142 ) ;
#542 = VECTOR ( 'NONE', #1117, 1000.000000000000000 ) ;
#543 = VERTEX_POINT ( 'NONE', #398 ) ;
#544 = EDGE_CURVE ( 'NONE', #169, #1357, #194, .T. ) ;
#545 = FACE_OUTER_BOUND ( 'NONE', #86, .T. ) ;
#546 = ORIENTED_EDGE ( 'NONE', *, *, #611, .T. ) ;
#547 = LINE ( 'NONE', #1378, #542 ) ;
#548 = CYLINDRICAL_SURFACE ( 'NONE', #432, 1.250000000000001110 ) ;
#549 = AXIS2_PLACEMENT_3D ( 'NONE', #157, #742, #36 ) ;
#550 = EDGE_LOOP ( 'NONE', ( #696, #554, #923, #1479 ) ) ;
#551 = CIRCLE ( 'NONE', #579, 1.250000000000001110 ) ;
#552 = DIRECTION ( 'NONE',  ( 0.000000000000000000, -1.000000000000000000, 0.000000000000000000 ) ) ;
#553 = EDGE_LOOP ( 'NONE', ( #1469, #131, #1343, #812 ) ) ;
#554 = ORIENTED_EDGE ( 'NONE', *, *, #168, .T. ) ;
#555 = VECTOR ( 'NONE', #936, 1000.000000000000000 ) ;
#556 = LINE ( 'NONE', #1144, #791 ) ;
#557 = DIRECTION ( 'NONE',  ( -1.000000000000000000, -0.000000000000000000, -0.000000000000000000 ) ) ;
#558 = DIRECTION ( 'NONE',  ( 3.535545355302841019E-17, -1.000000000000000000, -0.000000000000000000 ) ) ;
#559 = ORIENTED_EDGE ( 'NONE', *, *, #425, .F. ) ;
#560 = COORDINATED_UNIVERSAL_TIME_OFFSET ( 8, 0, .AHEAD. ) ;
#561 = CARTESIAN_POINT ( 'NONE',  ( 57.00000000000000000, 56.93502884254441199, 41.93502884254439067 ) ) ;
#562 = ORIENTED_EDGE ( 'NONE', *, *, #61, .F. ) ;
#563 = CARTESIAN_POINT ( 'NONE',  ( 45.19134295108995047, 57.00000000000000000, 21.75000000000003553 ) ) ;
#564 = ORIENTED_EDGE ( 'NONE', *, *, #221, .F. ) ;
#565 = CARTESIAN_POINT ( 'NONE',  ( 33.49999999999998579, 1.184407694026451051E-15, 42.00000000000000000 ) ) ;
#566 = ADVANCED_FACE ( 'NONE', ( #180 ), #302, .F. ) ;
#567 = DIRECTION ( 'NONE',  ( -1.000000000000000000, -3.403348548604379347E-17, 0.000000000000000000 ) ) ;
#568 = VECTOR ( 'NONE', #963, 1000.000000000000000 ) ;
#569 = EDGE_CURVE ( 'NONE', #171, #350, #940, .T. ) ;
#570 = EDGE_LOOP ( 'NONE', ( #487, #328 ) ) ;
#571 = DIRECTION ( 'NONE',  ( 0.000000000000000000, 0.000000000000000000, 1.000000000000000000 ) ) ;
#572 = ORIENTED_EDGE ( 'NONE', *, *, #932, .F. ) ;
#573 = DIRECTION ( 'NONE',  ( 1.000000000000000000, 0.000000000000000000, 0.000000000000000000 ) ) ;
#574 = EDGE_CURVE ( 'NONE', #1022, #1501, #556, .T. ) ;
#575 = CARTESIAN_POINT ( 'NONE',  ( 4.999999999999997335, 43.49999999999999289, 28.50000000000000355 ) ) ;
#576 = CARTESIAN_POINT ( 'NONE',  ( 4.999999999999997335, 56.93502884254441199, 43.18502884254439778 ) ) ;
#577 = CIRCLE ( 'NONE', #229, 1.250000000000004663 ) ;
#578 = CYLINDRICAL_SURFACE ( 'NONE', #149, 1.249999999999997558 ) ;
#579 = AXIS2_PLACEMENT_3D ( 'NONE', #1353, #538, #1006 ) ;
#580 = VERTEX_POINT ( 'NONE', #926 ) ;
#581 = CARTESIAN_POINT ( 'NONE',  ( 0.000000000000000000, 65.99999999999998579, 29.74999999999992539 ) ) ;
#582 = LINE ( 'NONE', #1493, #123 ) ;
#583 = FACE_OUTER_BOUND ( 'NONE', #421, .T. ) ;
#584 = EDGE_LOOP ( 'NONE', ( #348, #595, #953, #1214 ) ) ;
#585 = CARTESIAN_POINT ( 'NONE',  ( 57.00000000000000000, 56.93502884254432672, 15.06497115745553117 ) ) ;
#586 = CC_DESIGN_PERSON_AND_ORGANIZATION_ASSIGNMENT ( #1168, #904, ( #621 ) ) ;
#587 = ORIENTED_EDGE ( 'NONE', *, *, #1392, .T. ) ;
#588 = CIRCLE ( 'NONE', #900, 1.250000000000001110 ) ;
#589 = EDGE_CURVE ( 'NONE', #434, #787, #582, .T. ) ;
#590 = AXIS2_PLACEMENT_3D ( 'NONE', #174, #1199, #510 ) ;
#591 = FACE_OUTER_BOUND ( 'NONE', #1300, .T. ) ;
#592 = ORIENTED_EDGE ( 'NONE', *, *, #1067, .T. ) ;
#593 = CARTESIAN_POINT ( 'NONE',  ( 4.999999999999997335, 43.50000000000000000, 6.000000000000005329 ) ) ;
#594 = EDGE_CURVE ( 'NONE', #11, #467, #1277, .T. ) ;
#595 = ORIENTED_EDGE ( 'NONE', *, *, #404, .F. ) ;
#596 = CARTESIAN_POINT ( 'NONE',  ( 10.00000000000000533, 4.999999999999990230, 57.00000000000000000 ) ) ;
#597 = AXIS2_PLACEMENT_3D ( 'NONE', #51, #525, #995 ) ;
#598 = AXIS2_PLACEMENT_3D ( 'NONE', #777, #1239, #1134 ) ;
#599 = FACE_BOUND ( 'NONE', #646, .T. ) ;
#600 = ORIENTED_EDGE ( 'NONE', *, *, #286, .T. ) ;
#601 = LINE ( 'NONE', #724, #956 ) ;
#602 = CARTESIAN_POINT ( 'NONE',  ( 4.999999999999997335, 43.49999999999999289, 28.50000000000000355 ) ) ;
#603 = VECTOR ( 'NONE', #121, 1000.000000000000000 ) ;
#604 = EDGE_CURVE ( 'NONE', #143, #1155, #941, .T. ) ;
#605 = DIRECTION ( 'NONE',  ( 3.535545355302841019E-17, -1.000000000000000000, -0.000000000000000000 ) ) ;
#606 = AXIS2_PLACEMENT_3D ( 'NONE', #340, #707, #1280 ) ;
#607 = ORIENTED_EDGE ( 'NONE', *, *, #574, .F. ) ;
#608 = DIRECTION ( 'NONE',  ( -1.000000000000000000, 0.000000000000000000, -0.000000000000000000 ) ) ;
#609 = CARTESIAN_POINT ( 'NONE',  ( 57.00000000000000000, 56.93502884254441199, 41.93502884254439067 ) ) ;
#610 = EDGE_CURVE ( 'NONE', #1147, #273, #825, .T. ) ;
#611 = EDGE_CURVE ( 'NONE', #346, #1190, #155, .T. ) ;
#612 = VERTEX_POINT ( 'NONE', #581 ) ;
#613 = CARTESIAN_POINT ( 'NONE',  ( 46.44134295108995047, 57.00000000000000000, 21.75000000000003553 ) ) ;
#614 = CARTESIAN_POINT ( 'NONE',  ( 41.00000000000009948, 4.999999999999990230, 28.50000000000000711 ) ) ;
#615 = LINE ( 'NONE', #27, #631 ) ;
#616 = ORIENTED_EDGE ( 'NONE', *, *, #256, .F. ) ;
#617 = CARTESIAN_POINT ( 'NONE',  ( 5.000000000000004441, 30.06497115745574433, 41.93502884254456831 ) ) ;
#618 = DIRECTION ( 'NONE',  ( 1.000000000000000000, 0.000000000000000000, 0.000000000000000000 ) ) ;
#619 = CARTESIAN_POINT ( 'NONE',  ( 33.50000000000000000, 1.184152060261511874E-15, 0.000000000000000000 ) ) ;
#620 = VECTOR ( 'NONE', #877, 1000.000000000000000 ) ;
#621 = PRODUCT_DEFINITION_FORMATION_WITH_SPECIFIED_SOURCE ( 'ä»', '', #17, .NOT_KNOWN. ) ;
#622 = AXIS2_PLACEMENT_3D ( 'NONE', #691, #938, #1400 ) ;
#623 = FACE_OUTER_BOUND ( 'NONE', #120, .T. ) ;
#624 = ORIENTED_EDGE ( 'NONE', *, *, #136, .T. ) ;
#625 = DIRECTION ( 'NONE',  ( 3.403348548604387975E-17, -1.000000000000000000, -0.000000000000000000 ) ) ;
#626 = ADVANCED_FACE ( 'NONE', ( #907 ), #333, .F. ) ;
#627 = DIRECTION ( 'NONE',  ( 3.502496153628228220E-17, -1.000000000000000000, -5.724289645002007076E-19 ) ) ;
#628 = PRODUCT_DEFINITION ( 'æœ', '', #621, #1148 ) ;
#629 = CARTESIAN_POINT ( 'NONE',  ( 33.50000000000009948, 1.184407694026454995E-15, 28.50000000000000711 ) ) ;
#630 = EDGE_LOOP ( 'NONE', ( #660, #452 ) ) ;
#631 = VECTOR ( 'NONE', #740, 1000.000000000000000 ) ;
#632 = FACE_OUTER_BOUND ( 'NONE', #209, .T. ) ;
#633 = ORIENTED_EDGE ( 'NONE', *, *, #1473, .F. ) ;
#634 = CARTESIAN_POINT ( 'NONE',  ( 0.000000000000000000, 56.93502884254441199, 41.93502884254439067 ) ) ;
#635 = CARTESIAN_POINT ( 'NONE',  ( 5.000000000000003553, 43.49999999999999289, 0.000000000000000000 ) ) ;
#636 = EDGE_CURVE ( 'NONE', #1362, #295, #683, .T. ) ;
#637 = CARTESIAN_POINT ( 'NONE',  ( 5.000000000000004441, 30.06497115745574433, 40.68502884254456120 ) ) ;
#638 = AXIS2_PLACEMENT_3D ( 'NONE', #509, #954, #738 ) ;
#639 = ORIENTED_EDGE ( 'NONE', *, *, #41, .F. ) ;
#640 = CARTESIAN_POINT ( 'NONE',  ( 57.00000000000000000, 43.49999999999998579, 49.75000000000000000 ) ) ;
#641 = ORIENTED_EDGE ( 'NONE', *, *, #1380, .F. ) ;
#642 = FACE_OUTER_BOUND ( 'NONE', #315, .T. ) ;
#643 = DIRECTION ( 'NONE',  ( 3.436397750279002006E-17, -1.000000000000000000, -5.724289645002068706E-19 ) ) ;
#644 = DIRECTION ( 'NONE',  ( -1.000000000000000000, -1.165112782372482859E-16, 0.000000000000000000 ) ) ;
#645 = ORIENTED_EDGE ( 'NONE', *, *, #129, .T. ) ;
#646 = EDGE_LOOP ( 'NONE', ( #717, #98 ) ) ;
#647 = DIRECTION ( 'NONE',  ( 1.000000000000000000, 3.535545355302839170E-17, 0.000000000000000000 ) ) ;
#648 = CIRCLE ( 'NONE', #918, 1.250000000000001110 ) ;
#649 = CIRCLE ( 'NONE', #590, 1.250000000000007994 ) ;
#650 = ADVANCED_FACE ( 'NONE', ( #1395 ), #1142, .F. ) ;
#651 = ORIENTED_EDGE ( 'NONE', *, *, #1496, .F. ) ;
#652 = CC_DESIGN_SECURITY_CLASSIFICATION ( #776, ( #621 ) ) ;
#653 = LINE ( 'NONE', #65, #250 ) ;
#654 = CARTESIAN_POINT ( 'NONE',  ( 57.00000000000000000, 43.49999999999999289, 0.000000000000000000 ) ) ;
#655 = EDGE_LOOP ( 'NONE', ( #798, #80, #481, #607 ) ) ;
#656 = LINE ( 'NONE', #82, #347 ) ;
#657 = DIRECTION ( 'NONE',  ( -1.000000000000000000, 0.000000000000000000, 0.000000000000000000 ) ) ;
#658 = ADVANCED_FACE ( 'NONE', ( #212 ), #1251, .F. ) ;
#659 = AXIS2_PLACEMENT_3D ( 'NONE', #1126, #893, #187 ) ;
#660 = ORIENTED_EDGE ( 'NONE', *, *, #969, .F. ) ;
#661 = DIRECTION ( 'NONE',  ( 0.000000000000000000, 0.000000000000000000, 1.000000000000000000 ) ) ;
#662 = DIRECTION ( 'NONE',  ( 0.000000000000000000, 0.000000000000000000, 1.000000000000000000 ) ) ;
#663 = EDGE_CURVE ( 'NONE', #1033, #11, #134, .T. ) ;
#664 = AXIS2_PLACEMENT_3D ( 'NONE', #413, #767, #407 ) ;
#665 = LINE ( 'NONE', #989, #1135 ) ;
#666 = VERTEX_POINT ( 'NONE', #224 ) ;
#667 = CARTESIAN_POINT ( 'NONE',  ( 46.44134295108995047, 1.633813837605838624E-15, 21.75000000000003553 ) ) ;
#668 = VECTOR ( 'NONE', #1415, 1000.000000000000000 ) ;
#669 = ORIENTED_EDGE ( 'NONE', *, *, #994, .T. ) ;
#670 = DIRECTION ( 'NONE',  ( 4.565061778886336016E-17, -1.000000000000000000, 0.000000000000000000 ) ) ;
#671 = CYLINDRICAL_SURFACE ( 'NONE', #331, 1.250000000000001110 ) ;
#672 = ORIENTED_EDGE ( 'NONE', *, *, #492, .F. ) ;
#673 = VERTEX_POINT ( 'NONE', #1489 ) ;
#674 = DIRECTION ( 'NONE',  ( -1.000000000000000000, 0.000000000000000000, 0.000000000000000000 ) ) ;
#675 = DIRECTION ( 'NONE',  ( 1.387778780781445182E-16, -1.000000000000000000, 0.000000000000000000 ) ) ;
#676 = VECTOR ( 'NONE', #29, 1000.000000000000000 ) ;
#677 = EDGE_LOOP ( 'NONE', ( #639, #138, #1381, #473, #1491 ) ) ;
#678 = COORDINATED_UNIVERSAL_TIME_OFFSET ( 8, 0, .AHEAD. ) ;
#679 = AXIS2_PLACEMENT_3D ( 'NONE', #1221, #267, #1104 ) ;
#680 = PLANE ( 'NONE',  #354 ) ;
#681 = EDGE_CURVE ( 'NONE', #252, #787, #1019, .T. ) ;
#682 = ORIENTED_EDGE ( 'NONE', *, *, #170, .F. ) ;
#683 = LINE ( 'NONE', #816, #277 ) ;
#684 = VERTEX_POINT ( 'NONE', #1359 ) ;
#685 = AXIS2_PLACEMENT_3D ( 'NONE', #90, #693, #573 ) ;
#686 = FACE_OUTER_BOUND ( 'NONE', #655, .T. ) ;
#687 = EDGE_CURVE ( 'NONE', #518, #758, #366, .T. ) ;
#688 = CARTESIAN_POINT ( 'NONE',  ( 33.49999999999998579, 1.184407694026451051E-15, 42.00000000000000000 ) ) ;
#689 = ORIENTED_EDGE ( 'NONE', *, *, #371, .F. ) ;
#690 = CALENDAR_DATE ( 2026, 25, 4 ) ;
#691 = CARTESIAN_POINT ( 'NONE',  ( 21.80865704891001045, 7.787827523674162490E-16, 35.24999999999987921 ) ) ;
#692 = ORIENTED_EDGE ( 'NONE', *, *, #793, .T. ) ;
#693 = DIRECTION ( 'NONE',  ( 3.535545355302841019E-17, -1.000000000000000000, -0.000000000000000000 ) ) ;
#694 = EDGE_CURVE ( 'NONE', #1026, #94, #1139, .T. ) ;
#695 = DIRECTION ( 'NONE',  ( -1.000000000000000000, -0.000000000000000000, -0.000000000000000000 ) ) ;
#696 = ORIENTED_EDGE ( 'NONE', *, *, #1326, .F. ) ;
#697 = PERSON_AND_ORGANIZATION_ROLE ( 'classification_officer' ) ;
#698 = DIRECTION ( 'NONE',  ( 3.436397750279002006E-17, -1.000000000000000000, -5.724289645002067743E-19 ) ) ;
#699 = VERTEX_POINT ( 'NONE', #1370 ) ;
#700 = DIRECTION ( 'NONE',  ( -1.000000000000000000, -0.000000000000000000, -0.000000000000000000 ) ) ;
#701 = CARTESIAN_POINT ( 'NONE',  ( 5.000000000000000000, 71.99999999999998579, 0.000000000000000000 ) ) ;
#702 = DIRECTION ( 'NONE',  ( 1.000000000000000000, 0.000000000000000000, 0.000000000000000000 ) ) ;
#703 = EDGE_CURVE ( 'NONE', #118, #666, #949, .T. ) ;
#704 = CC_DESIGN_APPROVAL ( #1235, ( #628 ) ) ;
#705 = CARTESIAN_POINT ( 'NONE',  ( 0.000000000000000000, 30.06497115745574433, 43.18502884254457541 ) ) ;
#706 = ORIENTED_EDGE ( 'NONE', *, *, #522, .F. ) ;
#707 = DIRECTION ( 'NONE',  ( -1.000000000000000000, -1.165112782372482859E-16, 0.000000000000000000 ) ) ;
#708 = EDGE_CURVE ( 'NONE', #280, #699, #870, .T. ) ;
#709 = CARTESIAN_POINT ( 'NONE',  ( 4.999999999999997335, 43.49999999999999289, 41.00000000000000711 ) ) ;
#710 = PERSON_AND_ORGANIZATION ( #1036, #1231 ) ;
#711 = ORIENTED_EDGE ( 'NONE', *, *, #1442, .F. ) ;
#712 = CYLINDRICAL_SURFACE ( 'NONE', #1016, 1.249999999999997558 ) ;
#713 = ORIENTED_EDGE ( 'NONE', *, *, #703, .F. ) ;
#714 = AXIS2_PLACEMENT_3D ( 'NONE', #927, #1024, #1486 ) ;
#715 = FACE_OUTER_BOUND ( 'NONE', #483, .T. ) ;
#716 = CIRCLE ( 'NONE', #40, 28.50000000000000355 ) ;
#717 = ORIENTED_EDGE ( 'NONE', *, *, #215, .F. ) ;
#718 = EDGE_LOOP ( 'NONE', ( #1411, #1377, #815, #125 ) ) ;
#719 = DIRECTION ( 'NONE',  ( 1.000000000000000000, 0.000000000000000000, 0.000000000000000000 ) ) ;
#720 = CARTESIAN_POINT ( 'NONE',  ( 33.50000000000001421, 4.999999999999990230, 15.00000000000000178 ) ) ;
#721 = AXIS2_PLACEMENT_3D ( 'NONE', #47, #854, #1324 ) ;
#722 = CARTESIAN_POINT ( 'NONE',  ( 26.00000000000009948, 9.192417923787416232E-16, 28.50000000000000711 ) ) ;
#723 = ORIENTED_EDGE ( 'NONE', *, *, #489, .F. ) ;
#724 = CARTESIAN_POINT ( 'NONE',  ( 41.00000000000009948, 57.00000000000000000, 28.50000000000000711 ) ) ;
#725 = DIRECTION ( 'NONE',  ( 0.000000000000000000, -1.000000000000000000, 0.000000000000000000 ) ) ;
#726 = AXIS2_PLACEMENT_3D ( 'NONE', #1266, #466, #929 ) ;
#727 = EDGE_CURVE ( 'NONE', #1365, #1022, #1510, .T. ) ;
#728 = LINE ( 'NONE', #1312, #114 ) ;
#729 = CIRCLE ( 'NONE', #800, 1.250000000000001110 ) ;
#730 = ADVANCED_FACE ( 'NONE', ( #583 ), #548, .F. ) ;
#731 = ORIENTED_EDGE ( 'NONE', *, *, #395, .T. ) ;
#732 = DIRECTION ( 'NONE',  ( 0.000000000000000000, 1.000000000000000000, -2.775557561562888984E-15 ) ) ;
#733 = CARTESIAN_POINT ( 'NONE',  ( 46.44134295108988653, 1.632987607563971859E-15, 35.25000000000007105 ) ) ;
#734 = LINE ( 'NONE', #1304, #782 ) ;
#735 = AXIS2_PLACEMENT_3D ( 'NONE', #1339, #1005, #39 ) ;
#736 = CARTESIAN_POINT ( 'NONE',  ( 41.00000000000009948, 1.449573595674167973E-15, 28.50000000000000711 ) ) ;
#737 = ORIENTED_EDGE ( 'NONE', *, *, #1195, .F. ) ;
#738 = DIRECTION ( 'NONE',  ( 1.000000000000000000, 0.000000000000000000, 0.000000000000000000 ) ) ;
#739 = LINE ( 'NONE', #1344, #342 ) ;
#740 = DIRECTION ( 'NONE',  ( 3.436397750279002006E-17, -1.000000000000000000, -5.724289645002068706E-19 ) ) ;
#741 = VECTOR ( 'NONE', #1348, 1000.000000000000000 ) ;
#742 = DIRECTION ( 'NONE',  ( 3.535545355302841019E-17, -1.000000000000000000, -0.000000000000000000 ) ) ;
#743 = ORIENTED_EDGE ( 'NONE', *, *, #52, .T. ) ;
#744 = CARTESIAN_POINT ( 'NONE',  ( 5.000000000000004441, 30.06497115745574433, 43.18502884254457541 ) ) ;
#745 = LINE ( 'NONE', #886, #184 ) ;
#746 = EDGE_CURVE ( 'NONE', #934, #684, #428, .T. ) ;
#747 = CARTESIAN_POINT ( 'NONE',  ( 57.00000000000000000, 65.99999999999998579, 29.74999999999992539 ) ) ;
#748 = AXIS2_PLACEMENT_3D ( 'NONE', #1320, #264, #1101 ) ;
#749 = AXIS2_PLACEMENT_3D ( 'NONE', #593, #111, #1028 ) ;
#750 = CARTESIAN_POINT ( 'NONE',  ( 62.00000000000000000, 4.999999999999992006, 28.50000000000000000 ) ) ;
#751 = EDGE_CURVE ( 'NONE', #1029, #826, #588, .T. ) ;
#752 = ORIENTED_EDGE ( 'NONE', *, *, #246, .F. ) ;
#753 = AXIS2_PLACEMENT_3D ( 'NONE', #808, #924, #314 ) ;
#754 = CARTESIAN_POINT ( 'NONE',  ( 0.000000000000000000, 56.93502884254441199, 43.18502884254439778 ) ) ;
#755 = CYLINDRICAL_SURFACE ( 'NONE', #902, 1.250000000000001110 ) ;
#756 = ORIENTED_EDGE ( 'NONE', *, *, #1496, .T. ) ;
#757 = CARTESIAN_POINT ( 'NONE',  ( 62.00000000000000000, 2.191782486522821663E-15, 28.50000000000000000 ) ) ;
#758 = VERTEX_POINT ( 'NONE', #1160 ) ;
#759 = CARTESIAN_POINT ( 'NONE',  ( 0.000000000000000000, 10.99999999999999822, 57.00000000000000000 ) ) ;
#760 = DIRECTION ( 'NONE',  ( 3.502496153628228220E-17, -1.000000000000000000, -5.724289645002007076E-19 ) ) ;
#761 = CARTESIAN_POINT ( 'NONE',  ( 33.49999999999998579, 4.999999999999990230, 42.00000000000000000 ) ) ;
#762 = CIRCLE ( 'NONE', #1038, 1.250000000000007994 ) ;
#763 = ORIENTED_EDGE ( 'NONE', *, *, #833, .F. ) ;
#764 = ADVANCED_FACE ( 'NONE', ( #93 ), #1017, .F. ) ;
#765 = ORIENTED_EDGE ( 'NONE', *, *, #256, .T. ) ;
#766 = DIRECTION ( 'NONE',  ( 0.000000000000000000, 0.000000000000000000, -1.000000000000000000 ) ) ;
#767 = DIRECTION ( 'NONE',  ( -1.000000000000000000, -1.165112782372482859E-16, 0.000000000000000000 ) ) ;
#768 = CARTESIAN_POINT ( 'NONE',  ( 20.55865704891017032, 7.350015504470690000E-16, 21.74999999999985789 ) ) ;
#769 = EDGE_CURVE ( 'NONE', #1514, #1279, #1315, .T. ) ;
#770 = VERTEX_POINT ( 'NONE', #899 ) ;
#771 = FACE_BOUND ( 'NONE', #630, .T. ) ;
#772 =( GEOMETRIC_REPRESENTATION_CONTEXT ( 3 ) GLOBAL_UNCERTAINTY_ASSIGNED_CONTEXT ( ( #1441 ) ) GLOBAL_UNIT_ASSIGNED_CONTEXT ( ( #528, #406, #422 ) ) REPRESENTATION_CONTEXT ( 'NONE', 'WORKASPACE' ) );
#773 = CIRCLE ( 'NONE', #967, 1.250000000000004663 ) ;
#774 = VERTEX_POINT ( 'NONE', #99 ) ;
#775 = APPLICATION_PROTOCOL_DEFINITION ( 'international standard', 'config_control_design', 1994, #1052 ) ;
#776 = SECURITY_CLASSIFICATION ( '', '', #1156 ) ;
#777 = CARTESIAN_POINT ( 'NONE',  ( 33.50000000000001421, 57.00000000000000000, 15.00000000000000178 ) ) ;
#778 = CARTESIAN_POINT ( 'NONE',  ( 4.999999999999997335, 56.93502884254432672, 15.06497115745553117 ) ) ;
#779 = ORIENTED_EDGE ( 'NONE', *, *, #881, .F. ) ;
#780 = CARTESIAN_POINT ( 'NONE',  ( 33.50000000000000000, 1.184152060261511874E-15, 28.50000000000000000 ) ) ;
#781 = AXIS2_PLACEMENT_3D ( 'NONE', #446, #695, #1254 ) ;
#782 = VECTOR ( 'NONE', #387, 1000.000000000000000 ) ;
#783 = ORIENTED_EDGE ( 'NONE', *, *, #681, .F. ) ;
#784 = DIRECTION ( 'NONE',  ( -1.000000000000000000, 0.000000000000000000, 0.000000000000000000 ) ) ;
#785 = VECTOR ( 'NONE', #1447, 1000.000000000000000 ) ;
#786 = DIRECTION ( 'NONE',  ( 3.535545355302841019E-17, -1.000000000000000000, -0.000000000000000000 ) ) ;
#787 = VERTEX_POINT ( 'NONE', #197 ) ;
#788 = DIRECTION ( 'NONE',  ( 0.000000000000000000, -0.000000000000000000, 1.000000000000000000 ) ) ;
#789 = AXIS2_PLACEMENT_3D ( 'NONE', #186, #557, #1023 ) ;
#790 = ORIENTED_EDGE ( 'NONE', *, *, #636, .F. ) ;
#791 = VECTOR ( 'NONE', #454, 1000.000000000000000 ) ;
#792 = DIRECTION ( 'NONE',  ( 1.000000000000000000, 0.000000000000000000, 0.000000000000000000 ) ) ;
#793 = EDGE_CURVE ( 'NONE', #6, #1001, #1366, .T. ) ;
#794 = ORIENTED_EDGE ( 'NONE', *, *, #193, .F. ) ;
#795 = ORIENTED_EDGE ( 'NONE', *, *, #1189, .F. ) ;
#796 = CARTESIAN_POINT ( 'NONE',  ( 45.19134295108987942, 1.590032635685483881E-15, 35.25000000000007105 ) ) ;
#797 = CARTESIAN_POINT ( 'NONE',  ( 4.999999999999997335, 65.99999999999998579, 29.74999999999992539 ) ) ;
#798 = ORIENTED_EDGE ( 'NONE', *, *, #447, .T. ) ;
#799 = ADVANCED_FACE ( 'NONE', ( #911 ), #810, .F. ) ;
#800 = AXIS2_PLACEMENT_3D ( 'NONE', #824, #964, #1145 ) ;
#801 = FACE_BOUND ( 'NONE', #1127, .T. ) ;
#802 = VERTEX_POINT ( 'NONE', #667 ) ;
#803 = DIRECTION ( 'NONE',  ( 3.535545355302841635E-17, -1.000000000000000000, -3.081487911019576681E-33 ) ) ;
#804 = FACE_BOUND ( 'NONE', #401, .T. ) ;
#805 = DIRECTION ( 'NONE',  ( -1.000000000000000000, -1.165112782372482859E-16, 0.000000000000000000 ) ) ;
#806 = CIRCLE ( 'NONE', #462, 1.250000000000001110 ) ;
#807 = VERTEX_POINT ( 'NONE', #419 ) ;
#808 = CARTESIAN_POINT ( 'NONE',  ( 4.999999999999997335, 43.50000000000000000, 6.000000000000005329 ) ) ;
#809 = PRODUCT_RELATED_PRODUCT_CATEGORY ( 'detail', '', ( #17 ) ) ;
#810 = CYLINDRICAL_SURFACE ( 'NONE', #1241, 1.250000000000004663 ) ;
#811 = EDGE_CURVE ( 'NONE', #673, #512, #1388, .T. ) ;
#812 = ORIENTED_EDGE ( 'NONE', *, *, #994, .F. ) ;
#813 = CALENDAR_DATE ( 2026, 25, 4 ) ;
#814 = DIRECTION ( 'NONE',  ( 0.000000000000000000, 0.000000000000000000, 1.000000000000000000 ) ) ;
#815 = ORIENTED_EDGE ( 'NONE', *, *, #1409, .T. ) ;
#816 = CARTESIAN_POINT ( 'NONE',  ( 10.00000000000000533, 4.999999999999990230, 57.00000000000000000 ) ) ;
#817 = ADVANCED_FACE ( 'NONE', ( #917 ), #306, .F. ) ;
#818 = ORIENTED_EDGE ( 'NONE', *, *, #522, .T. ) ;
#819 = APPROVAL_PERSON_ORGANIZATION ( #321, #415, #199 ) ;
#820 = ORIENTED_EDGE ( 'NONE', *, *, #514, .F. ) ;
#821 = FACE_OUTER_BOUND ( 'NONE', #226, .T. ) ;
#822 = AXIS2_PLACEMENT_3D ( 'NONE', #119, #338, #1164 ) ;
#823 = ORIENTED_EDGE ( 'NONE', *, *, #1475, .F. ) ;
#824 = CARTESIAN_POINT ( 'NONE',  ( 33.50000000000001421, 1.184407694026452234E-15, 15.00000000000000178 ) ) ;
#825 = CIRCLE ( 'NONE', #482, 7.500000000000000000 ) ;
#826 = VERTEX_POINT ( 'NONE', #797 ) ;
#827 = ORIENTED_EDGE ( 'NONE', *, *, #746, .F. ) ;
#828 = FACE_BOUND ( 'NONE', #1099, .T. ) ;
#829 = ORIENTED_EDGE ( 'NONE', *, *, #1060, .T. ) ;
#830 = DIRECTION ( 'NONE',  ( 4.565061778886336016E-17, -1.000000000000000000, 0.000000000000000000 ) ) ;
#831 = CIRCLE ( 'NONE', #976, 1.250000000000007994 ) ;
#832 = FACE_OUTER_BOUND ( 'NONE', #344, .T. ) ;
#833 = EDGE_CURVE ( 'NONE', #1177, #802, #1166, .T. ) ;
#834 = VERTEX_POINT ( 'NONE', #207 ) ;
#835 = CARTESIAN_POINT ( 'NONE',  ( 43.94134295108995047, 57.00000000000000000, 21.75000000000003553 ) ) ;
#836 = EDGE_CURVE ( 'NONE', #1246, #1291, #381, .T. ) ;
#837 = DIRECTION ( 'NONE',  ( 3.436397750279000157E-17, -1.000000000000000000, 5.724289645002129373E-19 ) ) ;
#838 = ORIENTED_EDGE ( 'NONE', *, *, #1311, .F. ) ;
#839 = CARTESIAN_POINT ( 'NONE',  ( 0.000000000000000000, 43.49999999999998579, 49.75000000000000000 ) ) ;
#840 = ADVANCED_FACE ( 'NONE', ( #1032 ), #1505, .T. ) ;
#841 = CARTESIAN_POINT ( 'NONE',  ( 0.000000000000000000, 10.99999999999999822, 57.00000000000000000 ) ) ;
#842 = CIRCLE ( 'NONE', #1182, 1.249999999999997558 ) ;
#843 = LINE ( 'NONE', #141, #1296 ) ;
#844 = APPLICATION_CONTEXT ( 'configuration controlled 3d designs of mechanical parts and assemblies' ) ;
#845 = DIRECTION ( 'NONE',  ( 3.502496153628228220E-17, -1.000000000000000000, -5.724289645002007076E-19 ) ) ;
#846 = ORIENTED_EDGE ( 'NONE', *, *, #1336, .T. ) ;
#847 = CARTESIAN_POINT ( 'NONE',  ( 0.000000000000000000, 65.99999999999998579, 28.49999999999992895 ) ) ;
#848 = CARTESIAN_POINT ( 'NONE',  ( 0.000000000000000000, 43.49999999999999289, 28.50000000000000355 ) ) ;
#849 = CIRCLE ( 'NONE', #735, 1.250000000000004663 ) ;
#850 = EDGE_CURVE ( 'NONE', #666, #118, #1046, .T. ) ;
#851 = FACE_OUTER_BOUND ( 'NONE', #178, .T. ) ;
#852 = EDGE_LOOP ( 'NONE', ( #641, #323, #818, #285 ) ) ;
#853 = CARTESIAN_POINT ( 'NONE',  ( 10.00000000000000533, 4.999999999999990230, 0.000000000000000000 ) ) ;
#854 = DIRECTION ( 'NONE',  ( -1.000000000000000000, -0.000000000000000000, -0.000000000000000000 ) ) ;
#855 = DIRECTION ( 'NONE',  ( 1.000000000000000000, 0.000000000000000000, 0.000000000000000000 ) ) ;
#856 = AXIS2_PLACEMENT_3D ( 'NONE', #288, #1226, #647 ) ;
#857 = EDGE_CURVE ( 'NONE', #699, #252, #728, .T. ) ;
#858 = CARTESIAN_POINT ( 'NONE',  ( 33.50000000000009948, 4.999999999999990230, 28.50000000000000711 ) ) ;
#859 = ORIENTED_EDGE ( 'NONE', *, *, #1175, .F. ) ;
#860 = DIRECTION ( 'NONE',  ( 1.000000000000000000, 0.000000000000000000, 0.000000000000000000 ) ) ;
#861 = CARTESIAN_POINT ( 'NONE',  ( 45.19134295108987942, 4.999999999999990230, 35.25000000000007105 ) ) ;
#862 = DIRECTION ( 'NONE',  ( 0.000000000000000000, 0.000000000000000000, -1.000000000000000000 ) ) ;
#863 = ORIENTED_EDGE ( 'NONE', *, *, #395, .F. ) ;
#864 = AXIS2_PLACEMENT_3D ( 'NONE', #1273, #702, #231 ) ;
#865 = ORIENTED_EDGE ( 'NONE', *, *, #811, .F. ) ;
#866 = VECTOR ( 'NONE', #254, 1000.000000000000000 ) ;
#867 = DIRECTION ( 'NONE',  ( 3.535545355302841019E-17, -1.000000000000000000, -0.000000000000000000 ) ) ;
#868 = EDGE_LOOP ( 'NONE', ( #396, #460 ) ) ;
#869 = CARTESIAN_POINT ( 'NONE',  ( 45.19134295108995047, 1.590032635685485459E-15, 21.75000000000003553 ) ) ;
#870 = CIRCLE ( 'NONE', #208, 11.00000000000000000 ) ;
#871 = CARTESIAN_POINT ( 'NONE',  ( 0.000000000000000000, 43.49999999999999289, 28.50000000000000355 ) ) ;
#872 = CC_DESIGN_DATE_AND_TIME_ASSIGNMENT ( #1054, #913, ( #628 ) ) ;
#873 = CARTESIAN_POINT ( 'NONE',  ( 33.50000000000000000, 1.184152060261511874E-15, 28.50000000000000000 ) ) ;
#874 = EDGE_CURVE ( 'NONE', #252, #1026, #154, .T. ) ;
#875 = ORIENTED_EDGE ( 'NONE', *, *, #1122, .F. ) ;
#876 = FACE_BOUND ( 'NONE', #1007, .T. ) ;
#877 = DIRECTION ( 'NONE',  ( -1.000000000000000000, -0.000000000000000000, -0.000000000000000000 ) ) ;
#878 = ORIENTED_EDGE ( 'NONE', *, *, #636, .T. ) ;
#879 = EDGE_CURVE ( 'NONE', #1242, #1069, #42, .T. ) ;
#880 = CYLINDRICAL_SURFACE ( 'NONE', #67, 1.249999999999997558 ) ;
#881 = EDGE_CURVE ( 'NONE', #774, #1173, #1048, .T. ) ;
#882 = DIRECTION ( 'NONE',  ( 0.000000000000000000, 0.000000000000000000, -1.000000000000000000 ) ) ;
#883 = EDGE_LOOP ( 'NONE', ( #915, #1094, #465, #402, #508, #1482, #68, #1295 ) ) ;
#884 = DIRECTION ( 'NONE',  ( 0.000000000000000000, -1.000000000000000000, 1.110223024625152438E-14 ) ) ;
#885 = ORIENTED_EDGE ( 'NONE', *, *, #355, .T. ) ;
#886 = CARTESIAN_POINT ( 'NONE',  ( 26.00000000000009948, 57.00000000000000000, 28.50000000000000711 ) ) ;
#887 = DIRECTION ( 'NONE',  ( -1.000000000000000000, 0.000000000000000000, 0.000000000000000000 ) ) ;
#888 = ORIENTED_EDGE ( 'NONE', *, *, #1067, .F. ) ;
#889 = AXIS2_PLACEMENT_3D ( 'NONE', #457, #928, #1398 ) ;
#890 = CARTESIAN_POINT ( 'NONE',  ( 0.000000000000000000, 43.49999999999999289, 41.00000000000000711 ) ) ;
#891 = APPROVAL_PERSON_ORGANIZATION ( #1238, #1235, #101 ) ;
#892 = AXIS2_PLACEMENT_3D ( 'NONE', #1364, #887, #284 ) ;
#893 = DIRECTION ( 'NONE',  ( -1.000000000000000000, -0.000000000000000000, -0.000000000000000000 ) ) ;
#894 = ORIENTED_EDGE ( 'NONE', *, *, #1504, .T. ) ;
#895 = DIRECTION ( 'NONE',  ( 3.502496153628226988E-17, -1.000000000000000000, 5.724289645002067743E-19 ) ) ;
#896 = DIRECTION ( 'NONE',  ( 3.436397750279000774E-17, -1.000000000000000000, 5.724289645002129373E-19 ) ) ;
#897 = ORIENTED_EDGE ( 'NONE', *, *, #604, .F. ) ;
#898 = CARTESIAN_POINT ( 'NONE',  ( 4.999999999999997335, 56.93502884254432672, 13.81497115745552584 ) ) ;
#899 = CARTESIAN_POINT ( 'NONE',  ( 32.25000000000001421, 4.999999999999990230, 15.00000000000000178 ) ) ;
#900 = AXIS2_PLACEMENT_3D ( 'NONE', #214, #327, #84 ) ;
#901 = EDGE_CURVE ( 'NONE', #124, #18, #1437, .T. ) ;
#902 = AXIS2_PLACEMENT_3D ( 'NONE', #1439, #370, #1419 ) ;
#903 = ORIENTED_EDGE ( 'NONE', *, *, #380, .F. ) ;
#904 = PERSON_AND_ORGANIZATION_ROLE ( 'design_supplier' ) ;
#905 = CARTESIAN_POINT ( 'NONE',  ( 45.19134295108987942, 57.00000000000000000, 35.25000000000007105 ) ) ;
#906 = EDGE_LOOP ( 'NONE', ( #942, #104, #1233, #278 ) ) ;
#907 = FACE_OUTER_BOUND ( 'NONE', #1434, .T. ) ;
#908 = AXIS2_PLACEMENT_3D ( 'NONE', #266, #625, #719 ) ;
#909 = ORIENTED_EDGE ( 'NONE', *, *, #215, .T. ) ;
#910 = EDGE_CURVE ( 'NONE', #1357, #169, #382, .T. ) ;
#911 = FACE_OUTER_BOUND ( 'NONE', #718, .T. ) ;
#912 = ORIENTED_EDGE ( 'NONE', *, *, #317, .F. ) ;
#913 = DATE_TIME_ROLE ( 'creation_date' ) ;
#914 = CYLINDRICAL_SURFACE ( 'NONE', #726, 1.250000000000007994 ) ;
#915 = ORIENTED_EDGE ( 'NONE', *, *, #932, .T. ) ;
#916 = CARTESIAN_POINT ( 'NONE',  ( 45.19134295108987942, 57.00000000000000000, 35.25000000000007105 ) ) ;
#917 = FACE_OUTER_BOUND ( 'NONE', #290, .T. ) ;
#918 = AXIS2_PLACEMENT_3D ( 'NONE', #778, #1230, #1340 ) ;
#919 = FACE_OUTER_BOUND ( 'NONE', #1417, .T. ) ;
#920 = PERSON_AND_ORGANIZATION ( #1036, #1231 ) ;
#921 = CIRCLE ( 'NONE', #204, 1.250000000000001110 ) ;
#922 = DIRECTION ( 'NONE',  ( 4.565061778886336016E-17, -1.000000000000000000, 0.000000000000000000 ) ) ;
#923 = ORIENTED_EDGE ( 'NONE', *, *, #170, .T. ) ;
#924 = DIRECTION ( 'NONE',  ( -1.000000000000000000, -1.165112782372482859E-16, 0.000000000000000000 ) ) ;
#925 = ADVANCED_FACE ( 'NONE', ( #1089 ), #1517, .F. ) ;
#926 = CARTESIAN_POINT ( 'NONE',  ( 23.05865704891016321, 4.999999999999990230, 21.74999999999985789 ) ) ;
#927 = CARTESIAN_POINT ( 'NONE',  ( 0.000000000000000000, 43.49999999999998579, 51.00000000000000711 ) ) ;
#928 = DIRECTION ( 'NONE',  ( 0.000000000000000000, 0.000000000000000000, 1.000000000000000000 ) ) ;
#929 = DIRECTION ( 'NONE',  ( 0.000000000000000000, 0.000000000000000000, 1.000000000000000000 ) ) ;
#930 = EDGE_CURVE ( 'NONE', #1501, #434, #716, .T. ) ;
#931 = EDGE_LOOP ( 'NONE', ( #944, #211 ) ) ;
#932 = EDGE_CURVE ( 'NONE', #1501, #280, #734, .T. ) ;
#933 = DIRECTION ( 'NONE',  ( -1.000000000000000000, 0.000000000000000000, 0.000000000000000000 ) ) ;
#934 = VERTEX_POINT ( 'NONE', #1077 ) ;
#935 = PERSON_AND_ORGANIZATION_ROLE ( 'creator' ) ;
#936 = DIRECTION ( 'NONE',  ( 3.535545355302841019E-17, -1.000000000000000000, -0.000000000000000000 ) ) ;
#937 = ORIENTED_EDGE ( 'NONE', *, *, #1293, .F. ) ;
#938 = DIRECTION ( 'NONE',  ( 3.436397750279002006E-17, -1.000000000000000000, -5.724289645002067743E-19 ) ) ;
#939 = EDGE_LOOP ( 'NONE', ( #1282, #527 ) ) ;
#940 = CIRCLE ( 'NONE', #1448, 1.250000000000001110 ) ;
#941 = LINE ( 'NONE', #1159, #1265 ) ;
#942 = ORIENTED_EDGE ( 'NONE', *, *, #1356, .F. ) ;
#943 = CIRCLE ( 'NONE', #270, 7.500000000000000000 ) ;
#944 = ORIENTED_EDGE ( 'NONE', *, *, #850, .T. ) ;
#945 = FACE_OUTER_BOUND ( 'NONE', #1258, .T. ) ;
#946 = CIRCLE ( 'NONE', #638, 1.250000000000001110 ) ;
#947 = ORIENTED_EDGE ( 'NONE', *, *, #1078, .F. ) ;
#948 = CARTESIAN_POINT ( 'NONE',  ( 4.999999999999997335, 43.50000000000000000, 7.250000000000002665 ) ) ;
#949 = CIRCLE ( 'NONE', #1334, 1.249999999999997558 ) ;
#950 = EDGE_CURVE ( 'NONE', #1155, #1021, #1090, .T. ) ;
#951 = ORIENTED_EDGE ( 'NONE', *, *, #1271, .F. ) ;
#952 = EDGE_CURVE ( 'NONE', #163, #467, #831, .T. ) ;
#953 = ORIENTED_EDGE ( 'NONE', *, *, #594, .T. ) ;
#954 = DIRECTION ( 'NONE',  ( 4.565061778886336016E-17, -1.000000000000000000, 0.000000000000000000 ) ) ;
#955 = ADVANCED_FACE ( 'NONE', ( #503 ), #755, .F. ) ;
#956 = VECTOR ( 'NONE', #144, 1000.000000000000000 ) ;
#957 = EDGE_LOOP ( 'NONE', ( #1306, #1196, #669, #909 ) ) ;
#958 = DIRECTION ( 'NONE',  ( 0.000000000000000000, 1.000000000000000000, -4.163336342344333082E-15 ) ) ;
#959 = CARTESIAN_POINT ( 'NONE',  ( 0.000000000000000000, 56.93502884254432672, 15.06497115745553117 ) ) ;
#960 = DIRECTION ( 'NONE',  ( 0.000000000000000000, 0.000000000000000000, 1.000000000000000000 ) ) ;
#961 = FACE_BOUND ( 'NONE', #3, .T. ) ;
#962 = ORIENTED_EDGE ( 'NONE', *, *, #1311, .T. ) ;
#963 = DIRECTION ( 'NONE',  ( 3.502496153628227604E-17, -1.000000000000000000, 5.724289645002068706E-19 ) ) ;
#964 = DIRECTION ( 'NONE',  ( 3.535545355302840403E-17, -1.000000000000000000, 0.000000000000000000 ) ) ;
#965 = CARTESIAN_POINT ( 'NONE',  ( 33.50000000000000000, 57.00000000000000000, 56.99999999999999289 ) ) ;
#966 = LOCAL_TIME ( 12, 56, 20.00000000000000000, #110 ) ;
#967 = AXIS2_PLACEMENT_3D ( 'NONE', #167, #1105, #882 ) ;
#968 = DIRECTION ( 'NONE',  ( 0.000000000000000000, 0.000000000000000000, -1.000000000000000000 ) ) ;
#969 = EDGE_CURVE ( 'NONE', #296, #1069, #160, .T. ) ;
#970 = CARTESIAN_POINT ( 'NONE',  ( 21.80865704891016676, 7.787827523674216724E-16, 21.74999999999985789 ) ) ;
#971 = ORIENTED_EDGE ( 'NONE', *, *, #1175, .T. ) ;
#972 = LINE ( 'NONE', #1064, #1218 ) ;
#973 = FACE_OUTER_BOUND ( 'NONE', #1216, .T. ) ;
#974 = AXIS2_PLACEMENT_3D ( 'NONE', #161, #496, #1325 ) ;
#975 = DIRECTION ( 'NONE',  ( -1.000000000000000000, 0.000000000000000000, 0.000000000000000000 ) ) ;
#976 = AXIS2_PLACEMENT_3D ( 'NONE', #1083, #1332, #1319 ) ;
#977 = DIRECTION ( 'NONE',  ( 1.000000000000000000, 0.000000000000000000, 0.000000000000000000 ) ) ;
#978 = ORIENTED_EDGE ( 'NONE', *, *, #1331, .T. ) ;
#979 = CARTESIAN_POINT ( 'NONE',  ( 20.55865704891001400, 7.358277804889280738E-16, 35.24999999999987921 ) ) ;
#980 = CARTESIAN_POINT ( 'NONE',  ( 21.80865704891001045, 7.787827523674162490E-16, 35.24999999999987921 ) ) ;
#981 = DIRECTION ( 'NONE',  ( 3.436397750279000774E-17, -1.000000000000000000, 5.724289645002129373E-19 ) ) ;
#982 = AXIS2_PLACEMENT_3D ( 'NONE', #523, #74, #1459 ) ;
#983 = ORIENTED_EDGE ( 'NONE', *, *, #952, .T. ) ;
#984 = CC_DESIGN_PERSON_AND_ORGANIZATION_ASSIGNMENT ( #920, #697, ( #776 ) ) ;
#985 = FACE_BOUND ( 'NONE', #375, .T. ) ;
#986 = ORIENTED_EDGE ( 'NONE', *, *, #1122, .T. ) ;
#987 = LINE ( 'NONE', #997, #497 ) ;
#988 = LINE ( 'NONE', #1205, #1403 ) ;
#989 = CARTESIAN_POINT ( 'NONE',  ( 62.00000000000000000, 57.00000000000000000, 28.50000000000000000 ) ) ;
#990 = AXIS2_PLACEMENT_3D ( 'NONE', #58, #1240, #1020 ) ;
#991 = ORIENTED_EDGE ( 'NONE', *, *, #1313, .F. ) ;
#992 = FACE_BOUND ( 'NONE', #1416, .T. ) ;
#993 = CIRCLE ( 'NONE', #334, 1.250000000000001110 ) ;
#994 = EDGE_CURVE ( 'NONE', #826, #612, #21, .T. ) ;
#995 = DIRECTION ( 'NONE',  ( 0.000000000000000000, 0.000000000000000000, 1.000000000000000000 ) ) ;
#996 = EDGE_LOOP ( 'NONE', ( #752, #1450 ) ) ;
#997 = CARTESIAN_POINT ( 'NONE',  ( 57.00000000000000000, 43.50000000000000000, 4.750000000000007994 ) ) ;
#998 = DIRECTION ( 'NONE',  ( 0.000000000000000000, -1.000000000000000000, 1.110223024625152438E-14 ) ) ;
#999 = EDGE_CURVE ( 'NONE', #1412, #1255, #843, .T. ) ;
#1000 = CARTESIAN_POINT ( 'NONE',  ( 0.000000000000000000, 30.06497115745574433, 40.68502884254456120 ) ) ;
#1001 = VERTEX_POINT ( 'NONE', #490 ) ;
#1002 = CIRCLE ( 'NONE', #664, 28.50000000000000355 ) ;
#1003 = ORIENTED_EDGE ( 'NONE', *, *, #952, .F. ) ;
#1004 = DIRECTION ( 'NONE',  ( -0.000000000000000000, -0.000000000000000000, 1.000000000000000000 ) ) ;
#1005 = DIRECTION ( 'NONE',  ( -1.000000000000000000, -1.165112782372482859E-16, 0.000000000000000000 ) ) ;
#1006 = DIRECTION ( 'NONE',  ( 0.000000000000000000, 0.000000000000000000, 1.000000000000000000 ) ) ;
#1007 = EDGE_LOOP ( 'NONE', ( #951, #559 ) ) ;
#1008 = AXIS2_PLACEMENT_3D ( 'NONE', #1358, #674, #884 ) ;
#1009 = EDGE_LOOP ( 'NONE', ( #1275, #587, #4, #827 ) ) ;
#1010 = DIRECTION ( 'NONE',  ( 0.000000000000000000, 0.000000000000000000, 1.000000000000000000 ) ) ;
#1011 = DIRECTION ( 'NONE',  ( 1.000000000000000000, 0.000000000000000000, 0.000000000000000000 ) ) ;
#1012 = ORIENTED_EDGE ( 'NONE', *, *, #1349, .T. ) ;
#1013 = AXIS2_PLACEMENT_3D ( 'NONE', #1335, #45, #1427 ) ;
#1014 = FACE_BOUND ( 'NONE', #1063, .T. ) ;
#1015 = EDGE_CURVE ( 'NONE', #118, #1328, #615, .T. ) ;
#1016 = AXIS2_PLACEMENT_3D ( 'NONE', #1172, #1191, #369 ) ;
#1017 = CYLINDRICAL_SURFACE ( 'NONE', #781, 1.249999999999997558 ) ;
#1018 = EDGE_LOOP ( 'NONE', ( #176, #1165 ) ) ;
#1019 = CIRCLE ( 'NONE', #357, 11.00000000000000000 ) ;
#1020 = DIRECTION ( 'NONE',  ( 0.000000000000000000, 0.000000000000000000, -1.000000000000000000 ) ) ;
#1021 = VERTEX_POINT ( 'NONE', #1200 ) ;
#1022 = VERTEX_POINT ( 'NONE', #147 ) ;
#1023 = DIRECTION ( 'NONE',  ( 0.000000000000000000, 0.000000000000000000, 1.000000000000000000 ) ) ;
#1024 = DIRECTION ( 'NONE',  ( -1.000000000000000000, 0.000000000000000000, 0.000000000000000000 ) ) ;
#1025 = AXIS2_PLACEMENT_3D ( 'NONE', #761, #192, #792 ) ;
#1026 = VERTEX_POINT ( 'NONE', #619 ) ;
#1027 = APPROVAL_DATE_TIME ( #442, #1235 ) ;
#1028 = DIRECTION ( 'NONE',  ( 0.000000000000000000, -1.000000000000000000, 0.000000000000000000 ) ) ;
#1029 = VERTEX_POINT ( 'NONE', #34 ) ;
#1030 = VECTOR ( 'NONE', #1298, 1000.000000000000000 ) ;
#1031 = ORIENTED_EDGE ( 'NONE', *, *, #418, .T. ) ;
#1032 = FACE_OUTER_BOUND ( 'NONE', #1458, .T. ) ;
#1033 = VERTEX_POINT ( 'NONE', #1121 ) ;
#1034 = FACE_BOUND ( 'NONE', #1171, .T. ) ;
#1035 = ORIENTED_EDGE ( 'NONE', *, *, #1473, .T. ) ;
#1036 = PERSON ( 'æœª', 'æœª', 'æœª', ('æœª'), ('æœª'), ('æœª') ) ;
#1037 = DIRECTION ( 'NONE',  ( -1.000000000000000000, 0.000000000000000000, 0.000000000000000000 ) ) ;
#1038 = AXIS2_PLACEMENT_3D ( 'NONE', #634, #1095, #1103 ) ;
#1039 = CIRCLE ( 'NONE', #249, 1.250000000000001110 ) ;
#1040 = EDGE_CURVE ( 'NONE', #1047, #834, #1494, .T. ) ;
#1041 = CYLINDRICAL_SURFACE ( 'NONE', #1133, 11.00000000000000000 ) ;
#1042 = COORDINATED_UNIVERSAL_TIME_OFFSET ( 8, 0, .AHEAD. ) ;
#1043 = CARTESIAN_POINT ( 'NONE',  ( 57.00000000000000000, 65.99999999999998579, 28.49999999999992895 ) ) ;
#1044 = ORIENTED_EDGE ( 'NONE', *, *, #589, .T. ) ;
#1045 = CARTESIAN_POINT ( 'NONE',  ( 43.94134295108987942, 57.00000000000000000, 35.25000000000007105 ) ) ;
#1046 = CIRCLE ( 'NONE', #1433, 1.249999999999997558 ) ;
#1047 = VERTEX_POINT ( 'NONE', #1474 ) ;
#1048 = CIRCLE ( 'NONE', #435, 1.250000000000001110 ) ;
#1049 = CYLINDRICAL_SURFACE ( 'NONE', #106, 1.250000000000007994 ) ;
#1050 = CIRCLE ( 'NONE', #1193, 1.249999999999999556 ) ;
#1051 = VERTEX_POINT ( 'NONE', #1465 ) ;
#1052 = APPLICATION_CONTEXT ( 'configuration controlled 3d designs of mechanical parts and assemblies' ) ;
#1053 = PLANE ( 'NONE',  #864 ) ;
#1054 = DATE_AND_TIME ( #813, #966 ) ;
#1055 = CIRCLE ( 'NONE', #1008, 1.250000000000004663 ) ;
#1056 = ORIENTED_EDGE ( 'NONE', *, *, #881, .T. ) ;
#1057 = DIRECTION ( 'NONE',  ( 0.000000000000000000, 0.000000000000000000, 1.000000000000000000 ) ) ;
#1058 = ORIENTED_EDGE ( 'NONE', *, *, #293, .T. ) ;
#1059 = CYLINDRICAL_SURFACE ( 'NONE', #1185, 1.249999999999997558 ) ;
#1060 = EDGE_CURVE ( 'NONE', #826, #1029, #55, .T. ) ;
#1061 = ADVANCED_FACE ( 'NONE', ( #545 ), #671, .F. ) ;
#1062 = FACE_BOUND ( 'NONE', #996, .T. ) ;
#1063 = EDGE_LOOP ( 'NONE', ( #1150, #564 ) ) ;
#1064 = CARTESIAN_POINT ( 'NONE',  ( 57.00000000000000000, 56.93502884254432672, 16.31497115745553472 ) ) ;
#1065 = AXIS2_PLACEMENT_3D ( 'NONE', #127, #477, #235 ) ;
#1066 = FACE_OUTER_BOUND ( 'NONE', #906, .T. ) ;
#1067 = EDGE_CURVE ( 'NONE', #1365, #673, #1130, .T. ) ;
#1068 = VECTOR ( 'NONE', #107, 1000.000000000000000 ) ;
#1069 = VERTEX_POINT ( 'NONE', #78 ) ;
#1070 = CARTESIAN_POINT ( 'NONE',  ( 5.000000000000004441, 30.06497115745574433, 41.93502884254456831 ) ) ;
#1071 = CARTESIAN_POINT ( 'NONE',  ( 57.00000000000000000, 56.93502884254432672, 13.81497115745552584 ) ) ;
#1072 = CARTESIAN_POINT ( 'NONE',  ( 21.80865704891001045, 4.999999999999990230, 35.24999999999987921 ) ) ;
#1073 = DIRECTION ( 'NONE',  ( 0.5000000000000095479, 1.800821879326069054E-17, -0.8660254037844330455 ) ) ;
#1074 = VERTEX_POINT ( 'NONE', #637 ) ;
#1075 = CARTESIAN_POINT ( 'NONE',  ( 0.000000000000000000, 56.93502884254432672, 16.31497115745553472 ) ) ;
#1076 = EDGE_CURVE ( 'NONE', #350, #171, #648, .T. ) ;
#1077 = CARTESIAN_POINT ( 'NONE',  ( 34.75000000000001421, 4.999999999999990230, 15.00000000000000178 ) ) ;
#1078 = EDGE_CURVE ( 'NONE', #543, #807, #498, .T. ) ;
#1079 = EDGE_LOOP ( 'NONE', ( #276, #476 ) ) ;
#1080 = CARTESIAN_POINT ( 'NONE',  ( 0.000000000000000000, 43.49999999999999289, 16.00000000000000000 ) ) ;
#1081 = CARTESIAN_POINT ( 'NONE',  ( 45.19134295108995047, 4.999999999999990230, 21.75000000000003553 ) ) ;
#1082 = AXIS2_PLACEMENT_3D ( 'NONE', #1363, #670, #1113 ) ;
#1083 = CARTESIAN_POINT ( 'NONE',  ( 0.000000000000000000, 56.93502884254441199, 41.93502884254439067 ) ) ;
#1084 = CARTESIAN_POINT ( 'NONE',  ( 46.44134295108988653, 4.999999999999990230, 35.25000000000007105 ) ) ;
#1085 = ORIENTED_EDGE ( 'NONE', *, *, #425, .T. ) ;
#1086 = DIRECTION ( 'NONE',  ( -1.000000000000000000, -1.165112782372482859E-16, 0.000000000000000000 ) ) ;
#1087 = DIRECTION ( 'NONE',  ( 3.436397750279002006E-17, -1.000000000000000000, -5.724289645002067743E-19 ) ) ;
#1088 = VECTOR ( 'NONE', #1495, 1000.000000000000000 ) ;
#1089 = FACE_OUTER_BOUND ( 'NONE', #584, .T. ) ;
#1090 = CIRCLE ( 'NONE', #115, 1.250000000000004663 ) ;
#1091 = ORIENTED_EDGE ( 'NONE', *, *, #262, .T. ) ;
#1092 = CARTESIAN_POINT ( 'NONE',  ( 21.80865704891016321, 57.00000000000000000, 21.74999999999985789 ) ) ;
#1093 = AXIS2_PLACEMENT_3D ( 'NONE', #240, #1184, #245 ) ;
#1094 = ORIENTED_EDGE ( 'NONE', *, *, #708, .T. ) ;
#1095 = DIRECTION ( 'NONE',  ( -1.000000000000000000, 0.000000000000000000, 0.000000000000000000 ) ) ;
#1096 = DIRECTION ( 'NONE',  ( 4.565061778886336016E-17, -1.000000000000000000, 0.000000000000000000 ) ) ;
#1097 = DIRECTION ( 'NONE',  ( 3.535545355302841635E-17, -1.000000000000000000, -3.081487911019576681E-33 ) ) ;
#1098 = EDGE_CURVE ( 'NONE', #94, #758, #272, .T. ) ;
#1099 = EDGE_LOOP ( 'NONE', ( #1056, #24 ) ) ;
#1100 = ADVANCED_FACE ( 'NONE', ( #400 ), #1481, .F. ) ;
#1101 = DIRECTION ( 'NONE',  ( -1.000000000000000000, 0.000000000000000000, 0.000000000000000000 ) ) ;
#1102 = EDGE_LOOP ( 'NONE', ( #1141, #1451, #600, #1183 ) ) ;
#1103 = DIRECTION ( 'NONE',  ( 0.000000000000000000, 0.000000000000000000, 1.000000000000000000 ) ) ;
#1104 = DIRECTION ( 'NONE',  ( 1.000000000000000000, 3.535545355302833624E-17, 0.000000000000000000 ) ) ;
#1105 = DIRECTION ( 'NONE',  ( -1.000000000000000000, 0.000000000000000000, 0.000000000000000000 ) ) ;
#1106 = VERTEX_POINT ( 'NONE', #182 ) ;
#1107 = VERTEX_POINT ( 'NONE', #1000 ) ;
#1108 = ADVANCED_FACE ( 'NONE', ( #1490 ), #433, .F. ) ;
#1109 = FACE_BOUND ( 'NONE', #1371, .T. ) ;
#1110 = CIRCLE ( 'NONE', #526, 28.49999999999999645 ) ;
#1111 = LOCAL_TIME ( 12, 56, 20.00000000000000000, #678 ) ;
#1112 = ORIENTED_EDGE ( 'NONE', *, *, #1189, .T. ) ;
#1113 = DIRECTION ( 'NONE',  ( 1.000000000000000000, 6.086749038515113044E-17, 0.000000000000000000 ) ) ;
#1114 = DIRECTION ( 'NONE',  ( 1.000000000000000000, 0.000000000000000000, 0.000000000000000000 ) ) ;
#1115 = DIRECTION ( 'NONE',  ( -1.000000000000000000, -0.000000000000000000, -0.000000000000000000 ) ) ;
#1116 = ORIENTED_EDGE ( 'NONE', *, *, #1384, .F. ) ;
#1117 = DIRECTION ( 'NONE',  ( -1.000000000000000000, -0.000000000000000000, -0.000000000000000000 ) ) ;
#1118 = VERTEX_POINT ( 'NONE', #1249 ) ;
#1119 = APPROVAL_STATUS ( 'not_yet_approved' ) ;
#1120 = DIRECTION ( 'NONE',  ( -1.000000000000000000, 0.000000000000000000, 0.000000000000000000 ) ) ;
#1121 = CARTESIAN_POINT ( 'NONE',  ( 4.999999999999997335, 56.93502884254441199, 40.68502884254437646 ) ) ;
#1122 = EDGE_CURVE ( 'NONE', #81, #94, #665, .T. ) ;
#1123 = ORIENTED_EDGE ( 'NONE', *, *, #694, .F. ) ;
#1124 = CARTESIAN_POINT ( 'NONE',  ( 32.24999999999998579, 57.00000000000000000, 42.00000000000000000 ) ) ;
#1125 = AXIS2_PLACEMENT_3D ( 'NONE', #959, #353, #1192 ) ;
#1126 = CARTESIAN_POINT ( 'NONE',  ( 57.00000000000000000, 43.49999999999999289, 28.50000000000000355 ) ) ;
#1127 = EDGE_LOOP ( 'NONE', ( #1035, #1347 ) ) ;
#1128 = CARTESIAN_POINT ( 'NONE',  ( 0.000000000000000000, 43.49999999999998579, 52.25000000000000711 ) ) ;
#1129 = EDGE_CURVE ( 'NONE', #807, #543, #1232, .T. ) ;
#1130 = LINE ( 'NONE', #520, #173 ) ;
#1131 = EDGE_LOOP ( 'NONE', ( #672, #287, #962, #59 ) ) ;
#1132 = ORIENTED_EDGE ( 'NONE', *, *, #489, .T. ) ;
#1133 = AXIS2_PLACEMENT_3D ( 'NONE', #116, #337, #243 ) ;
#1134 = DIRECTION ( 'NONE',  ( 1.000000000000000000, 0.000000000000000000, 0.000000000000000000 ) ) ;
#1135 = VECTOR ( 'NONE', #786, 1000.000000000000000 ) ;
#1136 = DIRECTION ( 'NONE',  ( 1.000000000000000000, 0.000000000000000000, 0.000000000000000000 ) ) ;
#1137 = ORIENTED_EDGE ( 'NONE', *, *, #242, .T. ) ;
#1138 = PERSON_AND_ORGANIZATION_ROLE ( 'creator' ) ;
#1139 = CIRCLE ( 'NONE', #14, 28.49999999999999645 ) ;
#1140 = CARTESIAN_POINT ( 'NONE',  ( 34.74999999999998579, 1.226949550884005449E-15, 42.00000000000000000 ) ) ;
#1141 = ORIENTED_EDGE ( 'NONE', *, *, #879, .F. ) ;
#1142 = CYLINDRICAL_SURFACE ( 'NONE', #1208, 1.249999999999997558 ) ;
#1143 = ORIENTED_EDGE ( 'NONE', *, *, #1475, .T. ) ;
#1144 = CARTESIAN_POINT ( 'NONE',  ( 57.00000000000000000, 43.49999999999999289, 57.00000000000000711 ) ) ;
#1145 = DIRECTION ( 'NONE',  ( 1.000000000000000000, 3.535545355302833624E-17, 0.000000000000000000 ) ) ;
#1146 = DIRECTION ( 'NONE',  ( 3.403348548604387975E-17, -1.000000000000000000, 0.000000000000000000 ) ) ;
#1147 = VERTEX_POINT ( 'NONE', #1374 ) ;
#1148 = DESIGN_CONTEXT ( 'detailed design', #1052, 'design' ) ;
#1149 = CARTESIAN_POINT ( 'NONE',  ( 33.49999999999998579, 4.999999999999990230, 42.00000000000000000 ) ) ;
#1150 = ORIENTED_EDGE ( 'NONE', *, *, #901, .F. ) ;
#1151 = CIRCLE ( 'NONE', #1176, 1.250000000000001110 ) ;
#1152 = EDGE_CURVE ( 'NONE', #1118, #580, #842, .T. ) ;
#1153 = CARTESIAN_POINT ( 'NONE',  ( 45.19134295108995047, 57.00000000000000000, 21.75000000000003553 ) ) ;
#1154 = EDGE_CURVE ( 'NONE', #1021, #1155, #773, .T. ) ;
#1155 = VERTEX_POINT ( 'NONE', #1345 ) ;
#1156 = SECURITY_CLASSIFICATION_LEVEL ( 'unclassified' ) ;
#1157 = FACE_BOUND ( 'NONE', #1375, .T. ) ;
#1158 = VERTEX_POINT ( 'NONE', #768 ) ;
#1159 = CARTESIAN_POINT ( 'NONE',  ( 57.00000000000000000, 30.06497115745556670, 16.31497115745562709 ) ) ;
#1160 = CARTESIAN_POINT ( 'NONE',  ( 33.50000000000000000, 1.184152060261511874E-15, 57.00000000000000000 ) ) ;
#1161 = CIRCLE ( 'NONE', #1082, 28.49999999999999645 ) ;
#1162 = AXIS2_PLACEMENT_3D ( 'NONE', #423, #1223, #408 ) ;
#1163 = ORIENTED_EDGE ( 'NONE', *, *, #611, .F. ) ;
#1164 = DIRECTION ( 'NONE',  ( -1.000000000000000000, 0.000000000000000000, 0.000000000000000000 ) ) ;
#1165 = ORIENTED_EDGE ( 'NONE', *, *, #663, .T. ) ;
#1166 = CIRCLE ( 'NONE', #181, 1.249999999999995337 ) ;
#1167 = FACE_OUTER_BOUND ( 'NONE', #313, .T. ) ;
#1168 = PERSON_AND_ORGANIZATION ( #1036, #1231 ) ;
#1169 = EDGE_CURVE ( 'NONE', #512, #434, #175, .T. ) ;
#1170 = AXIS2_PLACEMENT_3D ( 'NONE', #629, #135, #379 ) ;
#1171 = EDGE_LOOP ( 'NONE', ( #546, #1112 ) ) ;
#1172 = CARTESIAN_POINT ( 'NONE',  ( 57.00000000000000000, 43.50000000000000000, 6.000000000000005329 ) ) ;
#1173 = VERTEX_POINT ( 'NONE', #66 ) ;
#1174 = CARTESIAN_POINT ( 'NONE',  ( 0.000000000000000000, 56.93502884254432672, 13.81497115745552584 ) ) ;
#1175 = EDGE_CURVE ( 'NONE', #1279, #1514, #551, .T. ) ;
#1176 = AXIS2_PLACEMENT_3D ( 'NONE', #488, #1197, #376 ) ;
#1177 = VERTEX_POINT ( 'NONE', #303 ) ;
#1178 = ORIENTED_EDGE ( 'NONE', *, *, #1015, .F. ) ;
#1179 = CARTESIAN_POINT ( 'NONE',  ( 32.25000000000001421, 57.00000000000000000, 15.00000000000000178 ) ) ;
#1180 = DIRECTION ( 'NONE',  ( 4.565061778886336016E-17, -1.000000000000000000, 0.000000000000000000 ) ) ;
#1181 = CYLINDRICAL_SURFACE ( 'NONE', #1284, 28.49999999999999645 ) ;
#1182 = AXIS2_PLACEMENT_3D ( 'NONE', #312, #1457, #294 ) ;
#1183 = ORIENTED_EDGE ( 'NONE', *, *, #969, .T. ) ;
#1184 = DIRECTION ( 'NONE',  ( 0.000000000000000000, -0.000000000000000000, 1.000000000000000000 ) ) ;
#1185 = AXIS2_PLACEMENT_3D ( 'NONE', #377, #392, #1114 ) ;
#1186 = CC_DESIGN_APPROVAL ( #415, ( #621 ) ) ;
#1187 = DIRECTION ( 'NONE',  ( 4.565061778886336016E-17, -1.000000000000000000, 0.000000000000000000 ) ) ;
#1188 = DIRECTION ( 'NONE',  ( 0.5000000000000095479, 1.800821879326069054E-17, -0.8660254037844330455 ) ) ;
#1189 = EDGE_CURVE ( 'NONE', #1190, #346, #1355, .T. ) ;
#1190 = VERTEX_POINT ( 'NONE', #1393 ) ;
#1191 = DIRECTION ( 'NONE',  ( -1.000000000000000000, -0.000000000000000000, -0.000000000000000000 ) ) ;
#1192 = DIRECTION ( 'NONE',  ( 0.000000000000000000, 1.000000000000000000, -4.163336342344333082E-15 ) ) ;
#1193 = AXIS2_PLACEMENT_3D ( 'NONE', #980, #1087, #159 ) ;
#1194 = DIRECTION ( 'NONE',  ( -1.000000000000000000, -0.000000000000000000, -0.000000000000000000 ) ) ;
#1195 = EDGE_CURVE ( 'NONE', #834, #1047, #1039, .T. ) ;
#1196 = ORIENTED_EDGE ( 'NONE', *, *, #1060, .F. ) ;
#1197 = DIRECTION ( 'NONE',  ( 4.565061778886336016E-17, -1.000000000000000000, 0.000000000000000000 ) ) ;
#1198 = CIRCLE ( 'NONE', #856, 7.500000000000000000 ) ;
#1199 = DIRECTION ( 'NONE',  ( -1.000000000000000000, -1.165112782372482859E-16, 0.000000000000000000 ) ) ;
#1200 = CARTESIAN_POINT ( 'NONE',  ( 0.000000000000000000, 30.06497115745556670, 13.81497115745561644 ) ) ;
#1201 = CARTESIAN_POINT ( 'NONE',  ( 62.00000000000000000, 2.192038120287760643E-15, 57.00000000000000000 ) ) ;
#1202 = CIRCLE ( 'NONE', #748, 5.000000000000000000 ) ;
#1203 = ORIENTED_EDGE ( 'NONE', *, *, #569, .T. ) ;
#1204 = DIRECTION ( 'NONE',  ( 3.502496153628228220E-17, -1.000000000000000000, -5.724289645002007076E-19 ) ) ;
#1205 = CARTESIAN_POINT ( 'NONE',  ( 23.05865704891015966, 57.00000000000000000, 21.74999999999985789 ) ) ;
#1206 = CIRCLE ( 'NONE', #1410, 1.250000000000001110 ) ;
#1207 = CARTESIAN_POINT ( 'NONE',  ( 4.999999999999997335, 43.49999999999998579, 51.00000000000000711 ) ) ;
#1208 = AXIS2_PLACEMENT_3D ( 'NONE', #1515, #1283, #227 ) ;
#1209 = FACE_BOUND ( 'NONE', #92, .T. ) ;
#1210 = ORIENTED_EDGE ( 'NONE', *, *, #746, .T. ) ;
#1211 = ADVANCED_FACE ( 'NONE', ( #945 ), #359, .F. ) ;
#1212 = LINE ( 'NONE', #519, #72 ) ;
#1213 = CARTESIAN_POINT ( 'NONE',  ( 0.000000000000000000, 43.49999999999999289, 28.50000000000000355 ) ) ;
#1214 = ORIENTED_EDGE ( 'NONE', *, *, #1442, .T. ) ;
#1215 = ADVANCED_FACE ( 'NONE', ( #330 ), #103, .F. ) ;
#1216 = EDGE_LOOP ( 'NONE', ( #426, #1012, #198, #897 ) ) ;
#1217 = FACE_OUTER_BOUND ( 'NONE', #1237, .T. ) ;
#1218 = VECTOR ( 'NONE', #1322, 1000.000000000000000 ) ;
#1219 = ORIENTED_EDGE ( 'NONE', *, *, #283, .T. ) ;
#1220 = FACE_OUTER_BOUND ( 'NONE', #352, .T. ) ;
#1221 = CARTESIAN_POINT ( 'NONE',  ( 33.50000000000001421, 1.184407694026452234E-15, 15.00000000000000178 ) ) ;
#1222 = ADVANCED_FACE ( 'NONE', ( #97 ), #475, .F. ) ;
#1223 = DIRECTION ( 'NONE',  ( -1.000000000000000000, -0.000000000000000000, -0.000000000000000000 ) ) ;
#1224 = ORIENTED_EDGE ( 'NONE', *, *, #479, .T. ) ;
#1225 = ORIENTED_EDGE ( 'NONE', *, *, #83, .F. ) ;
#1226 = DIRECTION ( 'NONE',  ( 3.535545355302840403E-17, -1.000000000000000000, 0.000000000000000000 ) ) ;
#1227 = ORIENTED_EDGE ( 'NONE', *, *, #1271, .T. ) ;
#1228 = CARTESIAN_POINT ( 'NONE',  ( 0.000000000000000000, 43.49999999999999289, 57.00000000000000000 ) ) ;
#1229 = DIRECTION ( 'NONE',  ( 1.000000000000000000, 0.000000000000000000, 0.000000000000000000 ) ) ;
#1230 = DIRECTION ( 'NONE',  ( -1.000000000000000000, -1.165112782372482859E-16, 0.000000000000000000 ) ) ;
#1231 = ORGANIZATION ( 'æœª', 'æœª', '' ) ;
#1232 = CIRCLE ( 'NONE', #892, 1.249999999999997558 ) ;
#1233 = ORIENTED_EDGE ( 'NONE', *, *, #188, .T. ) ;
#1234 = LOCAL_TIME ( 12, 56, 20.00000000000000000, #560 ) ;
#1235 = APPROVAL ( #1119, 'æœª' ) ;
#1236 = ADVANCED_FACE ( 'NONE', ( #5 ), #1049, .F. ) ;
#1237 = EDGE_LOOP ( 'NONE', ( #185, #633, #60, #362 ) ) ;
#1238 = PERSON_AND_ORGANIZATION ( #1036, #1231 ) ;
#1239 = DIRECTION ( 'NONE',  ( 3.535545355302841019E-17, -1.000000000000000000, -0.000000000000000000 ) ) ;
#1240 = DIRECTION ( 'NONE',  ( -1.000000000000000000, 0.000000000000000000, 0.000000000000000000 ) ) ;
#1241 = AXIS2_PLACEMENT_3D ( 'NONE', #1245, #1278, #222 ) ;
#1242 = VERTEX_POINT ( 'NONE', #1281 ) ;
#1243 = AXIS2_PLACEMENT_3D ( 'NONE', #1213, #975, #255 ) ;
#1244 = ADVANCED_FACE ( 'NONE', ( #1500, #1034, #828, #801, #449, #1157, #225, #1507, #201 ), #680, .F. ) ;
#1245 = CARTESIAN_POINT ( 'NONE',  ( 57.00000000000000000, 56.93502884254432672, 15.06497115745553117 ) ) ;
#1246 = VERTEX_POINT ( 'NONE', #1140 ) ;
#1247 = CARTESIAN_POINT ( 'NONE',  ( 5.000000000000004441, 30.06497115745556670, 15.06497115745562176 ) ) ;
#1248 = ADVANCED_FACE ( 'NONE', ( #1290 ), #1407, .F. ) ;
#1249 = CARTESIAN_POINT ( 'NONE',  ( 20.55865704891017032, 4.999999999999990230, 21.74999999999985789 ) ) ;
#1250 = ORIENTED_EDGE ( 'NONE', *, *, #1098, .F. ) ;
#1251 = CYLINDRICAL_SURFACE ( 'NONE', #685, 7.500000000000000000 ) ;
#1252 = ORIENTED_EDGE ( 'NONE', *, *, #930, .T. ) ;
#1253 = CIRCLE ( 'NONE', #1125, 1.250000000000001110 ) ;
#1254 = DIRECTION ( 'NONE',  ( 0.000000000000000000, 0.000000000000000000, 1.000000000000000000 ) ) ;
#1255 = VERTEX_POINT ( 'NONE', #705 ) ;
#1256 = CALENDAR_DATE ( 2026, 25, 4 ) ;
#1257 = DIRECTION ( 'NONE',  ( 3.403348548604387975E-17, -1.000000000000000000, -0.000000000000000000 ) ) ;
#1258 = EDGE_LOOP ( 'NONE', ( #1408, #645, #983, #394 ) ) ;
#1259 = ORIENTED_EDGE ( 'NONE', *, *, #850, .F. ) ;
#1260 = FACE_BOUND ( 'NONE', #89, .T. ) ;
#1261 = DIRECTION ( 'NONE',  ( 0.4999999999999967248, 1.800821879326027145E-17, 0.8660254037844404840 ) ) ;
#1262 = AXIS2_PLACEMENT_3D ( 'NONE', #916, #13, #26 ) ;
#1263 = ORIENTED_EDGE ( 'NONE', *, *, #539, .F. ) ;
#1264 = APPROVAL_STATUS ( 'not_yet_approved' ) ;
#1265 = VECTOR ( 'NONE', #461, 1000.000000000000000 ) ;
#1266 = CARTESIAN_POINT ( 'NONE',  ( 57.00000000000000000, 30.06497115745574433, 41.93502884254456831 ) ) ;
#1267 = ADVANCED_FACE ( 'NONE', ( #443 ), #578, .F. ) ;
#1268 = ORIENTED_EDGE ( 'NONE', *, *, #1015, .T. ) ;
#1269 = ADVANCED_FACE ( 'NONE', ( #210 ), #914, .F. ) ;
#1270 = CARTESIAN_POINT ( 'NONE',  ( 4.999999999999997335, 56.93502884254432672, 15.06497115745553117 ) ) ;
#1271 = EDGE_CURVE ( 'NONE', #234, #1328, #1387, .T. ) ;
#1272 = CARTESIAN_POINT ( 'NONE',  ( 34.75000000000001421, 57.00000000000000000, 15.00000000000000178 ) ) ;
#1273 = CARTESIAN_POINT ( 'NONE',  ( 0.000000000000000000, 0.000000000000000000, 57.00000000000000000 ) ) ;
#1274 = DIRECTION ( 'NONE',  ( -1.000000000000000000, -0.000000000000000000, -0.000000000000000000 ) ) ;
#1275 = ORIENTED_EDGE ( 'NONE', *, *, #293, .F. ) ;
#1276 = ADVANCED_FACE ( 'NONE', ( #821 ), #712, .F. ) ;
#1277 = LINE ( 'NONE', #220, #480 ) ;
#1278 = DIRECTION ( 'NONE',  ( -1.000000000000000000, -0.000000000000000000, -0.000000000000000000 ) ) ;
#1279 = VERTEX_POINT ( 'NONE', #839 ) ;
#1280 = DIRECTION ( 'NONE',  ( 0.000000000000000000, -1.000000000000000000, 0.000000000000000000 ) ) ;
#1281 = CARTESIAN_POINT ( 'NONE',  ( 43.94134295108987942, 4.999999999999990230, 35.25000000000007105 ) ) ;
#1282 = ORIENTED_EDGE ( 'NONE', *, *, #355, .F. ) ;
#1283 = DIRECTION ( 'NONE',  ( -1.000000000000000000, -0.000000000000000000, -0.000000000000000000 ) ) ;
#1284 = AXIS2_PLACEMENT_3D ( 'NONE', #130, #605, #1511 ) ;
#1285 = VECTOR ( 'NONE', #412, 1000.000000000000000 ) ;
#1286 = AXIS2_PLACEMENT_3D ( 'NONE', #88, #698, #1383 ) ;
#1287 = FACE_BOUND ( 'NONE', #156, .T. ) ;
#1288 = EDGE_CURVE ( 'NONE', #1367, #612, #1206, .T. ) ;
#1289 = ORIENTED_EDGE ( 'NONE', *, *, #429, .F. ) ;
#1290 = FACE_OUTER_BOUND ( 'NONE', #1467, .T. ) ;
#1291 = VERTEX_POINT ( 'NONE', #1429 ) ;
#1292 = CARTESIAN_POINT ( 'NONE',  ( 4.999999999999997335, 43.49999999999998579, 51.00000000000000711 ) ) ;
#1293 = EDGE_CURVE ( 'NONE', #934, #770, #946, .T. ) ;
#1294 = AXIS2_PLACEMENT_3D ( 'NONE', #688, #1146, #567 ) ;
#1295 = ORIENTED_EDGE ( 'NONE', *, *, #574, .T. ) ;
#1296 = VECTOR ( 'NONE', #1194, 1000.000000000000000 ) ;
#1297 = ORIENTED_EDGE ( 'NONE', *, *, #708, .F. ) ;
#1298 = DIRECTION ( 'NONE',  ( -1.000000000000000000, -0.000000000000000000, -0.000000000000000000 ) ) ;
#1299 = VECTOR ( 'NONE', #126, 1000.000000000000000 ) ;
#1300 = EDGE_LOOP ( 'NONE', ( #756, #986, #1123, #53 ) ) ;
#1301 = ORIENTED_EDGE ( 'NONE', *, *, #811, .T. ) ;
#1302 = LINE ( 'NONE', #19, #1420 ) ;
#1303 = DIRECTION ( 'NONE',  ( 3.403348548604387975E-17, -1.000000000000000000, 0.000000000000000000 ) ) ;
#1304 = CARTESIAN_POINT ( 'NONE',  ( 0.000000000000000000, 0.000000000000000000, 57.00000000000000000 ) ) ;
#1305 = AXIS2_PLACEMENT_3D ( 'NONE', #873, #1097, #531 ) ;
#1306 = ORIENTED_EDGE ( 'NONE', *, *, #1516, .F. ) ;
#1307 = DIRECTION ( 'NONE',  ( -1.000000000000000000, -1.165112782372482859E-16, 0.000000000000000000 ) ) ;
#1308 = AXIS2_PLACEMENT_3D ( 'NONE', #720, #1180, #7 ) ;
#1309 = LINE ( 'NONE', #1071, #603 ) ;
#1311 = EDGE_CURVE ( 'NONE', #273, #124, #601, .T. ) ;
#1310 = CC_DESIGN_APPROVAL ( #1464, ( #776 ) ) ;
#1312 = CARTESIAN_POINT ( 'NONE',  ( 10.99999999999999645, 3.889099890833118219E-16, 57.00000000000000000 ) ) ;
#1313 = EDGE_CURVE ( 'NONE', #673, #1362, #513, .T. ) ;
#1314 = LINE ( 'NONE', #640, #620 ) ;
#1315 = CIRCLE ( 'NONE', #714, 1.250000000000001110 ) ;
#1316 = EDGE_LOOP ( 'NONE', ( #409, #356, #515, #706 ) ) ;
#1317 = CARTESIAN_POINT ( 'NONE',  ( 5.000000000000007105, 9.999999999999987566, 57.00000000000000000 ) ) ;
#1318 = DIRECTION ( 'NONE',  ( 1.387778780781445182E-16, -1.000000000000000000, 0.000000000000000000 ) ) ;
#1319 = DIRECTION ( 'NONE',  ( 0.000000000000000000, 0.000000000000000000, 1.000000000000000000 ) ) ;
#1320 = CARTESIAN_POINT ( 'NONE',  ( 10.00000000000000533, 9.999999999999987566, 57.00000000000000000 ) ) ;
#1321 = ORIENTED_EDGE ( 'NONE', *, *, #681, .T. ) ;
#1322 = DIRECTION ( 'NONE',  ( -1.000000000000000000, -0.000000000000000000, -0.000000000000000000 ) ) ;
#1323 = AXIS2_PLACEMENT_3D ( 'NONE', #602, #133, #1318 ) ;
#1324 = DIRECTION ( 'NONE',  ( 0.000000000000000000, 0.000000000000000000, 1.000000000000000000 ) ) ;
#1325 = DIRECTION ( 'NONE',  ( 1.000000000000000000, 0.000000000000000000, 0.000000000000000000 ) ) ;
#1326 = EDGE_CURVE ( 'NONE', #1074, #1412, #1373, .T. ) ;
#1327 = CYLINDRICAL_SURFACE ( 'NONE', #478, 1.249999999999997558 ) ;
#1328 = VERTEX_POINT ( 'NONE', #979 ) ;
#1329 = APPLICATION_PROTOCOL_DEFINITION ( 'international standard', 'config_control_design', 1994, #844 ) ;
#1330 = CARTESIAN_POINT ( 'NONE',  ( 33.50000000000000000, 4.999999999999991118, 57.00000000000000000 ) ) ;
#1331 = EDGE_CURVE ( 'NONE', #1106, #1177, #363, .T. ) ;
#1332 = DIRECTION ( 'NONE',  ( -1.000000000000000000, 0.000000000000000000, 0.000000000000000000 ) ) ;
#1333 = ORIENTED_EDGE ( 'NONE', *, *, #833, .T. ) ;
#1334 = AXIS2_PLACEMENT_3D ( 'NONE', #1396, #336, #343 ) ;
#1335 = CARTESIAN_POINT ( 'NONE',  ( 5.000000000000007994, 4.999999999999990230, 57.00000000000000000 ) ) ;
#1336 = EDGE_CURVE ( 'NONE', #244, #1428, #319, .T. ) ;
#1337 = EDGE_LOOP ( 'NONE', ( #1476, #1203 ) ) ;
#1338 = DIRECTION ( 'NONE',  ( 0.000000000000000000, -1.000000000000000000, 0.000000000000000000 ) ) ;
#1339 = CARTESIAN_POINT ( 'NONE',  ( 5.000000000000004441, 30.06497115745556670, 15.06497115745562176 ) ) ;
#1340 = DIRECTION ( 'NONE',  ( 0.000000000000000000, -1.000000000000000000, 0.000000000000000000 ) ) ;
#1341 = ORIENTED_EDGE ( 'NONE', *, *, #193, .T. ) ;
#1342 = PRODUCT_DEFINITION_SHAPE ( 'NONE', 'NONE',  #628 ) ;
#1343 = ORIENTED_EDGE ( 'NONE', *, *, #1288, .T. ) ;
#1344 = CARTESIAN_POINT ( 'NONE',  ( 57.00000000000000000, 43.50000000000000000, 7.250000000000002665 ) ) ;
#1345 = CARTESIAN_POINT ( 'NONE',  ( 0.000000000000000000, 30.06497115745556670, 16.31497115745562709 ) ) ;
#1346 = ORIENTED_EDGE ( 'NONE', *, *, #1521, .T. ) ;
#1347 = ORIENTED_EDGE ( 'NONE', *, *, #451, .T. ) ;
#1348 = DIRECTION ( 'NONE',  ( 3.403348548604387975E-17, -1.000000000000000000, -0.000000000000000000 ) ) ;
#1349 = EDGE_CURVE ( 'NONE', #424, #1021, #484, .T. ) ;
#1350 = ORIENTED_EDGE ( 'NONE', *, *, #136, .F. ) ;
#1351 = PERSON_AND_ORGANIZATION_ROLE ( 'design_owner' ) ;
#1352 = CARTESIAN_POINT ( 'NONE',  ( 33.50000000000000000, 4.999999999999990230, 28.50000000000000000 ) ) ;
#1353 = CARTESIAN_POINT ( 'NONE',  ( 0.000000000000000000, 43.49999999999998579, 51.00000000000000711 ) ) ;
#1354 = VECTOR ( 'NONE', #1004, 1000.000000000000000 ) ;
#1355 = CIRCLE ( 'NONE', #749, 1.250000000000001110 ) ;
#1356 = EDGE_CURVE ( 'NONE', #1242, #69, #1151, .T. ) ;
#1357 = VERTEX_POINT ( 'NONE', #1080 ) ;
#1358 = CARTESIAN_POINT ( 'NONE',  ( 0.000000000000000000, 30.06497115745574433, 41.93502884254456831 ) ) ;
#1359 = CARTESIAN_POINT ( 'NONE',  ( 34.75000000000001421, 1.228602010967737599E-15, 15.00000000000000178 ) ) ;
#1360 = CARTESIAN_POINT ( 'NONE',  ( 5.000000000000000000, 71.99999999999998579, 57.00000000000000000 ) ) ;
#1361 = ADVANCED_FACE ( 'NONE', ( #1435 ), #32, .F. ) ;
#1362 = VERTEX_POINT ( 'NONE', #853 ) ;
#1363 = CARTESIAN_POINT ( 'NONE',  ( 33.50000000000000000, 4.999999999999990230, 28.50000000000000000 ) ) ;
#1364 = CARTESIAN_POINT ( 'NONE',  ( 0.000000000000000000, 43.50000000000000000, 6.000000000000005329 ) ) ;
#1365 = VERTEX_POINT ( 'NONE', #1317 ) ;
#1366 = CIRCLE ( 'NONE', #236, 12.50000000000000355 ) ;
#1367 = VERTEX_POINT ( 'NONE', #385 ) ;
#1368 = CARTESIAN_POINT ( 'NONE',  ( 5.000000000000004441, 30.06497115745556670, 16.31497115745562709 ) ) ;
#1369 = AXIS2_PLACEMENT_3D ( 'NONE', #609, #1449, #463 ) ;
#1370 = CARTESIAN_POINT ( 'NONE',  ( 10.99999999999999645, 3.889099890833122163E-16, 57.00000000000000000 ) ) ;
#1371 = EDGE_LOOP ( 'NONE', ( #823, #763 ) ) ;
#1372 = APPROVAL_DATE_TIME ( #95, #1464 ) ;
#1373 = CIRCLE ( 'NONE', #164, 1.250000000000004663 ) ;
#1374 = CARTESIAN_POINT ( 'NONE',  ( 26.00000000000009948, 4.999999999999990230, 28.50000000000000711 ) ) ;
#1375 = EDGE_LOOP ( 'NONE', ( #1444, #205 ) ) ;
#1376 = DIRECTION ( 'NONE',  ( -0.000000000000000000, -0.000000000000000000, 1.000000000000000000 ) ) ;
#1377 = ORIENTED_EDGE ( 'NONE', *, *, #1076, .F. ) ;
#1378 = CARTESIAN_POINT ( 'NONE',  ( 57.00000000000000000, 43.49999999999999289, 41.00000000000000711 ) ) ;
#1379 = CARTESIAN_POINT ( 'NONE',  ( 10.99999999999999645, 10.99999999999999822, 57.00000000000000000 ) ) ;
#1380 = EDGE_CURVE ( 'NONE', #1118, #1158, #1418, .T. ) ;
#1381 = ORIENTED_EDGE ( 'NONE', *, *, #874, .T. ) ;
#1382 = CALENDAR_DATE ( 2026, 25, 4 ) ;
#1383 = DIRECTION ( 'NONE',  ( 1.000000000000000000, 0.000000000000000000, 0.000000000000000000 ) ) ;
#1384 = EDGE_CURVE ( 'NONE', #1412, #1074, #44, .T. ) ;
#1385 = ORIENTED_EDGE ( 'NONE', *, *, #1195, .T. ) ;
#1386 = CARTESIAN_POINT ( 'NONE',  ( 4.999999999999997335, 56.93502884254432672, 16.31497115745553472 ) ) ;
#1387 = CIRCLE ( 'NONE', #622, 1.249999999999999556 ) ;
#1388 = LINE ( 'NONE', #701, #1088 ) ;
#1389 = CIRCLE ( 'NONE', #1308, 1.250000000000001110 ) ;
#1390 = ADVANCED_BREP_SHAPE_REPRESENTATION ( '12\X2\8f748fde63a54ef6\X0\', ( #297, #1483 ), #772 ) ;
#1391 = CYLINDRICAL_SURFACE ( 'NONE', #889, 5.000000000000000888 ) ;
#1392 = EDGE_CURVE ( 'NONE', #770, #31, #38, .T. ) ;
#1393 = CARTESIAN_POINT ( 'NONE',  ( 4.999999999999997335, 43.50000000000000000, 4.750000000000007994 ) ) ;
#1394 = ORIENTED_EDGE ( 'NONE', *, *, #1078, .T. ) ;
#1395 = FACE_OUTER_BOUND ( 'NONE', #957, .T. ) ;
#1396 = CARTESIAN_POINT ( 'NONE',  ( 21.80865704891001045, 4.999999999999990230, 35.24999999999987921 ) ) ;
#1397 = CIRCLE ( 'NONE', #537, 1.250000000000001110 ) ;
#1398 = DIRECTION ( 'NONE',  ( 1.000000000000000000, 0.000000000000000000, 0.000000000000000000 ) ) ;
#1399 = PERSON_AND_ORGANIZATION ( #1036, #1231 ) ;
#1400 = DIRECTION ( 'NONE',  ( -0.4999999999999922839, -1.668625072627551298E-17, -0.8660254037844431485 ) ) ;
#1401 = EDGE_LOOP ( 'NONE', ( #162, #779, #532, #500 ) ) ;
#1402 = EDGE_CURVE ( 'NONE', #774, #1514, #259, .T. ) ;
#1403 = VECTOR ( 'NONE', #627, 1000.000000000000000 ) ;
#1404 = EDGE_LOOP ( 'NONE', ( #1461, #592, #1301, #113 ) ) ;
#1405 = DATE_TIME_ROLE ( 'classification_date' ) ;
#1406 = EDGE_LOOP ( 'NONE', ( #795, #894, #219, #195 ) ) ;
#1407 = CYLINDRICAL_SURFACE ( 'NONE', #1286, 1.249999999999997558 ) ;
#1408 = ORIENTED_EDGE ( 'NONE', *, *, #663, .F. ) ;
#1409 = EDGE_CURVE ( 'NONE', #350, #1428, #972, .T. ) ;
#1410 = AXIS2_PLACEMENT_3D ( 'NONE', #847, #253, #732 ) ;
#1411 = ORIENTED_EDGE ( 'NONE', *, *, #283, .F. ) ;
#1412 = VERTEX_POINT ( 'NONE', #744 ) ;
#1413 = DIRECTION ( 'NONE',  ( 1.000000000000000000, 0.000000000000000000, 0.000000000000000000 ) ) ;
#1414 = EDGE_LOOP ( 'NONE', ( #361, #1116, #298, #258 ) ) ;
#1415 = DIRECTION ( 'NONE',  ( 3.535545355302841019E-17, -1.000000000000000000, -0.000000000000000000 ) ) ;
#1416 = EDGE_LOOP ( 'NONE', ( #109, #562 ) ) ;
#1417 = EDGE_LOOP ( 'NONE', ( #1225, #790, #991, #888 ) ) ;
#1418 = LINE ( 'NONE', #391, #440 ) ;
#1419 = DIRECTION ( 'NONE',  ( 0.000000000000000000, 0.000000000000000000, 1.000000000000000000 ) ) ;
#1420 = VECTOR ( 'NONE', #1423, 1000.000000000000000 ) ;
#1421 = DIRECTION ( 'NONE',  ( 3.502496153628227604E-17, -1.000000000000000000, -5.724289645002006113E-19 ) ) ;
#1422 = EDGE_LOOP ( 'NONE', ( #829, #332 ) ) ;
#1423 = DIRECTION ( 'NONE',  ( -1.000000000000000000, -4.565061778886334783E-17, -0.000000000000000000 ) ) ;
#1424 = EDGE_CURVE ( 'NONE', #1051, #802, #152, .T. ) ;
#1425 = EDGE_CURVE ( 'NONE', #518, #295, #1302, .T. ) ;
#1426 = DIRECTION ( 'NONE',  ( 1.000000000000000000, 3.535545355302839787E-17, -0.000000000000000000 ) ) ;
#1427 = DIRECTION ( 'NONE',  ( 1.000000000000000000, 4.565061778886336016E-17, 0.000000000000000000 ) ) ;
#1428 = VERTEX_POINT ( 'NONE', #1075 ) ;
#1429 = CARTESIAN_POINT ( 'NONE',  ( 32.24999999999998579, 1.141865837168896258E-15, 42.00000000000000000 ) ) ;
#1430 = DIRECTION ( 'NONE',  ( -1.000000000000000000, -1.165112782372482859E-16, 0.000000000000000000 ) ) ;
#1431 = CARTESIAN_POINT ( 'NONE',  ( 62.00000000000000000, 2.192038120287760643E-15, 0.000000000000000000 ) ) ;
#1432 = CYLINDRICAL_SURFACE ( 'NONE', #420, 1.250000000000001110 ) ;
#1433 = AXIS2_PLACEMENT_3D ( 'NONE', #1072, #1187, #855 ) ;
#1434 = EDGE_LOOP ( 'NONE', ( #358, #978, #1333, #493 ) ) ;
#1435 = FACE_OUTER_BOUND ( 'NONE', #339, .T. ) ;
#1436 = CARTESIAN_POINT ( 'NONE',  ( 0.000000000000000000, 30.06497115745574433, 41.93502884254456831 ) ) ;
#1437 = CIRCLE ( 'NONE', #1170, 7.500000000000000000 ) ;
#1438 = CIRCLE ( 'NONE', #1518, 1.250000000000004663 ) ;
#1439 = CARTESIAN_POINT ( 'NONE',  ( 57.00000000000000000, 43.49999999999998579, 51.00000000000000711 ) ) ;
#1440 = ADVANCED_FACE ( 'NONE', ( #1220 ), #1454, .F. ) ;
#1441 = UNCERTAINTY_MEASURE_WITH_UNIT (LENGTH_MEASURE( 1.000000000000000082E-05 ), #528, 'distance_accuracy_value', 'NONE');
#1442 = EDGE_CURVE ( 'NONE', #467, #163, #762, .T. ) ;
#1443 = DIRECTION ( 'NONE',  ( 1.000000000000000000, 0.000000000000000000, 0.000000000000000000 ) ) ;
#1444 = ORIENTED_EDGE ( 'NONE', *, *, #1384, .T. ) ;
#1445 = CARTESIAN_POINT ( 'NONE',  ( 57.00000000000000000, 43.49999999999998579, 52.25000000000000711 ) ) ;
#1446 = AXIS2_PLACEMENT_3D ( 'NONE', #796, #305, #427 ) ;
#1447 = DIRECTION ( 'NONE',  ( -1.000000000000000000, -4.565061778886334783E-17, -0.000000000000000000 ) ) ;
#1448 = AXIS2_PLACEMENT_3D ( 'NONE', #1270, #1, #341 ) ;
#1449 = DIRECTION ( 'NONE',  ( -1.000000000000000000, -0.000000000000000000, -0.000000000000000000 ) ) ;
#1450 = ORIENTED_EDGE ( 'NONE', *, *, #1336, .F. ) ;
#1451 = ORIENTED_EDGE ( 'NONE', *, *, #418, .F. ) ;
#1452 = CYLINDRICAL_SURFACE ( 'NONE', #597, 1.250000000000004663 ) ;
#1453 = ORIENTED_EDGE ( 'NONE', *, *, #1425, .F. ) ;
#1454 = CYLINDRICAL_SURFACE ( 'NONE', #96, 1.250000000000001110 ) ;
#1455 = DIRECTION ( 'NONE',  ( -1.000000000000000000, -0.000000000000000000, -0.000000000000000000 ) ) ;
#1456 = CIRCLE ( 'NONE', #1065, 1.249999999999997558 ) ;
#1457 = DIRECTION ( 'NONE',  ( 4.565061778886336016E-17, -1.000000000000000000, 0.000000000000000000 ) ) ;
#1458 = EDGE_LOOP ( 'NONE', ( #875, #325, #1487, #1250 ) ) ;
#1459 = DIRECTION ( 'NONE',  ( 0.000000000000000000, 1.000000000000000000, -2.775557561562888984E-15 ) ) ;
#1460 = PLANE ( 'NONE',  #1013 ) ;
#1461 = ORIENTED_EDGE ( 'NONE', *, *, #727, .F. ) ;
#1462 = DIRECTION ( 'NONE',  ( 3.403348548604387975E-17, -1.000000000000000000, -0.000000000000000000 ) ) ;
#1463 = CARTESIAN_POINT ( 'NONE',  ( 0.000000000000000000, 43.49999999999999289, 0.000000000000000000 ) ) ;
#1464 = APPROVAL ( #1264, 'æœª' ) ;
#1465 = CARTESIAN_POINT ( 'NONE',  ( 46.44134295108995047, 4.999999999999990230, 21.75000000000003553 ) ) ;
#1466 = EDGE_CURVE ( 'NONE', #1047, #1246, #1480, .T. ) ;
#1467 = EDGE_LOOP ( 'NONE', ( #713, #1268, #1085, #863 ) ) ;
#1468 = DIRECTION ( 'NONE',  ( -1.000000000000000000, -0.000000000000000000, -0.000000000000000000 ) ) ;
#1469 = ORIENTED_EDGE ( 'NONE', *, *, #751, .F. ) ;
#1470 = PERSON_AND_ORGANIZATION ( #1036, #1231 ) ;
#1471 = ADVANCED_FACE ( 'NONE', ( #642 ), #397, .T. ) ;
#1472 = DIRECTION ( 'NONE',  ( -1.000000000000000000, -0.000000000000000000, -0.000000000000000000 ) ) ;
#1473 = EDGE_CURVE ( 'NONE', #143, #424, #577, .T. ) ;
#1474 = CARTESIAN_POINT ( 'NONE',  ( 34.74999999999998579, 4.999999999999990230, 42.00000000000000000 ) ) ;
#1475 = EDGE_CURVE ( 'NONE', #802, #1177, #372, .T. ) ;
#1476 = ORIENTED_EDGE ( 'NONE', *, *, #1076, .T. ) ;
#1477 = CARTESIAN_POINT ( 'NONE',  ( 0.000000000000000000, 56.93502884254441199, 40.68502884254437646 ) ) ;
#1478 = DIRECTION ( 'NONE',  ( 3.502496153628227604E-17, -1.000000000000000000, 5.724289645002067743E-19 ) ) ;
#1479 = ORIENTED_EDGE ( 'NONE', *, *, #999, .F. ) ;
#1480 = LINE ( 'NONE', #310, #30 ) ;
#1481 = CYLINDRICAL_SURFACE ( 'NONE', #1162, 12.50000000000000355 ) ;
#1482 = ORIENTED_EDGE ( 'NONE', *, *, #83, .T. ) ;
#1483 = AXIS2_PLACEMENT_3D ( 'NONE', #64, #661, #860 ) ;
#1484 = EDGE_LOOP ( 'NONE', ( #1031, #49 ) ) ;
#1485 = DIRECTION ( 'NONE',  ( -1.000000000000000000, -0.000000000000000000, -0.000000000000000000 ) ) ;
#1486 = DIRECTION ( 'NONE',  ( 0.000000000000000000, 0.000000000000000000, 1.000000000000000000 ) ) ;
#1487 = ORIENTED_EDGE ( 'NONE', *, *, #687, .T. ) ;
#1488 = DIRECTION ( 'NONE',  ( -1.000000000000000000, -1.165112782372482859E-16, 0.000000000000000000 ) ) ;
#1489 = CARTESIAN_POINT ( 'NONE',  ( 5.000000000000007105, 9.999999999999987566, 0.000000000000000000 ) ) ;
#1490 = FACE_OUTER_BOUND ( 'NONE', #1102, .T. ) ;
#1491 = ORIENTED_EDGE ( 'NONE', *, *, #1098, .T. ) ;
#1492 = ORIENTED_EDGE ( 'NONE', *, *, #1521, .F. ) ;
#1493 = CARTESIAN_POINT ( 'NONE',  ( 0.000000000000000000, 0.000000000000000000, 0.000000000000000000 ) ) ;
#1494 = CIRCLE ( 'NONE', #1025, 1.250000000000001110 ) ;
#1495 = DIRECTION ( 'NONE',  ( -1.165112782372482859E-16, 1.000000000000000000, -0.000000000000000000 ) ) ;
#1496 = EDGE_CURVE ( 'NONE', #63, #81, #1161, .T. ) ;
#1497 = EDGE_LOOP ( 'NONE', ( #540, #1219, #846, #158 ) ) ;
#1498 = CALENDAR_DATE ( 2026, 25, 4 ) ;
#1499 = VECTOR ( 'NONE', #12, 1000.000000000000000 ) ;
#1500 = FACE_BOUND ( 'NONE', #1422, .T. ) ;
#1501 = VERTEX_POINT ( 'NONE', #1228 ) ;
#1502 = ORIENTED_EDGE ( 'NONE', *, *, #1293, .T. ) ;
#1503 = LINE ( 'NONE', #20, #866 ) ;
#1504 = EDGE_CURVE ( 'NONE', #1190, #807, #987, .T. ) ;
#1505 = CYLINDRICAL_SURFACE ( 'NONE', #974, 28.49999999999999645 ) ;
#1506 = ORIENTED_EDGE ( 'NONE', *, *, #317, .T. ) ;
#1507 = FACE_BOUND ( 'NONE', #360, .T. ) ;
#1508 = EDGE_LOOP ( 'NONE', ( #711, #1003 ) ) ;
#1509 = DIRECTION ( 'NONE',  ( 1.000000000000000000, 0.000000000000000000, 0.000000000000000000 ) ) ;
#1510 = LINE ( 'NONE', #1360, #1068 ) ;
#1511 = DIRECTION ( 'NONE',  ( 1.000000000000000000, 0.000000000000000000, 0.000000000000000000 ) ) ;
#1512 = APPROVAL_ROLE ( '' ) ;
#1513 = DIRECTION ( 'NONE',  ( -1.000000000000000000, -0.000000000000000000, -0.000000000000000000 ) ) ;
#1514 = VERTEX_POINT ( 'NONE', #1128 ) ;
#1515 = CARTESIAN_POINT ( 'NONE',  ( 57.00000000000000000, 65.99999999999998579, 28.49999999999992895 ) ) ;
#1516 = EDGE_CURVE ( 'NONE', #1029, #1367, #535, .T. ) ;
#1517 = CYLINDRICAL_SURFACE ( 'NONE', #1369, 1.250000000000007994 ) ;
#1518 = AXIS2_PLACEMENT_3D ( 'NONE', #1436, #56, #998 ) ;
#1519 = FACE_BOUND ( 'NONE', #570, .T. ) ;
#1520 = CARTESIAN_POINT ( 'NONE',  ( 5.000000000000000000, 71.99999999999998579, 57.00000000000000000 ) ) ;
#1521 = EDGE_CURVE ( 'NONE', #787, #280, #77, .T. ) ;
#1522 = ORIENTED_EDGE ( 'NONE', *, *, #539, .T. ) ;
ENDSEC;
END-ISO-10303-21;
