ISO-10303-21;
HEADER;
FILE_DESCRIPTION (( 'STEP AP203' ),
    '1' );
FILE_NAME ('23Á¬¸Ë.STEP',
    '2026-04-25T04:56:57',
    ( '' ),
    ( '' ),
    'SwSTEP 2.0',
    'SolidWorks 2024',
    '' );
FILE_SCHEMA (( 'CONFIG_CONTROL_DESIGN' ));
ENDSEC;

DATA;
#1 = FACE_OUTER_BOUND ( 'NONE', #1885, .T. ) ;
#2 = ORIENTED_EDGE ( 'NONE', *, *, #1325, .F. ) ;
#3 = AXIS2_PLACEMENT_3D ( 'NONE', #1490, #156, #1049 ) ;
#4 = CARTESIAN_POINT ( 'NONE',  ( 36.00000000000000711, 6.000000000000000000, 4.000000000000000000 ) ) ;
#5 = ORIENTED_EDGE ( 'NONE', *, *, #1621, .T. ) ;
#6 = AXIS2_PLACEMENT_3D ( 'NONE', #135, #263, #718 ) ;
#7 = CARTESIAN_POINT ( 'NONE',  ( 43.75000000000000000, -16.00000000000000000, -1.000000000000000000 ) ) ;
#8 = ORIENTED_EDGE ( 'NONE', *, *, #701, .T. ) ;
#9 = ORIENTED_EDGE ( 'NONE', *, *, #498, .F. ) ;
#10 = AXIS2_PLACEMENT_3D ( 'NONE', #504, #1556, #1547 ) ;
#11 = DIRECTION ( 'NONE',  ( 1.000000000000000000, 0.000000000000000000, 0.000000000000000000 ) ) ;
#12 = ORIENTED_EDGE ( 'NONE', *, *, #609, .F. ) ;
#13 = ORIENTED_EDGE ( 'NONE', *, *, #1592, .F. ) ;
#14 = CARTESIAN_POINT ( 'NONE',  ( 136.2500000000000000, -16.00000000000000000, 0.000000000000000000 ) ) ;
#15 = EDGE_LOOP ( 'NONE', ( #1785, #1476, #554, #1915 ) ) ;
#16 = LINE ( 'NONE', #1635, #1421 ) ;
#17 = ORIENTED_EDGE ( 'NONE', *, *, #355, .T. ) ;
#18 = APPLICATION_CONTEXT ( 'configuration controlled 3d designs of mechanical parts and assemblies' ) ;
#19 = LINE ( 'NONE', #919, #759 ) ;
#20 = ADVANCED_FACE ( 'NONE', ( #1190 ), #148, .F. ) ;
#21 = EDGE_CURVE ( 'NONE', #1442, #1024, #1117, .T. ) ;
#22 = AXIS2_PLACEMENT_3D ( 'NONE', #1270, #559, #1120 ) ;
#23 = ADVANCED_FACE ( 'NONE', ( #1373 ), #631, .F. ) ;
#24 = DIRECTION ( 'NONE',  ( 1.000000000000000000, 0.000000000000000000, 0.000000000000000000 ) ) ;
#25 = ORIENTED_EDGE ( 'NONE', *, *, #846, .T. ) ;
#26 = AXIS2_PLACEMENT_3D ( 'NONE', #364, #205, #639 ) ;
#27 = DIRECTION ( 'NONE',  ( -0.000000000000000000, -0.000000000000000000, 1.000000000000000000 ) ) ;
#28 = AXIS2_PLACEMENT_3D ( 'NONE', #88, #530, #538 ) ;
#29 = AXIS2_PLACEMENT_3D ( 'NONE', #660, #651, #372 ) ;
#30 = DIRECTION ( 'NONE',  ( 0.000000000000000000, 0.000000000000000000, 1.000000000000000000 ) ) ;
#31 = EDGE_CURVE ( 'NONE', #1586, #1147, #1347, .T. ) ;
#32 = CARTESIAN_POINT ( 'NONE',  ( -13.50000000000000000, 0.000000000000000000, 4.000000000000000000 ) ) ;
#33 = CARTESIAN_POINT ( 'NONE',  ( 150.0000000000000000, 0.000000000000000000, 0.000000000000000000 ) ) ;
#34 = ORIENTED_EDGE ( 'NONE', *, *, #1592, .T. ) ;
#35 = AXIS2_PLACEMENT_3D ( 'NONE', #685, #666, #1247 ) ;
#36 = CARTESIAN_POINT ( 'NONE',  ( -6.750000000000135891, 11.69134295108984212, -1.000000000000000000 ) ) ;
#37 = DIRECTION ( 'NONE',  ( 0.4999999999999982236, 0.8660254037844397068, 0.000000000000000000 ) ) ;
#38 = CARTESIAN_POINT ( 'NONE',  ( 46.25000000000000000, -16.00000000000000000, 0.000000000000000000 ) ) ;
#39 = AXIS2_PLACEMENT_3D ( 'NONE', #1079, #328, #1212 ) ;
#40 = ORIENTED_EDGE ( 'NONE', *, *, #875, .T. ) ;
#41 = CARTESIAN_POINT ( 'NONE',  ( 166.5649711574556022, -13.43502884254442620, 4.000000000000000000 ) ) ;
#42 = DIRECTION ( 'NONE',  ( 0.000000000000000000, 1.000000000000000000, 0.000000000000000000 ) ) ;
#43 = VERTEX_POINT ( 'NONE', #444 ) ;
#44 = EDGE_CURVE ( 'NONE', #1383, #1301, #456, .T. ) ;
#45 = CARTESIAN_POINT ( 'NONE',  ( 43.75000000000000000, 16.00000000000000000, 4.000000000000000000 ) ) ;
#46 = DIRECTION ( 'NONE',  ( 0.000000000000000000, 0.000000000000000000, 1.000000000000000000 ) ) ;
#47 = CARTESIAN_POINT ( 'NONE',  ( 193.4350288425445683, -13.43502884254424501, 4.000000000000000000 ) ) ;
#48 = VECTOR ( 'NONE', #719, 1000.000000000000000 ) ;
#49 = ORIENTED_EDGE ( 'NONE', *, *, #1632, .F. ) ;
#50 = FACE_BOUND ( 'NONE', #1387, .T. ) ;
#51 = DIRECTION ( 'NONE',  ( 0.000000000000000000, 0.000000000000000000, 1.000000000000000000 ) ) ;
#52 = DIRECTION ( 'NONE',  ( 1.000000000000000000, 0.000000000000000000, 0.000000000000000000 ) ) ;
#53 = CARTESIAN_POINT ( 'NONE',  ( -6.750000000000135891, 11.69134295108984212, 4.000000000000000000 ) ) ;
#54 = CARTESIAN_POINT ( 'NONE',  ( -7.500000000000000000, 9.184850993605147944E-16, 0.000000000000000000 ) ) ;
#55 = ORIENTED_EDGE ( 'NONE', *, *, #66, .F. ) ;
#56 = CARTESIAN_POINT ( 'NONE',  ( 144.0000000000000000, -6.000000000000000000, 0.000000000000000000 ) ) ;
#57 = DIRECTION ( 'NONE',  ( 0.4999999999999982236, 0.8660254037844397068, 0.000000000000000000 ) ) ;
#58 = ORIENTED_EDGE ( 'NONE', *, *, #1042, .T. ) ;
#59 = CARTESIAN_POINT ( 'NONE',  ( 45.00000000000000000, 16.00000000000000000, 4.000000000000000000 ) ) ;
#60 = DIRECTION ( 'NONE',  ( 0.000000000000000000, 0.000000000000000000, 1.000000000000000000 ) ) ;
#61 = VECTOR ( 'NONE', #840, 1000.000000000000000 ) ;
#62 = PRODUCT_DEFINITION_SHAPE ( 'NONE', 'NONE',  #128 ) ;
#63 = CARTESIAN_POINT ( 'NONE',  ( 90.00000000000000000, 16.00000000000000000, 0.000000000000000000 ) ) ;
#64 = CYLINDRICAL_SURFACE ( 'NONE', #1758, 1.250000000000001110 ) ;
#65 =( GEOMETRIC_REPRESENTATION_CONTEXT ( 3 ) GLOBAL_UNCERTAINTY_ASSIGNED_CONTEXT ( ( #1358 ) ) GLOBAL_UNIT_ASSIGNED_CONTEXT ( ( #923, #1244, #1256 ) ) REPRESENTATION_CONTEXT ( 'NONE', 'WORKASPACE' ) );
#66 = EDGE_CURVE ( 'NONE', #698, #1327, #224, .T. ) ;
#67 = EDGE_CURVE ( 'NONE', #207, #268, #73, .T. ) ;
#68 = DIRECTION ( 'NONE',  ( -0.000000000000000000, -0.000000000000000000, 1.000000000000000000 ) ) ;
#69 = EDGE_CURVE ( 'NONE', #233, #644, #1853, .T. ) ;
#70 = ORIENTED_EDGE ( 'NONE', *, *, #1674, .F. ) ;
#71 = DIRECTION ( 'NONE',  ( 0.000000000000000000, 0.000000000000000000, 1.000000000000000000 ) ) ;
#72 = CARTESIAN_POINT ( 'NONE',  ( 133.7500000000000000, -16.00000000000000000, -1.000000000000000000 ) ) ;
#73 = LINE ( 'NONE', #1705, #447 ) ;
#74 = ORIENTED_EDGE ( 'NONE', *, *, #1323, .T. ) ;
#75 = DIRECTION ( 'NONE',  ( -1.000000000000000000, 0.000000000000000000, 0.000000000000000000 ) ) ;
#76 = EDGE_CURVE ( 'NONE', #1008, #297, #606, .T. ) ;
#77 = DIRECTION ( 'NONE',  ( -0.000000000000000000, -0.000000000000000000, 1.000000000000000000 ) ) ;
#78 = ORIENTED_EDGE ( 'NONE', *, *, #1234, .F. ) ;
#79 = FACE_BOUND ( 'NONE', #1451, .T. ) ;
#80 = CARTESIAN_POINT ( 'NONE',  ( 45.00000000000000000, -16.00000000000000000, -1.000000000000000000 ) ) ;
#81 = VECTOR ( 'NONE', #636, 1000.000000000000000 ) ;
#82 = FACE_OUTER_BOUND ( 'NONE', #477, .T. ) ;
#83 = CIRCLE ( 'NONE', #1157, 1.250000000000001110 ) ;
#84 = DIRECTION ( 'NONE',  ( 1.000000000000000000, 0.000000000000000000, 0.000000000000000000 ) ) ;
#85 = VERTEX_POINT ( 'NONE', #1684 ) ;
#86 = FACE_BOUND ( 'NONE', #873, .T. ) ;
#87 = CIRCLE ( 'NONE', #320, 1.250000000000001110 ) ;
#88 = CARTESIAN_POINT ( 'NONE',  ( -6.749999999999973355, -11.69134295108993804, -1.000000000000000000 ) ) ;
#89 = COORDINATED_UNIVERSAL_TIME_OFFSET ( 8, 0, .AHEAD. ) ;
#90 = ORIENTED_EDGE ( 'NONE', *, *, #1595, .F. ) ;
#91 = FACE_OUTER_BOUND ( 'NONE', #410, .T. ) ;
#92 = CIRCLE ( 'NONE', #1164, 7.500000000000000000 ) ;
#93 = DIRECTION ( 'NONE',  ( 1.000000000000000000, 0.000000000000000000, 0.000000000000000000 ) ) ;
#94 = VECTOR ( 'NONE', #1662, 1000.000000000000000 ) ;
#95 = ORIENTED_EDGE ( 'NONE', *, *, #961, .T. ) ;
#96 = FACE_BOUND ( 'NONE', #822, .T. ) ;
#97 = AXIS2_PLACEMENT_3D ( 'NONE', #1026, #858, #1310 ) ;
#98 = CARTESIAN_POINT ( 'NONE',  ( 133.7500000000000000, -16.00000000000000000, 4.000000000000000000 ) ) ;
#99 = ORIENTED_EDGE ( 'NONE', *, *, #1007, .F. ) ;
#100 = CIRCLE ( 'NONE', #862, 1.250000000000001110 ) ;
#101 = CARTESIAN_POINT ( 'NONE',  ( 166.5649711574556022, -13.43502884254442620, 0.000000000000000000 ) ) ;
#102 = AXIS2_PLACEMENT_3D ( 'NONE', #1511, #626, #1211 ) ;
#103 = CARTESIAN_POINT ( 'NONE',  ( -6.750000000000135891, 11.69134295108984212, 0.000000000000000000 ) ) ;
#104 = DIRECTION ( 'NONE',  ( 1.000000000000000000, 0.000000000000000000, 0.000000000000000000 ) ) ;
#105 = EDGE_CURVE ( 'NONE', #704, #583, #1290, .T. ) ;
#106 = ORIENTED_EDGE ( 'NONE', *, *, #1394, .T. ) ;
#107 = VERTEX_POINT ( 'NONE', #1557 ) ;
#108 = ADVANCED_FACE ( 'NONE', ( #971 ), #356, .F. ) ;
#109 = FACE_BOUND ( 'NONE', #1613, .T. ) ;
#110 = CARTESIAN_POINT ( 'NONE',  ( 133.7500000000000000, 16.00000000000000000, 4.000000000000000000 ) ) ;
#111 = ORIENTED_EDGE ( 'NONE', *, *, #291, .T. ) ;
#112 = DIRECTION ( 'NONE',  ( 0.000000000000000000, 0.000000000000000000, 1.000000000000000000 ) ) ;
#113 = ORIENTED_EDGE ( 'NONE', *, *, #1845, .F. ) ;
#114 = AXIS2_PLACEMENT_3D ( 'NONE', #705, #112, #1895 ) ;
#115 = ORIENTED_EDGE ( 'NONE', *, *, #1182, .T. ) ;
#116 = AXIS2_PLACEMENT_3D ( 'NONE', #335, #505, #1670 ) ;
#117 = DIRECTION ( 'NONE',  ( -1.000000000000000000, 0.000000000000000000, 0.000000000000000000 ) ) ;
#118 = PERSON_AND_ORGANIZATION_ROLE ( 'creator' ) ;
#119 = ORIENTED_EDGE ( 'NONE', *, *, #1356, .T. ) ;
#120 = CIRCLE ( 'NONE', #197, 6.000000000000005329 ) ;
#121 = CARTESIAN_POINT ( 'NONE',  ( 18.31944687606633337, 21.83226662889090619, 4.000000000000000000 ) ) ;
#122 = EDGE_LOOP ( 'NONE', ( #201, #381, #1869, #1563 ) ) ;
#123 = ORIENTED_EDGE ( 'NONE', *, *, #1335, .F. ) ;
#124 = DIRECTION ( 'NONE',  ( 0.000000000000000000, 0.000000000000000000, 1.000000000000000000 ) ) ;
#125 = VECTOR ( 'NONE', #138, 1000.000000000000000 ) ;
#126 = ORIENTED_EDGE ( 'NONE', *, *, #1300, .F. ) ;
#127 = CYLINDRICAL_SURFACE ( 'NONE', #1047, 1.250000000000001110 ) ;
#128 = PRODUCT_DEFINITION ( 'æœ', '', #709, #1378 ) ;
#129 = LINE ( 'NONE', #1303, #815 ) ;
#130 = VECTOR ( 'NONE', #77, 1000.000000000000000 ) ;
#131 = ORIENTED_EDGE ( 'NONE', *, *, #1620, .F. ) ;
#132 = ORIENTED_EDGE ( 'NONE', *, *, #69, .T. ) ;
#133 = VERTEX_POINT ( 'NONE', #940 ) ;
#134 = EDGE_CURVE ( 'NONE', #441, #437, #1538, .T. ) ;
#135 = CARTESIAN_POINT ( 'NONE',  ( 0.000000000000000000, 0.000000000000000000, 4.000000000000000000 ) ) ;
#136 = FACE_OUTER_BOUND ( 'NONE', #1558, .T. ) ;
#137 = ORIENTED_EDGE ( 'NONE', *, *, #1298, .F. ) ;
#138 = DIRECTION ( 'NONE',  ( -0.000000000000000000, -0.000000000000000000, 1.000000000000000000 ) ) ;
#139 = ORIENTED_EDGE ( 'NONE', *, *, #1861, .F. ) ;
#140 = ORIENTED_EDGE ( 'NONE', *, *, #182, .T. ) ;
#141 = AXIS2_PLACEMENT_3D ( 'NONE', #1888, #560, #980 ) ;
#142 = ORIENTED_EDGE ( 'NONE', *, *, #326, .F. ) ;
#143 = CARTESIAN_POINT ( 'NONE',  ( 135.0000000000000000, -16.00000000000000000, 0.000000000000000000 ) ) ;
#144 = CARTESIAN_POINT ( 'NONE',  ( -14.75000000000000000, 1.530808498934190831E-16, 4.000000000000000000 ) ) ;
#145 = ORIENTED_EDGE ( 'NONE', *, *, #1496, .F. ) ;
#146 = ORIENTED_EDGE ( 'NONE', *, *, #307, .F. ) ;
#147 = CARTESIAN_POINT ( 'NONE',  ( 165.3149711574555170, 13.43502884254432672, 0.000000000000000000 ) ) ;
#148 = CYLINDRICAL_SURFACE ( 'NONE', #277, 1.250000000000001110 ) ;
#149 = DIRECTION ( 'NONE',  ( -0.000000000000000000, -0.000000000000000000, -1.000000000000000000 ) ) ;
#150 = ORIENTED_EDGE ( 'NONE', *, *, #1494, .T. ) ;
#151 = LINE ( 'NONE', #463, #1393 ) ;
#152 = ORIENTED_EDGE ( 'NONE', *, *, #326, .T. ) ;
#153 = ADVANCED_FACE ( 'NONE', ( #1831 ), #1106, .F. ) ;
#154 = ORIENTED_EDGE ( 'NONE', *, *, #76, .F. ) ;
#155 = ADVANCED_FACE ( 'NONE', ( #1074 ), #527, .F. ) ;
#156 = DIRECTION ( 'NONE',  ( 0.000000000000000000, 0.000000000000000000, 1.000000000000000000 ) ) ;
#157 = DIRECTION ( 'NONE',  ( -0.000000000000000000, -0.000000000000000000, 1.000000000000000000 ) ) ;
#158 = VERTEX_POINT ( 'NONE', #186 ) ;
#159 = CYLINDRICAL_SURFACE ( 'NONE', #1426, 1.250000000000001110 ) ;
#160 = CARTESIAN_POINT ( 'NONE',  ( 16.03062850654689342, -23.56414542658158240, 4.000000000000000000 ) ) ;
#161 = CARTESIAN_POINT ( 'NONE',  ( 165.3149711574556022, -13.43502884254442620, 4.000000000000000000 ) ) ;
#162 = EDGE_LOOP ( 'NONE', ( #1220, #1894, #249, #55 ) ) ;
#163 = CARTESIAN_POINT ( 'NONE',  ( -7.999999999999972466, -11.69134295108993804, -1.000000000000000000 ) ) ;
#164 = CIRCLE ( 'NONE', #780, 1.250000000000001110 ) ;
#165 = LINE ( 'NONE', #610, #1172 ) ;
#166 = EDGE_LOOP ( 'NONE', ( #918, #1638 ) ) ;
#167 = VECTOR ( 'NONE', #1250, 1000.000000000000000 ) ;
#168 = CYLINDRICAL_SURFACE ( 'NONE', #1671, 1.250000000000001110 ) ;
#169 = DIRECTION ( 'NONE',  ( -0.000000000000000000, -0.000000000000000000, -1.000000000000000000 ) ) ;
#170 = DIRECTION ( 'NONE',  ( 1.000000000000000000, 0.000000000000000000, 0.000000000000000000 ) ) ;
#171 = CARTESIAN_POINT ( 'NONE',  ( -7.500000000000000000, 9.184850993605147944E-16, -1.000000000000000000 ) ) ;
#172 = DIRECTION ( 'NONE',  ( 1.000000000000000000, 0.000000000000000000, 0.000000000000000000 ) ) ;
#173 = EDGE_CURVE ( 'NONE', #1759, #1184, #1786, .T. ) ;
#174 = CIRCLE ( 'NONE', #920, 1.249999999999999334 ) ;
#175 = CARTESIAN_POINT ( 'NONE',  ( 46.25000000000000000, -16.00000000000000000, -1.000000000000000000 ) ) ;
#176 = CARTESIAN_POINT ( 'NONE',  ( 0.000000000000000000, 0.000000000000000000, 0.000000000000000000 ) ) ;
#177 = VECTOR ( 'NONE', #149, 1000.000000000000000 ) ;
#178 = DIRECTION ( 'NONE',  ( 0.000000000000000000, 0.000000000000000000, 1.000000000000000000 ) ) ;
#179 = CIRCLE ( 'NONE', #240, 1.249999999999999556 ) ;
#180 = PERSON_AND_ORGANIZATION_ROLE ( 'design_owner' ) ;
#181 = ORIENTED_EDGE ( 'NONE', *, *, #584, .T. ) ;
#182 = EDGE_CURVE ( 'NONE', #1148, #1435, #1447, .T. ) ;
#183 = DIRECTION ( 'NONE',  ( 0.000000000000000000, 0.000000000000000000, 1.000000000000000000 ) ) ;
#184 = DIRECTION ( 'NONE',  ( 1.000000000000000000, 0.000000000000000000, 0.000000000000000000 ) ) ;
#185 = DIRECTION ( 'NONE',  ( 1.000000000000000000, 0.000000000000000000, 0.000000000000000000 ) ) ;
#186 = CARTESIAN_POINT ( 'NONE',  ( 192.1850288425445683, -13.43502884254424501, 4.000000000000000000 ) ) ;
#187 = DIRECTION ( 'NONE',  ( 0.000000000000000000, 0.000000000000000000, 1.000000000000000000 ) ) ;
#188 = DIRECTION ( 'NONE',  ( 1.000000000000000000, 0.000000000000000000, 0.000000000000000000 ) ) ;
#189 = CARTESIAN_POINT ( 'NONE',  ( 193.4350288425443694, 13.43502884254442620, 4.000000000000000000 ) ) ;
#190 = VECTOR ( 'NONE', #1399, 1000.000000000000000 ) ;
#191 = ORIENTED_EDGE ( 'NONE', *, *, #1236, .F. ) ;
#192 = DIRECTION ( 'NONE',  ( 1.000000000000000000, 0.000000000000000000, 0.000000000000000000 ) ) ;
#193 = AXIS2_PLACEMENT_3D ( 'NONE', #1094, #649, #671 ) ;
#194 = EDGE_CURVE ( 'NONE', #298, #358, #1382, .T. ) ;
#195 = LINE ( 'NONE', #1045, #881 ) ;
#196 = CYLINDRICAL_SURFACE ( 'NONE', #1886, 1.249999999999999334 ) ;
#197 = AXIS2_PLACEMENT_3D ( 'NONE', #777, #1390, #52 ) ;
#198 = EDGE_LOOP ( 'NONE', ( #1808, #1410 ) ) ;
#199 = CC_DESIGN_PERSON_AND_ORGANIZATION_ASSIGNMENT ( #984, #1580, ( #128 ) ) ;
#200 = DIRECTION ( 'NONE',  ( -0.000000000000000000, -0.000000000000000000, -1.000000000000000000 ) ) ;
#201 = ORIENTED_EDGE ( 'NONE', *, *, #1042, .F. ) ;
#202 = FACE_BOUND ( 'NONE', #198, .T. ) ;
#203 = FACE_OUTER_BOUND ( 'NONE', #1286, .T. ) ;
#204 = CARTESIAN_POINT ( 'NONE',  ( 7.999999999999890754, 11.69134295108998245, 0.000000000000000000 ) ) ;
#205 = DIRECTION ( 'NONE',  ( 0.000000000000000000, 0.000000000000000000, 1.000000000000000000 ) ) ;
#206 = EDGE_CURVE ( 'NONE', #1435, #1148, #258, .T. ) ;
#207 = VERTEX_POINT ( 'NONE', #1565 ) ;
#208 = EDGE_CURVE ( 'NONE', #298, #1203, #752, .T. ) ;
#209 = DIRECTION ( 'NONE',  ( 1.000000000000000000, 0.000000000000000000, 0.000000000000000000 ) ) ;
#210 = VERTEX_POINT ( 'NONE', #1229 ) ;
#211 = FACE_BOUND ( 'NONE', #1446, .T. ) ;
#212 = DIRECTION ( 'NONE',  ( 0.000000000000000000, 0.000000000000000000, 1.000000000000000000 ) ) ;
#213 = DIRECTION ( 'NONE',  ( 0.000000000000000000, 0.000000000000000000, 1.000000000000000000 ) ) ;
#214 = DIRECTION ( 'NONE',  ( -0.000000000000000000, -0.000000000000000000, 1.000000000000000000 ) ) ;
#215 = ORIENTED_EDGE ( 'NONE', *, *, #1884, .F. ) ;
#216 = FACE_BOUND ( 'NONE', #1015, .T. ) ;
#217 = SHAPE_DEFINITION_REPRESENTATION ( #62, #350 ) ;
#218 = ORIENTED_EDGE ( 'NONE', *, *, #373, .F. ) ;
#219 = DIRECTION ( 'NONE',  ( 1.000000000000000000, 0.000000000000000000, 0.000000000000000000 ) ) ;
#220 = LINE ( 'NONE', #678, #1362 ) ;
#221 = CIRCLE ( 'NONE', #1750, 9.999999999999998224 ) ;
#222 = CARTESIAN_POINT ( 'NONE',  ( 180.0000000000000000, 0.000000000000000000, 0.000000000000000000 ) ) ;
#223 = CIRCLE ( 'NONE', #573, 28.49999999999998934 ) ;
#224 = LINE ( 'NONE', #931, #167 ) ;
#225 = ORIENTED_EDGE ( 'NONE', *, *, #1453, .F. ) ;
#226 = APPROVAL_DATE_TIME ( #837, #1909 ) ;
#227 = ORIENTED_EDGE ( 'NONE', *, *, #269, .T. ) ;
#228 = EDGE_CURVE ( 'NONE', #583, #704, #516, .T. ) ;
#229 = PLANE ( 'NONE',  #1252 ) ;
#230 = DIRECTION ( 'NONE',  ( 0.000000000000000000, 0.000000000000000000, 1.000000000000000000 ) ) ;
#231 = CIRCLE ( 'NONE', #488, 1.250000000000001110 ) ;
#232 = CYLINDRICAL_SURFACE ( 'NONE', #337, 28.49999999999998934 ) ;
#233 = VERTEX_POINT ( 'NONE', #346 ) ;
#234 = CIRCLE ( 'NONE', #524, 10.00000000000000888 ) ;
#235 = ORIENTED_EDGE ( 'NONE', *, *, #1145, .F. ) ;
#236 = LINE ( 'NONE', #1096, #852 ) ;
#237 = DATE_TIME_ROLE ( 'classification_date' ) ;
#238 = EDGE_LOOP ( 'NONE', ( #1630, #1012 ) ) ;
#239 = CARTESIAN_POINT ( 'NONE',  ( 144.0000000000000000, -6.000000000000000000, 0.000000000000000000 ) ) ;
#240 = AXIS2_PLACEMENT_3D ( 'NONE', #1068, #1663, #933 ) ;
#241 = CYLINDRICAL_SURFACE ( 'NONE', #35, 10.00000000000000888 ) ;
#242 = LINE ( 'NONE', #1430, #61 ) ;
#243 = DIRECTION ( 'NONE',  ( 0.000000000000000000, 0.000000000000000000, 1.000000000000000000 ) ) ;
#244 = DIRECTION ( 'NONE',  ( 1.000000000000000000, 0.000000000000000000, 0.000000000000000000 ) ) ;
#245 = ORIENTED_EDGE ( 'NONE', *, *, #676, .F. ) ;
#246 = ORIENTED_EDGE ( 'NONE', *, *, #314, .T. ) ;
#247 = DIRECTION ( 'NONE',  ( -0.000000000000000000, -0.000000000000000000, -1.000000000000000000 ) ) ;
#248 = CALENDAR_DATE ( 2026, 25, 4 ) ;
#249 = ORIENTED_EDGE ( 'NONE', *, *, #620, .T. ) ;
#250 = DIRECTION ( 'NONE',  ( 0.000000000000000000, 0.000000000000000000, 1.000000000000000000 ) ) ;
#251 = EDGE_LOOP ( 'NONE', ( #34, #115 ) ) ;
#252 = AXIS2_PLACEMENT_3D ( 'NONE', #849, #1457, #1448 ) ;
#253 = LOCAL_TIME ( 12, 56, 57.00000000000000000, #710 ) ;
#254 = FACE_OUTER_BOUND ( 'NONE', #768, .T. ) ;
#255 = ADVANCED_FACE ( 'NONE', ( #790 ), #64, .F. ) ;
#256 = VERTEX_POINT ( 'NONE', #98 ) ;
#257 = ADVANCED_FACE ( 'NONE', ( #546 ), #983, .F. ) ;
#258 = CIRCLE ( 'NONE', #1349, 7.500000000000000000 ) ;
#259 = CALENDAR_DATE ( 2026, 25, 4 ) ;
#260 = AXIS2_PLACEMENT_3D ( 'NONE', #348, #200, #1857 ) ;
#261 = VERTEX_POINT ( 'NONE', #1697 ) ;
#262 = AXIS2_PLACEMENT_3D ( 'NONE', #176, #1683, #766 ) ;
#263 = DIRECTION ( 'NONE',  ( 0.000000000000000000, 0.000000000000000000, 1.000000000000000000 ) ) ;
#264 = DIRECTION ( 'NONE',  ( 1.000000000000000000, 0.000000000000000000, 0.000000000000000000 ) ) ;
#265 = LINE ( 'NONE', #1155, #541 ) ;
#266 = DIRECTION ( 'NONE',  ( -0.000000000000000000, -0.000000000000000000, 1.000000000000000000 ) ) ;
#267 = ORIENTED_EDGE ( 'NONE', *, *, #897, .T. ) ;
#268 = VERTEX_POINT ( 'NONE', #824 ) ;
#269 = EDGE_CURVE ( 'NONE', #434, #256, #1415, .T. ) ;
#270 = AXIS2_PLACEMENT_3D ( 'NONE', #1429, #1690, #947 ) ;
#271 = VERTEX_POINT ( 'NONE', #110 ) ;
#272 = PLANE ( 'NONE',  #589 ) ;
#273 = CARTESIAN_POINT ( 'NONE',  ( -8.000000000000135003, 11.69134295108984212, -1.000000000000000000 ) ) ;
#274 = VECTOR ( 'NONE', #1098, 1000.000000000000000 ) ;
#275 = EDGE_LOOP ( 'NONE', ( #986, #1048, #566, #1178 ) ) ;
#276 = CARTESIAN_POINT ( 'NONE',  ( 16.03062850654689342, 23.56414542658158240, 0.000000000000000000 ) ) ;
#277 = AXIS2_PLACEMENT_3D ( 'NONE', #1219, #1037, #323 ) ;
#278 = VERTEX_POINT ( 'NONE', #1553 ) ;
#279 = ORIENTED_EDGE ( 'NONE', *, *, #773, .T. ) ;
#280 = CARTESIAN_POINT ( 'NONE',  ( 0.000000000000000000, 0.000000000000000000, 0.000000000000000000 ) ) ;
#281 = VERTEX_POINT ( 'NONE', #1867 ) ;
#282 = CARTESIAN_POINT ( 'NONE',  ( 166.5649711574555170, 13.43502884254432672, 4.000000000000000000 ) ) ;
#283 = CYLINDRICAL_SURFACE ( 'NONE', #1432, 1.249999999999999334 ) ;
#284 = VERTEX_POINT ( 'NONE', #1126 ) ;
#285 = ORIENTED_EDGE ( 'NONE', *, *, #1334, .T. ) ;
#286 = VERTEX_POINT ( 'NONE', #1279 ) ;
#287 = CIRCLE ( 'NONE', #570, 1.250000000000001110 ) ;
#288 = CARTESIAN_POINT ( 'NONE',  ( -6.749999999999973355, -11.69134295108993804, 0.000000000000000000 ) ) ;
#289 = DIRECTION ( 'NONE',  ( 0.000000000000000000, 0.000000000000000000, 1.000000000000000000 ) ) ;
#290 = VERTEX_POINT ( 'NONE', #1709 ) ;
#291 = EDGE_CURVE ( 'NONE', #210, #691, #1395, .T. ) ;
#292 = DIRECTION ( 'NONE',  ( -0.000000000000000000, -0.000000000000000000, 1.000000000000000000 ) ) ;
#293 = ADVANCED_FACE ( 'NONE', ( #1578 ), #508, .F. ) ;
#294 = EDGE_CURVE ( 'NONE', #107, #233, #236, .T. ) ;
#295 = ORIENTED_EDGE ( 'NONE', *, *, #69, .F. ) ;
#296 = ORIENTED_EDGE ( 'NONE', *, *, #875, .F. ) ;
#297 = VERTEX_POINT ( 'NONE', #801 ) ;
#298 = VERTEX_POINT ( 'NONE', #1403 ) ;
#299 = CIRCLE ( 'NONE', #460, 1.250000000000011546 ) ;
#300 = CARTESIAN_POINT ( 'NONE',  ( 45.00000000000000000, -16.00000000000000000, -1.000000000000000000 ) ) ;
#301 = ORIENTED_EDGE ( 'NONE', *, *, #1334, .F. ) ;
#302 = DIRECTION ( 'NONE',  ( 0.000000000000000000, -0.000000000000000000, 1.000000000000000000 ) ) ;
#303 = DIRECTION ( 'NONE',  ( 0.000000000000000000, 0.000000000000000000, 1.000000000000000000 ) ) ;
#304 = CARTESIAN_POINT ( 'NONE',  ( 150.0000000000000000, 0.000000000000000000, 0.000000000000000000 ) ) ;
#305 = CARTESIAN_POINT ( 'NONE',  ( 90.00000000000000000, 16.00000000000000000, -1.000000000000000000 ) ) ;
#306 = ORIENTED_EDGE ( 'NONE', *, *, #802, .T. ) ;
#307 = EDGE_CURVE ( 'NONE', #1467, #133, #414, .T. ) ;
#308 = CARTESIAN_POINT ( 'NONE',  ( 144.0000000000000000, 0.000000000000000000, 0.000000000000000000 ) ) ;
#309 = CYLINDRICAL_SURFACE ( 'NONE', #1350, 1.250000000000001110 ) ;
#310 = ORIENTED_EDGE ( 'NONE', *, *, #925, .F. ) ;
#311 = EDGE_CURVE ( 'NONE', #594, #1324, #1856, .T. ) ;
#312 = CARTESIAN_POINT ( 'NONE',  ( 6.749999999999891642, 11.69134295108998245, -1.000000000000000000 ) ) ;
#313 = EDGE_CURVE ( 'NONE', #268, #860, #1100, .T. ) ;
#314 = EDGE_CURVE ( 'NONE', #1609, #1383, #1009, .T. ) ;
#315 = CARTESIAN_POINT ( 'NONE',  ( 88.75000000000000000, -16.00000000000000000, 4.000000000000000000 ) ) ;
#316 = AXIS2_PLACEMENT_3D ( 'NONE', #41, #1811, #632 ) ;
#317 = AXIS2_PLACEMENT_3D ( 'NONE', #1583, #243, #188 ) ;
#318 = DIRECTION ( 'NONE',  ( -0.000000000000000000, -0.000000000000000000, -1.000000000000000000 ) ) ;
#319 = EDGE_LOOP ( 'NONE', ( #1295, #1307 ) ) ;
#320 = AXIS2_PLACEMENT_3D ( 'NONE', #1242, #1287, #791 ) ;
#321 = CYLINDRICAL_SURFACE ( 'NONE', #1217, 1.249999999999999334 ) ;
#322 = FACE_BOUND ( 'NONE', #1776, .T. ) ;
#323 = DIRECTION ( 'NONE',  ( 1.000000000000000000, 0.000000000000000000, 0.000000000000000000 ) ) ;
#324 = ORIENTED_EDGE ( 'NONE', *, *, #307, .T. ) ;
#325 = DIRECTION ( 'NONE',  ( -0.000000000000000000, -0.000000000000000000, 1.000000000000000000 ) ) ;
#326 = EDGE_CURVE ( 'NONE', #1044, #281, #87, .T. ) ;
#327 = CIRCLE ( 'NONE', #1264, 6.000000000000005329 ) ;
#328 = DIRECTION ( 'NONE',  ( -0.000000000000000000, -0.000000000000000000, 1.000000000000000000 ) ) ;
#329 = ORIENTED_EDGE ( 'NONE', *, *, #1145, .T. ) ;
#330 = VECTOR ( 'NONE', #1834, 1000.000000000000000 ) ;
#331 = CARTESIAN_POINT ( 'NONE',  ( 158.3445895613313041, -21.83226662889090619, 4.000000000000000000 ) ) ;
#332 = CIRCLE ( 'NONE', #957, 1.249999999999999334 ) ;
#333 = CYLINDRICAL_SURFACE ( 'NONE', #765, 1.249999999999999334 ) ;
#334 = DIRECTION ( 'NONE',  ( -0.000000000000000000, -0.000000000000000000, 1.000000000000000000 ) ) ;
#335 = CARTESIAN_POINT ( 'NONE',  ( -6.749999999999973355, -11.69134295108993804, -1.000000000000000000 ) ) ;
#336 = CYLINDRICAL_SURFACE ( 'NONE', #1514, 1.249999999999999334 ) ;
#337 = AXIS2_PLACEMENT_3D ( 'NONE', #991, #1730, #1863 ) ;
#338 = DIRECTION ( 'NONE',  ( -0.000000000000000000, -0.000000000000000000, 1.000000000000000000 ) ) ;
#339 = EDGE_CURVE ( 'NONE', #838, #998, #1437, .T. ) ;
#340 = VERTEX_POINT ( 'NONE', #811 ) ;
#341 = DIRECTION ( 'NONE',  ( -1.000000000000000000, 0.000000000000000000, 0.000000000000000000 ) ) ;
#342 = CARTESIAN_POINT ( 'NONE',  ( 14.75000000000000000, 0.000000000000000000, 4.000000000000000000 ) ) ;
#343 = DIRECTION ( 'NONE',  ( 0.000000000000000000, 0.000000000000000000, 1.000000000000000000 ) ) ;
#344 = CARTESIAN_POINT ( 'NONE',  ( 88.75000000000000000, -16.00000000000000000, 0.000000000000000000 ) ) ;
#345 = DIRECTION ( 'NONE',  ( 0.000000000000000000, 0.000000000000000000, 1.000000000000000000 ) ) ;
#346 = CARTESIAN_POINT ( 'NONE',  ( -5.500000000000136779, 11.69134295108984212, 4.000000000000000000 ) ) ;
#347 = EDGE_LOOP ( 'NONE', ( #9, #1195, #433, #225 ) ) ;
#348 = CARTESIAN_POINT ( 'NONE',  ( 21.65541043866861060, 31.83226662889090974, 4.000000000000000000 ) ) ;
#349 = VECTOR ( 'NONE', #1003, 1000.000000000000000 ) ;
#350 = ADVANCED_BREP_SHAPE_REPRESENTATION ( '23\X2\8fde6746\X0\', ( #510, #1398 ), #65 ) ;
#351 = CARTESIAN_POINT ( 'NONE',  ( 88.75000000000000000, 16.00000000000000000, 4.000000000000000000 ) ) ;
#352 = EDGE_CURVE ( 'NONE', #838, #1889, #327, .T. ) ;
#353 = AXIS2_PLACEMENT_3D ( 'NONE', #1391, #1115, #1239 ) ;
#354 = CYLINDRICAL_SURFACE ( 'NONE', #1066, 1.250000000000001110 ) ;
#355 = EDGE_CURVE ( 'NONE', #358, #271, #231, .T. ) ;
#356 = CYLINDRICAL_SURFACE ( 'NONE', #696, 12.50000000000001066 ) ;
#357 = DIRECTION ( 'NONE',  ( 0.000000000000000000, 0.000000000000000000, 1.000000000000000000 ) ) ;
#358 = VERTEX_POINT ( 'NONE', #1743 ) ;
#359 = DIRECTION ( 'NONE',  ( 1.000000000000000000, 6.938893903907222461E-16, 0.000000000000000000 ) ) ;
#360 = CARTESIAN_POINT ( 'NONE',  ( 194.6850288425445683, -13.43502884254424501, 0.000000000000000000 ) ) ;
#361 = DIRECTION ( 'NONE',  ( 0.000000000000000000, 0.000000000000000000, 1.000000000000000000 ) ) ;
#362 = DIRECTION ( 'NONE',  ( 0.000000000000000000, 0.000000000000000000, 1.000000000000000000 ) ) ;
#363 = CIRCLE ( 'NONE', #830, 1.250000000000001110 ) ;
#364 = CARTESIAN_POINT ( 'NONE',  ( 0.000000000000000000, 0.000000000000000000, 0.000000000000000000 ) ) ;
#365 = ORIENTED_EDGE ( 'NONE', *, *, #891, .T. ) ;
#366 = DIRECTION ( 'NONE',  ( 0.000000000000000000, 0.000000000000000000, 1.000000000000000000 ) ) ;
#367 = APPLICATION_CONTEXT ( 'configuration controlled 3d designs of mechanical parts and assemblies' ) ;
#368 = ORIENTED_EDGE ( 'NONE', *, *, #911, .F. ) ;
#369 = CYLINDRICAL_SURFACE ( 'NONE', #1152, 10.00000000000000888 ) ;
#370 = DIRECTION ( 'NONE',  ( 0.5000000000000105471, -0.8660254037844326014, 0.000000000000000000 ) ) ;
#371 = EDGE_LOOP ( 'NONE', ( #368, #674 ) ) ;
#372 = DIRECTION ( 'NONE',  ( 1.000000000000000000, 6.938893903907222461E-16, 0.000000000000000000 ) ) ;
#373 = EDGE_CURVE ( 'NONE', #1322, #1549, #1665, .T. ) ;
#374 = EDGE_CURVE ( 'NONE', #1470, #1269, #1022, .T. ) ;
#375 = DIRECTION ( 'NONE',  ( -0.000000000000000000, -0.000000000000000000, -1.000000000000000000 ) ) ;
#376 = ORIENTED_EDGE ( 'NONE', *, *, #700, .F. ) ;
#377 = CARTESIAN_POINT ( 'NONE',  ( 0.000000000000000000, 0.000000000000000000, 4.000000000000000000 ) ) ;
#378 = CARTESIAN_POINT ( 'NONE',  ( 16.03062850654689342, 23.56414542658158240, 4.000000000000000000 ) ) ;
#379 = FACE_OUTER_BOUND ( 'NONE', #717, .T. ) ;
#380 = CIRCLE ( 'NONE', #316, 1.250000000000001110 ) ;
#381 = ORIENTED_EDGE ( 'NONE', *, *, #1428, .F. ) ;
#382 = ORIENTED_EDGE ( 'NONE', *, *, #1103, .F. ) ;
#383 = FACE_BOUND ( 'NONE', #537, .T. ) ;
#384 = CARTESIAN_POINT ( 'NONE',  ( 90.00000000000000000, 16.00000000000000000, -1.000000000000000000 ) ) ;
#385 = APPROVAL_STATUS ( 'not_yet_approved' ) ;
#386 = EDGE_LOOP ( 'NONE', ( #137, #1055, #8, #1469 ) ) ;
#387 = CARTESIAN_POINT ( 'NONE',  ( 12.25000000000000000, 1.530808498934190831E-16, 4.000000000000000000 ) ) ;
#388 = FACE_OUTER_BOUND ( 'NONE', #122, .T. ) ;
#389 = CARTESIAN_POINT ( 'NONE',  ( 45.00000000000000000, -16.00000000000000000, 0.000000000000000000 ) ) ;
#390 = AXIS2_PLACEMENT_3D ( 'NONE', #280, #854, #872 ) ;
#391 = DIRECTION ( 'NONE',  ( -0.000000000000000000, -0.000000000000000000, 1.000000000000000000 ) ) ;
#392 = VERTEX_POINT ( 'NONE', #884 ) ;
#393 = ORIENTED_EDGE ( 'NONE', *, *, #374, .T. ) ;
#394 = PERSON_AND_ORGANIZATION ( #1702, #1870 ) ;
#395 = ORIENTED_EDGE ( 'NONE', *, *, #1907, .T. ) ;
#396 = ADVANCED_FACE ( 'NONE', ( #1471 ), #1587, .F. ) ;
#397 = DIRECTION ( 'NONE',  ( 1.000000000000000000, 0.000000000000000000, 0.000000000000000000 ) ) ;
#398 = EDGE_CURVE ( 'NONE', #1281, #1324, #1227, .T. ) ;
#399 = CARTESIAN_POINT ( 'NONE',  ( 13.50000000000000000, 0.000000000000000000, 4.000000000000000000 ) ) ;
#400 = ORIENTED_EDGE ( 'NONE', *, *, #1907, .F. ) ;
#401 = DIRECTION ( 'NONE',  ( 1.000000000000000000, 0.000000000000000000, 0.000000000000000000 ) ) ;
#402 = ORIENTED_EDGE ( 'NONE', *, *, #1905, .T. ) ;
#403 = CARTESIAN_POINT ( 'NONE',  ( 136.2500000000000000, -16.00000000000000000, 4.000000000000000000 ) ) ;
#404 = VERTEX_POINT ( 'NONE', #1326 ) ;
#405 = CARTESIAN_POINT ( 'NONE',  ( 166.5649711574555170, 13.43502884254432672, -1.000000000000000000 ) ) ;
#406 = LINE ( 'NONE', #417, #1880 ) ;
#407 = CYLINDRICAL_SURFACE ( 'NONE', #1503, 7.500000000000000000 ) ;
#408 = ADVANCED_FACE ( 'NONE', ( #1 ), #412, .F. ) ;
#409 = EDGE_LOOP ( 'NONE', ( #1345, #805, #1685, #473 ) ) ;
#410 = EDGE_LOOP ( 'NONE', ( #850, #1626, #1879, #145 ) ) ;
#411 = CIRCLE ( 'NONE', #1752, 1.250000000000001110 ) ;
#412 = CYLINDRICAL_SURFACE ( 'NONE', #673, 10.00000000000000000 ) ;
#413 = COORDINATED_UNIVERSAL_TIME_OFFSET ( 8, 0, .AHEAD. ) ;
#414 = CIRCLE ( 'NONE', #1604, 1.250000000000001110 ) ;
#415 = VERTEX_POINT ( 'NONE', #1296 ) ;
#416 = DIRECTION ( 'NONE',  ( 0.000000000000000000, 1.000000000000000000, 0.000000000000000000 ) ) ;
#417 = CARTESIAN_POINT ( 'NONE',  ( 36.00000000000000711, -6.000000000000000000, 4.000000000000000000 ) ) ;
#418 = ORIENTED_EDGE ( 'NONE', *, *, #1510, .F. ) ;
#419 = CARTESIAN_POINT ( 'NONE',  ( -6.750000000000135891, 11.69134295108984212, -1.000000000000000000 ) ) ;
#420 = VECTOR ( 'NONE', #1011, 1000.000000000000000 ) ;
#421 = ORIENTED_EDGE ( 'NONE', *, *, #549, .T. ) ;
#422 = VERTEX_POINT ( 'NONE', #1891 ) ;
#423 = AXIS2_PLACEMENT_3D ( 'NONE', #1498, #1384, #471 ) ;
#424 = DIRECTION ( 'NONE',  ( -1.000000000000000000, 0.000000000000000000, 0.000000000000000000 ) ) ;
#425 = AXIS2_PLACEMENT_3D ( 'NONE', #695, #1292, #968 ) ;
#426 = ORIENTED_EDGE ( 'NONE', *, *, #526, .T. ) ;
#427 = CARTESIAN_POINT ( 'NONE',  ( 144.0000000000000000, 0.000000000000000000, 0.000000000000000000 ) ) ;
#428 = CARTESIAN_POINT ( 'NONE',  ( 135.0000000000000000, -16.00000000000000000, -1.000000000000000000 ) ) ;
#429 = AXIS2_PLACEMENT_3D ( 'NONE', #902, #440, #726 ) ;
#430 = ORIENTED_EDGE ( 'NONE', *, *, #1204, .F. ) ;
#431 = CYLINDRICAL_SURFACE ( 'NONE', #922, 1.249999999999999334 ) ;
#432 = CIRCLE ( 'NONE', #1369, 28.49999999999998934 ) ;
#433 = ORIENTED_EDGE ( 'NONE', *, *, #1010, .T. ) ;
#434 = VERTEX_POINT ( 'NONE', #403 ) ;
#435 = DIRECTION ( 'NONE',  ( 1.000000000000000000, 0.000000000000000000, 0.000000000000000000 ) ) ;
#436 = CARTESIAN_POINT ( 'NONE',  ( 179.9999999999999432, 0.000000000000000000, 0.000000000000000000 ) ) ;
#437 = VERTEX_POINT ( 'NONE', #748 ) ;
#438 = EDGE_CURVE ( 'NONE', #793, #1833, #728, .T. ) ;
#439 = EDGE_CURVE ( 'NONE', #1606, #715, #1248, .T. ) ;
#440 = DIRECTION ( 'NONE',  ( 0.000000000000000000, 0.000000000000000000, 1.000000000000000000 ) ) ;
#441 = VERTEX_POINT ( 'NONE', #899 ) ;
#442 = EDGE_LOOP ( 'NONE', ( #1540, #13, #1575, #95 ) ) ;
#443 = CIRCLE ( 'NONE', #1912, 1.250000000000001110 ) ;
#444 = CARTESIAN_POINT ( 'NONE',  ( 21.65541043866861060, 21.83226662889090619, 0.000000000000000000 ) ) ;
#445 = CARTESIAN_POINT ( 'NONE',  ( 193.4350288425445683, -13.43502884254424501, 0.000000000000000000 ) ) ;
#446 = ORIENTED_EDGE ( 'NONE', *, *, #1243, .T. ) ;
#447 = VECTOR ( 'NONE', #778, 1000.000000000000000 ) ;
#448 = DIRECTION ( 'NONE',  ( 0.000000000000000000, 0.000000000000000000, 1.000000000000000000 ) ) ;
#449 = EDGE_CURVE ( 'NONE', #422, #1840, #92, .T. ) ;
#450 = AXIS2_PLACEMENT_3D ( 'NONE', #63, #757, #630 ) ;
#451 = EDGE_LOOP ( 'NONE', ( #295, #1316 ) ) ;
#452 = ORIENTED_EDGE ( 'NONE', *, *, #921, .F. ) ;
#453 = CYLINDRICAL_SURFACE ( 'NONE', #1657, 1.250000000000001110 ) ;
#454 = EDGE_LOOP ( 'NONE', ( #557, #512, #882, #486 ) ) ;
#455 = DIRECTION ( 'NONE',  ( 0.000000000000000000, 0.000000000000000000, 1.000000000000000000 ) ) ;
#456 = LINE ( 'NONE', #1548, #1255 ) ;
#457 = FACE_OUTER_BOUND ( 'NONE', #1720, .T. ) ;
#458 = VERTEX_POINT ( 'NONE', #161 ) ;
#459 = LINE ( 'NONE', #171, #330 ) ;
#460 = AXIS2_PLACEMENT_3D ( 'NONE', #282, #1473, #416 ) ;
#461 = FACE_OUTER_BOUND ( 'NONE', #15, .T. ) ;
#462 = ORIENTED_EDGE ( 'NONE', *, *, #863, .F. ) ;
#463 = CARTESIAN_POINT ( 'NONE',  ( 21.65541043866861060, 21.83226662889090619, 4.000000000000000000 ) ) ;
#464 = EDGE_CURVE ( 'NONE', #711, #583, #16, .T. ) ;
#465 = CIRCLE ( 'NONE', #682, 1.249999999999998668 ) ;
#466 = ADVANCED_FACE ( 'NONE', ( #1497 ), #1179, .F. ) ;
#467 = DIRECTION ( 'NONE',  ( -0.000000000000000000, -0.000000000000000000, 1.000000000000000000 ) ) ;
#468 = EDGE_CURVE ( 'NONE', #1470, #268, #1328, .T. ) ;
#469 = EDGE_CURVE ( 'NONE', #284, #711, #1826, .T. ) ;
#470 = DIRECTION ( 'NONE',  ( -0.000000000000000000, -0.000000000000000000, 1.000000000000000000 ) ) ;
#471 = DIRECTION ( 'NONE',  ( 1.000000000000000000, 0.000000000000000000, 0.000000000000000000 ) ) ;
#472 = CARTESIAN_POINT ( 'NONE',  ( 193.4350288425445683, -13.43502884254424501, 4.000000000000000000 ) ) ;
#473 = ORIENTED_EDGE ( 'NONE', *, *, #863, .T. ) ;
#474 = ADVANCED_FACE ( 'NONE', ( #203 ), #354, .F. ) ;
#475 = DIRECTION ( 'NONE',  ( 0.000000000000000000, 0.000000000000000000, 1.000000000000000000 ) ) ;
#476 = CARTESIAN_POINT ( 'NONE',  ( -14.75000000000000000, 1.530808498934190831E-16, 0.000000000000000000 ) ) ;
#477 = EDGE_LOOP ( 'NONE', ( #738, #1873, #952, #706 ) ) ;
#478 = LINE ( 'NONE', #605, #94 ) ;
#479 = AXIS2_PLACEMENT_3D ( 'NONE', #1682, #169, #601 ) ;
#480 = CIRCLE ( 'NONE', #1569, 1.250000000000001110 ) ;
#481 = CARTESIAN_POINT ( 'NONE',  ( 166.5649711574555170, 13.43502884254432672, 4.000000000000000000 ) ) ;
#482 = CARTESIAN_POINT ( 'NONE',  ( -12.25000000000000000, 0.000000000000000000, 0.000000000000000000 ) ) ;
#483 = CARTESIAN_POINT ( 'NONE',  ( 0.000000000000000000, 6.000000000000000000, 0.000000000000000000 ) ) ;
#484 = CYLINDRICAL_SURFACE ( 'NONE', #853, 1.250000000000001110 ) ;
#485 = CARTESIAN_POINT ( 'NONE',  ( 90.00000000000000000, -16.00000000000000000, 4.000000000000000000 ) ) ;
#486 = ORIENTED_EDGE ( 'NONE', *, *, #1204, .T. ) ;
#487 = LINE ( 'NONE', #1076, #1605 ) ;
#488 = AXIS2_PLACEMENT_3D ( 'NONE', #1171, #702, #1761 ) ;
#489 = FACE_OUTER_BOUND ( 'NONE', #1622, .T. ) ;
#490 = ORIENTED_EDGE ( 'NONE', *, *, #1444, .T. ) ;
#491 = CIRCLE ( 'NONE', #3, 1.250000000000001110 ) ;
#492 = FACE_OUTER_BOUND ( 'NONE', #1177, .T. ) ;
#493 = DIRECTION ( 'NONE',  ( 1.000000000000000000, 0.000000000000000000, 0.000000000000000000 ) ) ;
#494 = DIRECTION ( 'NONE',  ( -0.000000000000000000, -0.000000000000000000, 1.000000000000000000 ) ) ;
#495 = DIRECTION ( 'NONE',  ( -0.000000000000000000, -0.000000000000000000, 1.000000000000000000 ) ) ;
#496 = VERTEX_POINT ( 'NONE', #656 ) ;
#497 = CARTESIAN_POINT ( 'NONE',  ( 45.00000000000000000, -16.00000000000000000, 4.000000000000000000 ) ) ;
#498 = EDGE_CURVE ( 'NONE', #133, #1467, #1658, .T. ) ;
#499 = CYLINDRICAL_SURFACE ( 'NONE', #39, 1.250000000000001110 ) ;
#500 = EDGE_LOOP ( 'NONE', ( #1277, #111, #997, #1700 ) ) ;
#501 = ADVANCED_FACE ( 'NONE', ( #457 ), #1121, .F. ) ;
#502 = FACE_OUTER_BOUND ( 'NONE', #1779, .T. ) ;
#503 = DIRECTION ( 'NONE',  ( -1.000000000000000000, 0.000000000000000000, 0.000000000000000000 ) ) ;
#504 = CARTESIAN_POINT ( 'NONE',  ( 6.750000000000055067, -11.69134295108989363, -1.000000000000000000 ) ) ;
#505 = DIRECTION ( 'NONE',  ( -0.000000000000000000, -0.000000000000000000, 1.000000000000000000 ) ) ;
#506 = ORIENTED_EDGE ( 'NONE', *, *, #1223, .T. ) ;
#507 = FACE_BOUND ( 'NONE', #1859, .T. ) ;
#508 = CYLINDRICAL_SURFACE ( 'NONE', #28, 1.249999999999999334 ) ;
#509 = CARTESIAN_POINT ( 'NONE',  ( 18.31944687606633337, 21.83226662889090619, 4.000000000000000000 ) ) ;
#510 = MANIFOLD_SOLID_BREP ( 'ÕóÁÐ(ÏßÐÔ)2', #962 ) ;
#511 = AXIS2_PLACEMENT_3D ( 'NONE', #795, #71, #655 ) ;
#512 = ORIENTED_EDGE ( 'NONE', *, *, #978, .F. ) ;
#513 = FACE_BOUND ( 'NONE', #1141, .T. ) ;
#514 = AXIS2_PLACEMENT_3D ( 'NONE', #485, #1693, #1852 ) ;
#515 = ADVANCED_FACE ( 'NONE', ( #379 ), #1898, .F. ) ;
#516 = CIRCLE ( 'NONE', #1696, 1.250000000000001110 ) ;
#517 = DIRECTION ( 'NONE',  ( 1.000000000000000000, 0.000000000000000000, 0.000000000000000000 ) ) ;
#518 = VECTOR ( 'NONE', #1208, 1000.000000000000000 ) ;
#519 = ORIENTED_EDGE ( 'NONE', *, *, #311, .F. ) ;
#520 = DIRECTION ( 'NONE',  ( -0.000000000000000000, -0.000000000000000000, -1.000000000000000000 ) ) ;
#521 = ORIENTED_EDGE ( 'NONE', *, *, #526, .F. ) ;
#522 = EDGE_CURVE ( 'NONE', #552, #458, #829, .T. ) ;
#523 = DIRECTION ( 'NONE',  ( -0.000000000000000000, -0.000000000000000000, 1.000000000000000000 ) ) ;
#524 = AXIS2_PLACEMENT_3D ( 'NONE', #1056, #1343, #1652 ) ;
#525 = CARTESIAN_POINT ( 'NONE',  ( 0.000000000000000000, 0.000000000000000000, 0.000000000000000000 ) ) ;
#526 = EDGE_CURVE ( 'NONE', #1339, #1413, #411, .T. ) ;
#527 = CYLINDRICAL_SURFACE ( 'NONE', #1005, 1.250000000000001110 ) ;
#528 = ORIENTED_EDGE ( 'NONE', *, *, #1740, .F. ) ;
#529 = AXIS2_PLACEMENT_3D ( 'NONE', #578, #913, #618 ) ;
#530 = DIRECTION ( 'NONE',  ( -0.000000000000000000, -0.000000000000000000, 1.000000000000000000 ) ) ;
#531 = AXIS2_PLACEMENT_3D ( 'NONE', #222, #60, #647 ) ;
#532 = PERSON_AND_ORGANIZATION_ROLE ( 'classification_officer' ) ;
#533 = EDGE_LOOP ( 'NONE', ( #1910, #1275 ) ) ;
#534 = DIRECTION ( 'NONE',  ( -1.000000000000000000, -0.000000000000000000, -0.000000000000000000 ) ) ;
#535 = ORIENTED_EDGE ( 'NONE', *, *, #1797, .T. ) ;
#536 = ADVANCED_FACE ( 'NONE', ( #551 ), #407, .F. ) ;
#537 = EDGE_LOOP ( 'NONE', ( #324, #1480 ) ) ;
#538 = DIRECTION ( 'NONE',  ( 1.000000000000000000, 0.000000000000000000, 0.000000000000000000 ) ) ;
#539 = CALENDAR_DATE ( 2026, 25, 4 ) ;
#540 = ORIENTED_EDGE ( 'NONE', *, *, #1207, .F. ) ;
#541 = VECTOR ( 'NONE', #1366, 1000.000000000000000 ) ;
#542 = CARTESIAN_POINT ( 'NONE',  ( 46.25000000000000000, 16.00000000000000000, 4.000000000000000000 ) ) ;
#543 = CARTESIAN_POINT ( 'NONE',  ( 167.8149711574555170, 13.43502884254432672, 0.000000000000000000 ) ) ;
#544 = CARTESIAN_POINT ( 'NONE',  ( 88.75000000000000000, 16.00000000000000000, -1.000000000000000000 ) ) ;
#545 = ORIENTED_EDGE ( 'NONE', *, *, #67, .T. ) ;
#546 = FACE_OUTER_BOUND ( 'NONE', #1472, .T. ) ;
#547 = PERSON_AND_ORGANIZATION ( #1702, #1870 ) ;
#548 = ORIENTED_EDGE ( 'NONE', *, *, #464, .F. ) ;
#549 = EDGE_CURVE ( 'NONE', #1549, #1322, #909, .T. ) ;
#550 = CYLINDRICAL_SURFACE ( 'NONE', #1346, 28.49999999999998934 ) ;
#551 = FACE_OUTER_BOUND ( 'NONE', #1294, .T. ) ;
#552 = VERTEX_POINT ( 'NONE', #989 ) ;
#553 = DIRECTION ( 'NONE',  ( 0.000000000000000000, 0.000000000000000000, 1.000000000000000000 ) ) ;
#554 = ORIENTED_EDGE ( 'NONE', *, *, #1404, .T. ) ;
#555 = CC_DESIGN_APPROVAL ( #804, ( #128 ) ) ;
#556 = PERSON_AND_ORGANIZATION ( #1702, #1870 ) ;
#557 = ORIENTED_EDGE ( 'NONE', *, *, #642, .F. ) ;
#558 = EDGE_CURVE ( 'NONE', #1150, #392, #83, .T. ) ;
#559 = DIRECTION ( 'NONE',  ( -0.000000000000000000, 1.000000000000000000, 0.000000000000000000 ) ) ;
#560 = DIRECTION ( 'NONE',  ( -0.000000000000000000, -0.000000000000000000, 1.000000000000000000 ) ) ;
#561 = EDGE_CURVE ( 'NONE', #1478, #1075, #819, .T. ) ;
#562 = ORIENTED_EDGE ( 'NONE', *, *, #701, .F. ) ;
#563 = EDGE_LOOP ( 'NONE', ( #1790, #1180 ) ) ;
#564 = CARTESIAN_POINT ( 'NONE',  ( 45.00000000000000000, 16.00000000000000000, -1.000000000000000000 ) ) ;
#565 = PERSON_AND_ORGANIZATION ( #1702, #1870 ) ;
#566 = ORIENTED_EDGE ( 'NONE', *, *, #843, .T. ) ;
#567 = DIRECTION ( 'NONE',  ( 1.000000000000000000, 0.000000000000000000, 0.000000000000000000 ) ) ;
#568 = DIRECTION ( 'NONE',  ( 0.000000000000000000, -0.000000000000000000, -1.000000000000000000 ) ) ;
#569 = VERTEX_POINT ( 'NONE', #742 ) ;
#570 = AXIS2_PLACEMENT_3D ( 'NONE', #1036, #585, #596 ) ;
#571 = EDGE_CURVE ( 'NONE', #1383, #1377, #223, .T. ) ;
#572 = ORIENTED_EDGE ( 'NONE', *, *, #173, .F. ) ;
#573 = AXIS2_PLACEMENT_3D ( 'NONE', #1835, #1803, #172 ) ;
#574 = DIRECTION ( 'NONE',  ( 0.000000000000000000, 0.000000000000000000, 1.000000000000000000 ) ) ;
#575 = AXIS2_PLACEMENT_3D ( 'NONE', #1262, #1409, #1864 ) ;
#576 = ORIENTED_EDGE ( 'NONE', *, *, #182, .F. ) ;
#577 = FACE_OUTER_BOUND ( 'NONE', #1166, .T. ) ;
#578 = CARTESIAN_POINT ( 'NONE',  ( 6.750000000000055067, -11.69134295108989363, -1.000000000000000000 ) ) ;
#579 = ORIENTED_EDGE ( 'NONE', *, *, #1919, .T. ) ;
#580 = AXIS2_PLACEMENT_3D ( 'NONE', #564, #1619, #1481 ) ;
#581 = EDGE_LOOP ( 'NONE', ( #1420, #1028 ) ) ;
#582 = EDGE_CURVE ( 'NONE', #392, #1150, #480, .T. ) ;
#583 = VERTEX_POINT ( 'NONE', #315 ) ;
#584 = EDGE_CURVE ( 'NONE', #271, #358, #724, .T. ) ;
#585 = DIRECTION ( 'NONE',  ( 0.000000000000000000, 0.000000000000000000, 1.000000000000000000 ) ) ;
#586 = VECTOR ( 'NONE', #932, 1000.000000000000000 ) ;
#587 = CARTESIAN_POINT ( 'NONE',  ( 21.65541043866861060, 31.83226662889090974, 4.000000000000000000 ) ) ;
#588 = CC_DESIGN_PERSON_AND_ORGANIZATION_ASSIGNMENT ( #1813, #180, ( #812 ) ) ;
#589 = AXIS2_PLACEMENT_3D ( 'NONE', #865, #1465, #1765 ) ;
#590 = ORIENTED_EDGE ( 'NONE', *, *, #1823, .T. ) ;
#591 = DIRECTION ( 'NONE',  ( 1.000000000000000000, 0.000000000000000000, 0.000000000000000000 ) ) ;
#592 = VECTOR ( 'NONE', #1804, 1000.000000000000000 ) ;
#593 = EDGE_LOOP ( 'NONE', ( #215, #1890, #590, #1764 ) ) ;
#594 = VERTEX_POINT ( 'NONE', #1812 ) ;
#595 = ORIENTED_EDGE ( 'NONE', *, *, #313, .T. ) ;
#596 = DIRECTION ( 'NONE',  ( 1.000000000000000000, 0.000000000000000000, 0.000000000000000000 ) ) ;
#597 = EDGE_CURVE ( 'NONE', #1184, #1759, #179, .T. ) ;
#598 = CARTESIAN_POINT ( 'NONE',  ( 36.00000000000000711, 0.000000000000000000, 4.000000000000000000 ) ) ;
#599 = ORIENTED_EDGE ( 'NONE', *, *, #438, .F. ) ;
#600 = EDGE_LOOP ( 'NONE', ( #878, #857 ) ) ;
#601 = DIRECTION ( 'NONE',  ( 1.000000000000000000, -3.469446951953614978E-15, 0.000000000000000000 ) ) ;
#602 = ORIENTED_EDGE ( 'NONE', *, *, #561, .T. ) ;
#603 = CIRCLE ( 'NONE', #1411, 1.249999999999999334 ) ;
#604 = ORIENTED_EDGE ( 'NONE', *, *, #31, .F. ) ;
#605 = CARTESIAN_POINT ( 'NONE',  ( 5.500000000000055955, -11.69134295108989363, -1.000000000000000000 ) ) ;
#606 = CIRCLE ( 'NONE', #193, 6.000000000000005329 ) ;
#607 = EDGE_CURVE ( 'NONE', #552, #1338, #1522, .T. ) ;
#608 = ADVANCED_FACE ( 'NONE', ( #82 ), #232, .T. ) ;
#609 = EDGE_CURVE ( 'NONE', #1301, #1281, #432, .T. ) ;
#610 = CARTESIAN_POINT ( 'NONE',  ( 16.03062850654689697, -23.56414542658158240, 4.000000000000000000 ) ) ;
#611 = AXIS2_PLACEMENT_3D ( 'NONE', #930, #455, #1923 ) ;
#612 = EDGE_LOOP ( 'NONE', ( #12, #306, #90, #506, #245, #659, #1881, #1706, #1087 ) ) ;
#613 = LINE ( 'NONE', #756, #1726 ) ;
#614 = FACE_OUTER_BOUND ( 'NONE', #689, .T. ) ;
#615 = VERTEX_POINT ( 'NONE', #1400 ) ;
#616 = CARTESIAN_POINT ( 'NONE',  ( -13.50000000000000000, 0.000000000000000000, 4.000000000000000000 ) ) ;
#617 = CIRCLE ( 'NONE', #425, 1.249999999999999112 ) ;
#618 = DIRECTION ( 'NONE',  ( 1.000000000000000000, 0.000000000000000000, 0.000000000000000000 ) ) ;
#619 = ORIENTED_EDGE ( 'NONE', *, *, #228, .T. ) ;
#620 = EDGE_CURVE ( 'NONE', #615, #1327, #1775, .T. ) ;
#621 = AXIS2_PLACEMENT_3D ( 'NONE', #305, #1501, #944 ) ;
#622 = CARTESIAN_POINT ( 'NONE',  ( 135.0000000000000000, 16.00000000000000000, -1.000000000000000000 ) ) ;
#623 = CARTESIAN_POINT ( 'NONE',  ( 21.65541043866861060, -21.83226662889090619, 4.000000000000000000 ) ) ;
#624 = ORIENTED_EDGE ( 'NONE', *, *, #1105, .T. ) ;
#625 = DIRECTION ( 'NONE',  ( 0.000000000000000000, 0.000000000000000000, 1.000000000000000000 ) ) ;
#626 = DIRECTION ( 'NONE',  ( 0.000000000000000000, 0.000000000000000000, 1.000000000000000000 ) ) ;
#627 = CARTESIAN_POINT ( 'NONE',  ( 36.00000000000000711, 6.000000000000000000, 0.000000000000000000 ) ) ;
#628 = EDGE_LOOP ( 'NONE', ( #1753, #146, #845, #687 ) ) ;
#629 = DIRECTION ( 'NONE',  ( -1.000000000000000000, -0.000000000000000000, -0.000000000000000000 ) ) ;
#630 = DIRECTION ( 'NONE',  ( 1.000000000000000000, 0.000000000000000000, 0.000000000000000000 ) ) ;
#631 = PLANE ( 'NONE',  #751 ) ;
#632 = DIRECTION ( 'NONE',  ( -1.000000000000000000, 0.000000000000000000, 0.000000000000000000 ) ) ;
#633 = VECTOR ( 'NONE', #745, 1000.000000000000000 ) ;
#634 = ORIENTED_EDGE ( 'NONE', *, *, #1144, .T. ) ;
#635 = CARTESIAN_POINT ( 'NONE',  ( 158.3445895613313041, -21.83226662889090619, 0.000000000000000000 ) ) ;
#636 = DIRECTION ( 'NONE',  ( -0.000000000000000000, -0.000000000000000000, -1.000000000000000000 ) ) ;
#637 = DIRECTION ( 'NONE',  ( -0.000000000000000000, -0.000000000000000000, 1.000000000000000000 ) ) ;
#638 = DIRECTION ( 'NONE',  ( -1.000000000000000000, 0.000000000000000000, 0.000000000000000000 ) ) ;
#639 = DIRECTION ( 'NONE',  ( 1.000000000000000000, 0.000000000000000000, 0.000000000000000000 ) ) ;
#640 = EDGE_CURVE ( 'NONE', #340, #1607, #686, .T. ) ;
#641 = FACE_OUTER_BOUND ( 'NONE', #162, .T. ) ;
#642 = EDGE_CURVE ( 'NONE', #981, #1482, #1408, .T. ) ;
#643 = LINE ( 'NONE', #955, #130 ) ;
#644 = VERTEX_POINT ( 'NONE', #1132 ) ;
#645 = CARTESIAN_POINT ( 'NONE',  ( 194.6850288425445683, -13.43502884254424501, -1.000000000000000000 ) ) ;
#646 = CARTESIAN_POINT ( 'NONE',  ( 135.0000000000000000, 16.00000000000000000, 0.000000000000000000 ) ) ;
#647 = DIRECTION ( 'NONE',  ( 1.000000000000000000, 0.000000000000000000, 0.000000000000000000 ) ) ;
#648 = AXIS2_PLACEMENT_3D ( 'NONE', #1329, #734, #591 ) ;
#649 = DIRECTION ( 'NONE',  ( 0.000000000000000000, 0.000000000000000000, 1.000000000000000000 ) ) ;
#650 = ORIENTED_EDGE ( 'NONE', *, *, #464, .T. ) ;
#651 = DIRECTION ( 'NONE',  ( -0.000000000000000000, -0.000000000000000000, -1.000000000000000000 ) ) ;
#652 = CARTESIAN_POINT ( 'NONE',  ( 135.0000000000000000, -16.00000000000000000, 4.000000000000000000 ) ) ;
#653 = CARTESIAN_POINT ( 'NONE',  ( 135.0000000000000000, -16.00000000000000000, -1.000000000000000000 ) ) ;
#654 = ORIENTED_EDGE ( 'NONE', *, *, #173, .T. ) ;
#655 = DIRECTION ( 'NONE',  ( 1.000000000000000000, 0.000000000000000000, -0.000000000000000000 ) ) ;
#656 = CARTESIAN_POINT ( 'NONE',  ( 144.0000000000000000, 6.000000000000000000, 0.000000000000000000 ) ) ;
#657 = CARTESIAN_POINT ( 'NONE',  ( -28.49999999999998934, 0.000000000000000000, 4.000000000000000000 ) ) ;
#658 = DIRECTION ( 'NONE',  ( -0.000000000000000000, -0.000000000000000000, 1.000000000000000000 ) ) ;
#659 = ORIENTED_EDGE ( 'NONE', *, *, #987, .T. ) ;
#660 = CARTESIAN_POINT ( 'NONE',  ( 158.3445895613313326, -31.83226662889090974, 4.000000000000000000 ) ) ;
#661 = EDGE_CURVE ( 'NONE', #771, #256, #1261, .T. ) ;
#662 = AXIS2_PLACEMENT_3D ( 'NONE', #428, #1354, #1647 ) ;
#663 = EDGE_LOOP ( 'NONE', ( #402, #246, #869, #1237, #279, #1460, #58, #861, #595 ) ) ;
#664 = EDGE_CURVE ( 'NONE', #261, #1063, #1418, .T. ) ;
#665 = DIRECTION ( 'NONE',  ( -0.000000000000000000, -0.000000000000000000, 1.000000000000000000 ) ) ;
#666 = DIRECTION ( 'NONE',  ( -0.000000000000000000, -0.000000000000000000, -1.000000000000000000 ) ) ;
#667 = DIRECTION ( 'NONE',  ( 0.000000000000000000, 0.000000000000000000, 1.000000000000000000 ) ) ;
#668 = ADVANCED_FACE ( 'NONE', ( #970 ), #1389, .F. ) ;
#669 = DIRECTION ( 'NONE',  ( -0.000000000000000000, -0.000000000000000000, 1.000000000000000000 ) ) ;
#670 = VECTOR ( 'NONE', #1541, 1000.000000000000000 ) ;
#671 = DIRECTION ( 'NONE',  ( 1.000000000000000000, 0.000000000000000000, 0.000000000000000000 ) ) ;
#672 = CARTESIAN_POINT ( 'NONE',  ( 167.4999999999999147, 1.530808498934191916E-15, -1.000000000000000000 ) ) ;
#673 = AXIS2_PLACEMENT_3D ( 'NONE', #587, #247, #117 ) ;
#674 = ORIENTED_EDGE ( 'NONE', *, *, #1323, .F. ) ;
#675 = FACE_BOUND ( 'NONE', #1129, .T. ) ;
#676 = EDGE_CURVE ( 'NONE', #1269, #207, #1084, .T. ) ;
#677 = CIRCLE ( 'NONE', #1766, 6.000000000000005329 ) ;
#678 = CARTESIAN_POINT ( 'NONE',  ( 18.31944687606630495, -21.83226662889090619, 4.000000000000000000 ) ) ;
#679 = CIRCLE ( 'NONE', #1170, 1.250000000000001110 ) ;
#680 = DIRECTION ( 'NONE',  ( -1.000000000000000000, 0.000000000000000000, 0.000000000000000000 ) ) ;
#681 = EDGE_LOOP ( 'NONE', ( #1240, #844, #707, #1876 ) ) ;
#682 = AXIS2_PLACEMENT_3D ( 'NONE', #1386, #1836, #57 ) ;
#683 = ORIENTED_EDGE ( 'NONE', *, *, #449, .F. ) ;
#684 = LINE ( 'NONE', #1906, #746 ) ;
#685 = CARTESIAN_POINT ( 'NONE',  ( 158.3445895613313326, -31.83226662889090974, 4.000000000000000000 ) ) ;
#686 = LINE ( 'NONE', #1284, #1678 ) ;
#687 = ORIENTED_EDGE ( 'NONE', *, *, #1774, .T. ) ;
#688 = CARTESIAN_POINT ( 'NONE',  ( 36.00000000000000711, 0.000000000000000000, 4.000000000000000000 ) ) ;
#689 = EDGE_LOOP ( 'NONE', ( #1035, #1441, #976, #1554 ) ) ;
#690 = DIRECTION ( 'NONE',  ( 1.000000000000000000, 0.000000000000000000, -0.000000000000000000 ) ) ;
#691 = VERTEX_POINT ( 'NONE', #1093 ) ;
#692 = VECTOR ( 'NONE', #713, 1000.000000000000000 ) ;
#693 = PLANE ( 'NONE',  #22 ) ;
#694 = CC_DESIGN_APPROVAL ( #1664, ( #709 ) ) ;
#695 = CARTESIAN_POINT ( 'NONE',  ( 6.749999999999891642, 11.69134295108998245, 4.000000000000000000 ) ) ;
#696 = AXIS2_PLACEMENT_3D ( 'NONE', #960, #1839, #517 ) ;
#697 = ORIENTED_EDGE ( 'NONE', *, *, #469, .F. ) ;
#698 = VERTEX_POINT ( 'NONE', #204 ) ;
#699 = VECTOR ( 'NONE', #470, 1000.000000000000000 ) ;
#700 = EDGE_CURVE ( 'NONE', #1377, #1281, #797, .T. ) ;
#701 = EDGE_CURVE ( 'NONE', #1150, #1308, #1851, .T. ) ;
#702 = DIRECTION ( 'NONE',  ( 0.000000000000000000, 0.000000000000000000, 1.000000000000000000 ) ) ;
#703 = ADVANCED_FACE ( 'NONE', ( #1371 ), #333, .F. ) ;
#704 = VERTEX_POINT ( 'NONE', #1216 ) ;
#705 = CARTESIAN_POINT ( 'NONE',  ( 45.00000000000000000, 16.00000000000000000, 0.000000000000000000 ) ) ;
#706 = ORIENTED_EDGE ( 'NONE', *, *, #1736, .T. ) ;
#707 = ORIENTED_EDGE ( 'NONE', *, *, #1595, .T. ) ;
#708 = DIRECTION ( 'NONE',  ( 1.000000000000000000, 0.000000000000000000, 0.000000000000000000 ) ) ;
#709 = PRODUCT_DEFINITION_FORMATION_WITH_SPECIFIED_SOURCE ( 'ä»', '', #812, .NOT_KNOWN. ) ;
#710 = COORDINATED_UNIVERSAL_TIME_OFFSET ( 8, 0, .AHEAD. ) ;
#711 = VERTEX_POINT ( 'NONE', #344 ) ;
#712 = DIRECTION ( 'NONE',  ( 0.000000000000000000, 0.000000000000000000, 1.000000000000000000 ) ) ;
#713 = DIRECTION ( 'NONE',  ( -0.000000000000000000, -0.000000000000000000, 1.000000000000000000 ) ) ;
#714 = EDGE_CURVE ( 'NONE', #779, #771, #1618, .T. ) ;
#715 = VERTEX_POINT ( 'NONE', #45 ) ;
#716 = EDGE_LOOP ( 'NONE', ( #548, #697, #1903, #1796 ) ) ;
#717 = EDGE_LOOP ( 'NONE', ( #744, #1648, #421, #1289 ) ) ;
#718 = DIRECTION ( 'NONE',  ( 1.000000000000000000, 0.000000000000000000, 0.000000000000000000 ) ) ;
#719 = DIRECTION ( 'NONE',  ( -0.000000000000000000, -0.000000000000000000, 1.000000000000000000 ) ) ;
#720 = ORIENTED_EDGE ( 'NONE', *, *, #1820, .T. ) ;
#721 = EDGE_CURVE ( 'NONE', #1695, #998, #1814, .T. ) ;
#722 = EDGE_LOOP ( 'NONE', ( #218, #1901 ) ) ;
#723 = AXIS2_PLACEMENT_3D ( 'NONE', #1083, #898, #1817 ) ;
#724 = CIRCLE ( 'NONE', #102, 1.250000000000001110 ) ;
#725 = EDGE_LOOP ( 'NONE', ( #1655, #365, #1922, #867 ) ) ;
#726 = DIRECTION ( 'NONE',  ( 1.000000000000000000, 0.000000000000000000, 0.000000000000000000 ) ) ;
#727 = EDGE_LOOP ( 'NONE', ( #995, #1571, #1133, #17 ) ) ;
#728 = CIRCLE ( 'NONE', #1763, 1.249999999999999334 ) ;
#729 = ORIENTED_EDGE ( 'NONE', *, *, #640, .T. ) ;
#730 = VERTEX_POINT ( 'NONE', #160 ) ;
#731 = DIRECTION ( 'NONE',  ( 1.000000000000000000, 0.000000000000000000, 0.000000000000000000 ) ) ;
#732 = ADVANCED_FACE ( 'NONE', ( #1059 ), #904, .F. ) ;
#733 = ORIENTED_EDGE ( 'NONE', *, *, #1298, .T. ) ;
#734 = DIRECTION ( 'NONE',  ( 0.000000000000000000, 0.000000000000000000, 1.000000000000000000 ) ) ;
#735 = ORIENTED_EDGE ( 'NONE', *, *, #1236, .T. ) ;
#736 = CARTESIAN_POINT ( 'NONE',  ( 135.0000000000000000, -16.00000000000000000, 4.000000000000000000 ) ) ;
#737 = ORIENTED_EDGE ( 'NONE', *, *, #773, .F. ) ;
#738 = ORIENTED_EDGE ( 'NONE', *, *, #1799, .F. ) ;
#739 = ORIENTED_EDGE ( 'NONE', *, *, #67, .F. ) ;
#740 = CARTESIAN_POINT ( 'NONE',  ( 144.0000000000000000, 0.000000000000000000, 4.000000000000000000 ) ) ;
#741 = EDGE_CURVE ( 'NONE', #711, #284, #1474, .T. ) ;
#742 = CARTESIAN_POINT ( 'NONE',  ( 194.6850288425443694, 13.43502884254442620, 4.000000000000000000 ) ) ;
#743 = CARTESIAN_POINT ( 'NONE',  ( 12.25000000000000000, 1.530808498934190831E-16, 0.000000000000000000 ) ) ;
#744 = ORIENTED_EDGE ( 'NONE', *, *, #1356, .F. ) ;
#745 = DIRECTION ( 'NONE',  ( -0.000000000000000000, -0.000000000000000000, 1.000000000000000000 ) ) ;
#746 = VECTOR ( 'NONE', #534, 1000.000000000000000 ) ;
#747 = APPROVAL_PERSON_ORGANIZATION ( #394, #1909, #1149 ) ;
#748 = CARTESIAN_POINT ( 'NONE',  ( 192.4999999999999432, 0.000000000000000000, 4.000000000000000000 ) ) ;
#749 = DIRECTION ( 'NONE',  ( -1.000000000000000000, 0.000000000000000000, 0.000000000000000000 ) ) ;
#750 = ADVANCED_FACE ( 'NONE', ( #1504 ), #453, .F. ) ;
#751 = AXIS2_PLACEMENT_3D ( 'NONE', #1030, #1341, #1628 ) ;
#752 = CIRCLE ( 'NONE', #575, 1.250000000000001110 ) ;
#753 = DIRECTION ( 'NONE',  ( -0.000000000000000000, -0.000000000000000000, 1.000000000000000000 ) ) ;
#754 = AXIS2_PLACEMENT_3D ( 'NONE', #1527, #345, #1372 ) ;
#755 = ORIENTED_EDGE ( 'NONE', *, *, #1302, .F. ) ;
#756 = CARTESIAN_POINT ( 'NONE',  ( 30.00000000000000000, 6.000000000000000000, 4.000000000000000000 ) ) ;
#757 = DIRECTION ( 'NONE',  ( 0.000000000000000000, 0.000000000000000000, 1.000000000000000000 ) ) ;
#758 = CARTESIAN_POINT ( 'NONE',  ( 88.75000000000000000, 16.00000000000000000, 0.000000000000000000 ) ) ;
#759 = VECTOR ( 'NONE', #1351, 1000.000000000000000 ) ;
#760 = DIRECTION ( 'NONE',  ( 0.000000000000000000, 0.000000000000000000, 1.000000000000000000 ) ) ;
#761 = AXIS2_PLACEMENT_3D ( 'NONE', #646, #230, #969 ) ;
#762 = AXIS2_PLACEMENT_3D ( 'NONE', #770, #338, #1069 ) ;
#763 = DIRECTION ( 'NONE',  ( -1.000000000000000000, 0.000000000000000000, 0.000000000000000000 ) ) ;
#764 = DIRECTION ( 'NONE',  ( -0.000000000000000000, -0.000000000000000000, 1.000000000000000000 ) ) ;
#765 = AXIS2_PLACEMENT_3D ( 'NONE', #788, #764, #1800 ) ;
#766 = DIRECTION ( 'NONE',  ( 1.000000000000000000, 0.000000000000000000, -0.000000000000000000 ) ) ;
#767 = DIRECTION ( 'NONE',  ( 0.000000000000000000, 0.000000000000000000, 1.000000000000000000 ) ) ;
#768 = EDGE_LOOP ( 'NONE', ( #1748, #720, #131, #1330 ) ) ;
#769 = CARTESIAN_POINT ( 'NONE',  ( 150.0000000000000000, 0.000000000000000000, 4.000000000000000000 ) ) ;
#770 = CARTESIAN_POINT ( 'NONE',  ( 45.00000000000000000, 16.00000000000000000, -1.000000000000000000 ) ) ;
#771 = VERTEX_POINT ( 'NONE', #928 ) ;
#772 = CARTESIAN_POINT ( 'NONE',  ( 13.50000000000000000, 0.000000000000000000, -1.000000000000000000 ) ) ;
#773 = EDGE_CURVE ( 'NONE', #730, #1156, #1913, .T. ) ;
#774 = DIRECTION ( 'NONE',  ( -0.000000000000000000, -0.000000000000000000, 1.000000000000000000 ) ) ;
#775 = DIRECTION ( 'NONE',  ( 1.000000000000000000, 0.000000000000000000, 0.000000000000000000 ) ) ;
#776 = EDGE_CURVE ( 'NONE', #1339, #85, #195, .T. ) ;
#777 = CARTESIAN_POINT ( 'NONE',  ( 144.0000000000000000, 0.000000000000000000, 0.000000000000000000 ) ) ;
#778 = DIRECTION ( 'NONE',  ( 0.000000000000000000, 0.000000000000000000, 1.000000000000000000 ) ) ;
#779 = VERTEX_POINT ( 'NONE', #14 ) ;
#780 = AXIS2_PLACEMENT_3D ( 'NONE', #59, #183, #1113 ) ;
#781 = DIRECTION ( 'NONE',  ( 0.000000000000000000, -1.000000000000000000, 0.000000000000000000 ) ) ;
#782 = DIRECTION ( 'NONE',  ( 0.000000000000000000, 0.000000000000000000, 1.000000000000000000 ) ) ;
#783 = LINE ( 'NONE', #509, #274 ) ;
#784 = CIRCLE ( 'NONE', #1192, 1.250000000000001110 ) ;
#785 = CARTESIAN_POINT ( 'NONE',  ( 144.0000000000000000, 0.000000000000000000, 0.000000000000000000 ) ) ;
#786 = CARTESIAN_POINT ( 'NONE',  ( 16.03062850654689342, -23.56414542658158240, 0.000000000000000000 ) ) ;
#787 = CARTESIAN_POINT ( 'NONE',  ( 90.00000000000000000, -16.00000000000000000, 0.000000000000000000 ) ) ;
#788 = CARTESIAN_POINT ( 'NONE',  ( -13.50000000000000000, 0.000000000000000000, -1.000000000000000000 ) ) ;
#789 = CARTESIAN_POINT ( 'NONE',  ( -13.50000000000000000, 0.000000000000000000, -1.000000000000000000 ) ) ;
#790 = FACE_OUTER_BOUND ( 'NONE', #454, .T. ) ;
#791 = DIRECTION ( 'NONE',  ( 1.000000000000000000, 0.000000000000000000, 0.000000000000000000 ) ) ;
#792 = DIRECTION ( 'NONE',  ( -0.000000000000000000, -0.000000000000000000, 1.000000000000000000 ) ) ;
#793 = VERTEX_POINT ( 'NONE', #1789 ) ;
#794 = CIRCLE ( 'NONE', #1186, 1.250000000000001110 ) ;
#795 = CARTESIAN_POINT ( 'NONE',  ( 0.000000000000000000, 0.000000000000000000, 4.000000000000000000 ) ) ;
#796 = DIRECTION ( 'NONE',  ( -0.000000000000000000, -0.000000000000000000, 1.000000000000000000 ) ) ;
#797 = LINE ( 'NONE', #657, #1276 ) ;
#798 = VECTOR ( 'NONE', #68, 1000.000000000000000 ) ;
#799 = CARTESIAN_POINT ( 'NONE',  ( 0.000000000000000000, 0.000000000000000000, 0.000000000000000000 ) ) ;
#800 = EDGE_CURVE ( 'NONE', #496, #1889, #1188, .T. ) ;
#801 = CARTESIAN_POINT ( 'NONE',  ( 144.0000000000000000, 6.000000000000000000, 4.000000000000000000 ) ) ;
#802 = EDGE_CURVE ( 'NONE', #1301, #43, #221, .T. ) ;
#803 = FACE_OUTER_BOUND ( 'NONE', #628, .T. ) ;
#804 = APPROVAL ( #974, 'æœª' ) ;
#805 = ORIENTED_EDGE ( 'NONE', *, *, #1560, .F. ) ;
#806 = FACE_BOUND ( 'NONE', #1837, .T. ) ;
#807 = DIRECTION ( 'NONE',  ( 1.000000000000000000, 0.000000000000000000, 0.000000000000000000 ) ) ;
#808 = CARTESIAN_POINT ( 'NONE',  ( 0.000000000000000000, 0.000000000000000000, 4.000000000000000000 ) ) ;
#809 = DIRECTION ( 'NONE',  ( 0.000000000000000000, 0.000000000000000000, 1.000000000000000000 ) ) ;
#810 = ORIENTED_EDGE ( 'NONE', *, *, #208, .T. ) ;
#811 = CARTESIAN_POINT ( 'NONE',  ( 46.25000000000000000, 16.00000000000000000, 0.000000000000000000 ) ) ;
#812 = PRODUCT ( '23\X2\8fde6746\X0\', '23\X2\8fde6746\X0\', '', ( #1710 ) ) ;
#813 = EDGE_CURVE ( 'NONE', #286, #698, #906, .T. ) ;
#814 = PERSON_AND_ORGANIZATION_ROLE ( 'design_supplier' ) ;
#815 = VECTOR ( 'NONE', #1728, 1000.000000000000000 ) ;
#816 = AXIS2_PLACEMENT_3D ( 'NONE', #1197, #30, #493 ) ;
#817 = VERTEX_POINT ( 'NONE', #1829 ) ;
#818 = CC_DESIGN_APPROVAL ( #1909, ( #1445 ) ) ;
#819 = CIRCLE ( 'NONE', #317, 1.249999999999999334 ) ;
#820 = FACE_BOUND ( 'NONE', #581, .T. ) ;
#821 = DIRECTION ( 'NONE',  ( 1.000000000000000000, 0.000000000000000000, 0.000000000000000000 ) ) ;
#822 = EDGE_LOOP ( 'NONE', ( #1574, #119 ) ) ;
#823 = CARTESIAN_POINT ( 'NONE',  ( 5.500000000000055955, -11.69134295108989363, 0.000000000000000000 ) ) ;
#824 = CARTESIAN_POINT ( 'NONE',  ( 163.9693714934530533, 23.56414542658159661, 4.000000000000000000 ) ) ;
#825 = VECTOR ( 'NONE', #1644, 1000.000000000000000 ) ;
#826 = ORIENTED_EDGE ( 'NONE', *, *, #1309, .F. ) ;
#827 = DIRECTION ( 'NONE',  ( -0.000000000000000000, -0.000000000000000000, 1.000000000000000000 ) ) ;
#828 = CIRCLE ( 'NONE', #1579, 12.50000000000001066 ) ;
#829 = LINE ( 'NONE', #841, #1254 ) ;
#830 = AXIS2_PLACEMENT_3D ( 'NONE', #1463, #1643, #1495 ) ;
#831 = CC_DESIGN_DATE_AND_TIME_ASSIGNMENT ( #1128, #237, ( #1445 ) ) ;
#832 = ORIENTED_EDGE ( 'NONE', *, *, #373, .T. ) ;
#833 = EDGE_LOOP ( 'NONE', ( #1263, #1688, #1544, #654 ) ) ;
#834 = FACE_BOUND ( 'NONE', #600, .T. ) ;
#835 = CARTESIAN_POINT ( 'NONE',  ( 158.3445895613313326, 31.83226662889090974, 4.000000000000000000 ) ) ;
#836 = VECTOR ( 'NONE', #669, 1000.000000000000000 ) ;
#837 = DATE_AND_TIME ( #1893, #1597 ) ;
#838 = VERTEX_POINT ( 'NONE', #1667 ) ;
#839 = DIRECTION ( 'NONE',  ( 1.000000000000000000, 0.000000000000000000, 0.000000000000000000 ) ) ;
#840 = DIRECTION ( 'NONE',  ( 0.000000000000000000, -0.000000000000000000, 1.000000000000000000 ) ) ;
#841 = CARTESIAN_POINT ( 'NONE',  ( 165.3149711574556022, -13.43502884254442620, -1.000000000000000000 ) ) ;
#842 = EDGE_CURVE ( 'NONE', #793, #1322, #1806, .T. ) ;
#843 = EDGE_CURVE ( 'NONE', #644, #233, #1318, .T. ) ;
#844 = ORIENTED_EDGE ( 'NONE', *, *, #1740, .T. ) ;
#845 = ORIENTED_EDGE ( 'NONE', *, *, #1453, .T. ) ;
#846 = EDGE_CURVE ( 'NONE', #297, #415, #613, .T. ) ;
#847 = EDGE_LOOP ( 'NONE', ( #2, #1065, #181, #1772 ) ) ;
#848 = CIRCLE ( 'NONE', #114, 1.250000000000001110 ) ;
#849 = CARTESIAN_POINT ( 'NONE',  ( 179.9999999999999432, 0.000000000000000000, -1.000000000000000000 ) ) ;
#850 = ORIENTED_EDGE ( 'NONE', *, *, #1103, .T. ) ;
#851 = ORIENTED_EDGE ( 'NONE', *, *, #1181, .F. ) ;
#852 = VECTOR ( 'NONE', #964, 1000.000000000000000 ) ;
#853 = AXIS2_PLACEMENT_3D ( 'NONE', #1073, #494, #1669 ) ;
#854 = DIRECTION ( 'NONE',  ( 0.000000000000000000, 0.000000000000000000, 1.000000000000000000 ) ) ;
#855 = ADVANCED_FACE ( 'NONE', ( #1053 ), #321, .F. ) ;
#856 = APPROVAL_ROLE ( '' ) ;
#857 = ORIENTED_EDGE ( 'NONE', *, *, #1181, .T. ) ;
#858 = DIRECTION ( 'NONE',  ( 0.000000000000000000, 0.000000000000000000, 1.000000000000000000 ) ) ;
#859 = DIRECTION ( 'NONE',  ( -0.000000000000000000, -0.000000000000000000, -1.000000000000000000 ) ) ;
#860 = VERTEX_POINT ( 'NONE', #1646 ) ;
#861 = ORIENTED_EDGE ( 'NONE', *, *, #468, .T. ) ;
#862 = AXIS2_PLACEMENT_3D ( 'NONE', #189, #1396, #1676 ) ;
#863 = EDGE_CURVE ( 'NONE', #1032, #458, #380, .T. ) ;
#864 = ORIENTED_EDGE ( 'NONE', *, *, #1010, .F. ) ;
#865 = CARTESIAN_POINT ( 'NONE',  ( 30.00000000000000000, -6.000000000000000000, -1.000000000000000000 ) ) ;
#866 = LINE ( 'NONE', #239, #349 ) ;
#867 = ORIENTED_EDGE ( 'NONE', *, *, #1570, .F. ) ;
#868 = DIRECTION ( 'NONE',  ( 0.000000000000000000, 0.000000000000000000, 1.000000000000000000 ) ) ;
#869 = ORIENTED_EDGE ( 'NONE', *, *, #571, .T. ) ;
#870 = EDGE_LOOP ( 'NONE', ( #1176, #650, #619, #885 ) ) ;
#871 = CARTESIAN_POINT ( 'NONE',  ( 5.500000000000055955, -11.69134295108989363, 4.000000000000000000 ) ) ;
#872 = DIRECTION ( 'NONE',  ( 1.000000000000000000, 0.000000000000000000, 0.000000000000000000 ) ) ;
#873 = EDGE_LOOP ( 'NONE', ( #426, #1677 ) ) ;
#874 = ADVANCED_FACE ( 'NONE', ( #641 ), #336, .F. ) ;
#875 = EDGE_CURVE ( 'NONE', #1435, #422, #459, .T. ) ;
#876 = DIRECTION ( 'NONE',  ( 1.000000000000000000, 0.000000000000000000, 0.000000000000000000 ) ) ;
#877 = LINE ( 'NONE', #4, #592 ) ;
#878 = ORIENTED_EDGE ( 'NONE', *, *, #31, .T. ) ;
#879 = AXIS2_PLACEMENT_3D ( 'NONE', #1738, #250, #264 ) ;
#880 = ORIENTED_EDGE ( 'NONE', *, *, #900, .T. ) ;
#881 = VECTOR ( 'NONE', #302, 1000.000000000000000 ) ;
#882 = ORIENTED_EDGE ( 'NONE', *, *, #1158, .T. ) ;
#883 = DIRECTION ( 'NONE',  ( 0.000000000000000000, 0.000000000000000000, 1.000000000000000000 ) ) ;
#884 = CARTESIAN_POINT ( 'NONE',  ( 43.75000000000000000, -16.00000000000000000, 0.000000000000000000 ) ) ;
#885 = ORIENTED_EDGE ( 'NONE', *, *, #1531, .F. ) ;
#886 = DIRECTION ( 'NONE',  ( 0.000000000000000000, 0.000000000000000000, 1.000000000000000000 ) ) ;
#887 = ORIENTED_EDGE ( 'NONE', *, *, #1105, .F. ) ;
#888 = LINE ( 'NONE', #1485, #125 ) ;
#889 = EDGE_LOOP ( 'NONE', ( #452, #1735, #49, #267 ) ) ;
#890 = ORIENTED_EDGE ( 'NONE', *, *, #206, .F. ) ;
#891 = EDGE_CURVE ( 'NONE', #1024, #1184, #478, .T. ) ;
#892 = AXIS2_PLACEMENT_3D ( 'NONE', #427, #1151, #1745 ) ;
#893 = CARTESIAN_POINT ( 'NONE',  ( 192.1850288425443694, 13.43502884254442620, 4.000000000000000000 ) ) ;
#894 = DIRECTION ( 'NONE',  ( 1.000000000000000000, 0.000000000000000000, 0.000000000000000000 ) ) ;
#895 = ORIENTED_EDGE ( 'NONE', *, *, #1500, .T. ) ;
#896 = DIRECTION ( 'NONE',  ( -0.000000000000000000, -0.000000000000000000, 1.000000000000000000 ) ) ;
#897 = EDGE_CURVE ( 'NONE', #1063, #1008, #677, .T. ) ;
#898 = DIRECTION ( 'NONE',  ( 0.000000000000000000, -0.000000000000000000, 1.000000000000000000 ) ) ;
#899 = CARTESIAN_POINT ( 'NONE',  ( 192.4999999999999432, 0.000000000000000000, 0.000000000000000000 ) ) ;
#900 = EDGE_CURVE ( 'NONE', #404, #107, #1267, .T. ) ;
#901 = DIRECTION ( 'NONE',  ( 0.000000000000000000, 0.000000000000000000, 1.000000000000000000 ) ) ;
#902 = CARTESIAN_POINT ( 'NONE',  ( 193.4350288425443694, 13.43502884254442620, 4.000000000000000000 ) ) ;
#903 = ORIENTED_EDGE ( 'NONE', *, *, #1223, .F. ) ;
#904 = CYLINDRICAL_SURFACE ( 'NONE', #723, 1.250000000000001110 ) ;
#905 = LOCAL_TIME ( 12, 56, 57.00000000000000000, #999 ) ;
#906 = CIRCLE ( 'NONE', #975, 1.249999999999999334 ) ;
#907 = CARTESIAN_POINT ( 'NONE',  ( 144.0000000000000000, -6.000000000000000000, 4.000000000000000000 ) ) ;
#908 = ORIENTED_EDGE ( 'NONE', *, *, #597, .F. ) ;
#909 = CIRCLE ( 'NONE', #1914, 1.249999999999999334 ) ;
#910 = DIRECTION ( 'NONE',  ( 1.000000000000000000, 0.000000000000000000, 0.000000000000000000 ) ) ;
#911 = EDGE_CURVE ( 'NONE', #1308, #1589, #1424, .T. ) ;
#912 = AXIS2_PLACEMENT_3D ( 'NONE', #835, #375, #359 ) ;
#913 = DIRECTION ( 'NONE',  ( 0.000000000000000000, -0.000000000000000000, 1.000000000000000000 ) ) ;
#914 = ORIENTED_EDGE ( 'NONE', *, *, #228, .F. ) ;
#915 = DIRECTION ( 'NONE',  ( 1.000000000000000000, 0.000000000000000000, 0.000000000000000000 ) ) ;
#916 = AXIS2_PLACEMENT_3D ( 'NONE', #1315, #124, #424 ) ;
#917 = FACE_BOUND ( 'NONE', #1843, .T. ) ;
#918 = ORIENTED_EDGE ( 'NONE', *, *, #1560, .T. ) ;
#919 = CARTESIAN_POINT ( 'NONE',  ( 136.2500000000000000, -16.00000000000000000, -1.000000000000000000 ) ) ;
#920 = AXIS2_PLACEMENT_3D ( 'NONE', #616, #1519, #1802 ) ;
#921 = EDGE_CURVE ( 'NONE', #1695, #1008, #1672, .T. ) ;
#922 = AXIS2_PLACEMENT_3D ( 'NONE', #419, #896, #1331 ) ;
#923 =( LENGTH_UNIT ( ) NAMED_UNIT ( * ) SI_UNIT ( .MILLI., .METRE. ) );
#924 = ORIENTED_EDGE ( 'NONE', *, *, #842, .T. ) ;
#925 = EDGE_CURVE ( 'NONE', #1793, #1645, #174, .T. ) ;
#926 = VECTOR ( 'NONE', #792, 1000.000000000000000 ) ;
#927 = FACE_BOUND ( 'NONE', #451, .T. ) ;
#928 = CARTESIAN_POINT ( 'NONE',  ( 133.7500000000000000, -16.00000000000000000, 0.000000000000000000 ) ) ;
#929 = VECTOR ( 'NONE', #391, 1000.000000000000000 ) ;
#930 = CARTESIAN_POINT ( 'NONE',  ( -6.749999999999973355, -11.69134295108993804, 0.000000000000000000 ) ) ;
#931 = CARTESIAN_POINT ( 'NONE',  ( 7.999999999999890754, 11.69134295108998245, -1.000000000000000000 ) ) ;
#932 = DIRECTION ( 'NONE',  ( -0.000000000000000000, -0.000000000000000000, 1.000000000000000000 ) ) ;
#933 = DIRECTION ( 'NONE',  ( -0.5000000000000041078, 0.8660254037844361541, 0.000000000000000000 ) ) ;
#934 = CARTESIAN_POINT ( 'NONE',  ( -14.75000000000000000, 1.530808498934190831E-16, -1.000000000000000000 ) ) ;
#935 = CARTESIAN_POINT ( 'NONE',  ( 133.7500000000000000, 16.00000000000000000, -1.000000000000000000 ) ) ;
#936 = DIRECTION ( 'NONE',  ( 0.000000000000000000, 0.000000000000000000, 1.000000000000000000 ) ) ;
#937 = DIRECTION ( 'NONE',  ( 1.000000000000000000, 0.000000000000000000, 0.000000000000000000 ) ) ;
#938 = DIRECTION ( 'NONE',  ( 0.000000000000000000, 0.000000000000000000, 1.000000000000000000 ) ) ;
#939 = DIRECTION ( 'NONE',  ( -0.000000000000000000, -0.000000000000000000, 1.000000000000000000 ) ) ;
#940 = CARTESIAN_POINT ( 'NONE',  ( 192.1850288425445683, -13.43502884254424501, 0.000000000000000000 ) ) ;
#941 = EDGE_LOOP ( 'NONE', ( #382, #1123, #1617, #993, #1374 ) ) ;
#942 = CIRCLE ( 'NONE', #879, 12.50000000000001066 ) ;
#943 = AXIS2_PLACEMENT_3D ( 'NONE', #288, #883, #1781 ) ;
#944 = DIRECTION ( 'NONE',  ( 1.000000000000000000, 0.000000000000000000, 0.000000000000000000 ) ) ;
#945 = AXIS2_PLACEMENT_3D ( 'NONE', #47, #1222, #781 ) ;
#946 = FACE_BOUND ( 'NONE', #1213, .T. ) ;
#947 = DIRECTION ( 'NONE',  ( 1.000000000000000000, 0.000000000000000000, 0.000000000000000000 ) ) ;
#948 = DIRECTION ( 'NONE',  ( 1.000000000000000000, 0.000000000000000000, 0.000000000000000000 ) ) ;
#949 = DIRECTION ( 'NONE',  ( -0.4999999999999917288, -0.8660254037844434816, 0.000000000000000000 ) ) ;
#950 = EDGE_CURVE ( 'NONE', #1413, #1339, #1332, .T. ) ;
#951 = CARTESIAN_POINT ( 'NONE',  ( 193.4350288425443694, 13.43502884254442620, -1.000000000000000000 ) ) ;
#952 = ORIENTED_EDGE ( 'NONE', *, *, #398, .T. ) ;
#953 = EDGE_CURVE ( 'NONE', #286, #615, #1509, .T. ) ;
#954 = DIRECTION ( 'NONE',  ( -0.000000000000000000, -0.000000000000000000, 1.000000000000000000 ) ) ;
#955 = CARTESIAN_POINT ( 'NONE',  ( 7.500000000000000000, 0.000000000000000000, -1.000000000000000000 ) ) ;
#956 = ORIENTED_EDGE ( 'NONE', *, *, #1510, .T. ) ;
#957 = AXIS2_PLACEMENT_3D ( 'NONE', #1904, #712, #876 ) ;
#958 = DIRECTION ( 'NONE',  ( 1.000000000000000000, 0.000000000000000000, 0.000000000000000000 ) ) ;
#959 = DIRECTION ( 'NONE',  ( 0.000000000000000000, 0.000000000000000000, 1.000000000000000000 ) ) ;
#960 = CARTESIAN_POINT ( 'NONE',  ( 179.9999999999999432, 0.000000000000000000, -1.000000000000000000 ) ) ;
#961 = EDGE_CURVE ( 'NONE', #437, #691, #828, .T. ) ;
#962 = CLOSED_SHELL ( 'NONE', ( #1297, #1844, #396, #474, #501, #1215, #20, #155, #1536, #515, #874, #293, #1737, #1274, #466, #1091, #608, #1499, #1125, #1897, #1675, #750, #1231, #1392, #1642, #23, #1679, #1551, #1506, #1043, #1487, #1353, #257, #408, #703, #536, #855, #668, #153, #1716, #1456, #108, #1159, #1849, #732, #1704, #1639, #1205, #1809, #1883, #255, #1311 ) ) ;
#963 = ORIENTED_EDGE ( 'NONE', *, *, #607, .F. ) ;
#964 = DIRECTION ( 'NONE',  ( -0.000000000000000000, -0.000000000000000000, 1.000000000000000000 ) ) ;
#965 = DIRECTION ( 'NONE',  ( 0.000000000000000000, 0.000000000000000000, 1.000000000000000000 ) ) ;
#966 = VERTEX_POINT ( 'NONE', #893 ) ;
#967 = LINE ( 'NONE', #645, #1783 ) ;
#968 = DIRECTION ( 'NONE',  ( -0.4999999999999917288, -0.8660254037844434816, 0.000000000000000000 ) ) ;
#969 = DIRECTION ( 'NONE',  ( 1.000000000000000000, 0.000000000000000000, 0.000000000000000000 ) ) ;
#970 = FACE_OUTER_BOUND ( 'NONE', #833, .T. ) ;
#971 = FACE_OUTER_BOUND ( 'NONE', #442, .T. ) ;
#972 = EDGE_LOOP ( 'NONE', ( #1406, #78, #1502, #1367 ) ) ;
#973 = DIRECTION ( 'NONE',  ( 1.000000000000000000, 0.000000000000000000, 0.000000000000000000 ) ) ;
#974 = APPROVAL_STATUS ( 'not_yet_approved' ) ;
#975 = AXIS2_PLACEMENT_3D ( 'NONE', #1659, #51, #184 ) ;
#976 = ORIENTED_EDGE ( 'NONE', *, *, #339, .F. ) ;
#977 = AXIS2_PLACEMENT_3D ( 'NONE', #1271, #1131, #1729 ) ;
#978 = EDGE_CURVE ( 'NONE', #1636, #981, #491, .T. ) ;
#979 = CARTESIAN_POINT ( 'NONE',  ( 8.000000000000055067, -11.69134295108989363, -1.000000000000000000 ) ) ;
#980 = DIRECTION ( 'NONE',  ( 1.000000000000000000, 0.000000000000000000, 0.000000000000000000 ) ) ;
#981 = VERTEX_POINT ( 'NONE', #758 ) ;
#982 = ORIENTED_EDGE ( 'NONE', *, *, #776, .T. ) ;
#983 = CYLINDRICAL_SURFACE ( 'NONE', #1507, 10.00000000000000000 ) ;
#984 = PERSON_AND_ORGANIZATION ( #1702, #1870 ) ;
#985 = VECTOR ( 'NONE', #690, 1000.000000000000000 ) ;
#986 = ORIENTED_EDGE ( 'NONE', *, *, #900, .F. ) ;
#987 = EDGE_CURVE ( 'NONE', #1269, #1450, #234, .T. ) ;
#988 = CARTESIAN_POINT ( 'NONE',  ( -12.25000000000000000, 0.000000000000000000, 4.000000000000000000 ) ) ;
#989 = CARTESIAN_POINT ( 'NONE',  ( 165.3149711574556022, -13.43502884254442620, 0.000000000000000000 ) ) ;
#990 = EDGE_CURVE ( 'NONE', #1147, #278, #1210, .T. ) ;
#991 = CARTESIAN_POINT ( 'NONE',  ( 0.000000000000000000, 0.000000000000000000, 4.000000000000000000 ) ) ;
#992 = VERTEX_POINT ( 'NONE', #1822 ) ;
#993 = ORIENTED_EDGE ( 'NONE', *, *, #339, .T. ) ;
#994 = PERSON_AND_ORGANIZATION ( #1702, #1870 ) ;
#995 = ORIENTED_EDGE ( 'NONE', *, *, #1452, .F. ) ;
#996 = LINE ( 'NONE', #979, #1596 ) ;
#997 = ORIENTED_EDGE ( 'NONE', *, *, #1649, .T. ) ;
#998 = VERTEX_POINT ( 'NONE', #56 ) ;
#999 = COORDINATED_UNIVERSAL_TIME_OFFSET ( 8, 0, .AHEAD. ) ;
#1000 = EDGE_LOOP ( 'NONE', ( #1727, #1313, #1821, #1756 ) ) ;
#1001 = FACE_OUTER_BOUND ( 'NONE', #275, .T. ) ;
#1002 = AXIS2_PLACEMENT_3D ( 'NONE', #772, #1534, #219 ) ;
#1003 = DIRECTION ( 'NONE',  ( 0.000000000000000000, 0.000000000000000000, -1.000000000000000000 ) ) ;
#1004 = EDGE_CURVE ( 'NONE', #779, #434, #19, .T. ) ;
#1005 = AXIS2_PLACEMENT_3D ( 'NONE', #951, #658, #821 ) ;
#1006 = EDGE_LOOP ( 'NONE', ( #890, #40, #1333, #1168 ) ) ;
#1007 = EDGE_CURVE ( 'NONE', #1645, #1793, #1865, .T. ) ;
#1008 = VERTEX_POINT ( 'NONE', #769 ) ;
#1009 = CIRCLE ( 'NONE', #260, 9.999999999999998224 ) ;
#1010 = EDGE_CURVE ( 'NONE', #158, #1089, #1101, .T. ) ;
#1011 = DIRECTION ( 'NONE',  ( -0.000000000000000000, -0.000000000000000000, -1.000000000000000000 ) ) ;
#1012 = ORIENTED_EDGE ( 'NONE', *, *, #813, .T. ) ;
#1013 = FACE_OUTER_BOUND ( 'NONE', #889, .T. ) ;
#1014 = CARTESIAN_POINT ( 'NONE',  ( 165.3149711574555170, 13.43502884254432672, 4.000000000000000000 ) ) ;
#1015 = EDGE_LOOP ( 'NONE', ( #5, #735 ) ) ;
#1016 = DIRECTION ( 'NONE',  ( 1.000000000000000000, 0.000000000000000000, 0.000000000000000000 ) ) ;
#1017 = AXIS2_PLACEMENT_3D ( 'NONE', #32, #178, #910 ) ;
#1018 = ORIENTED_EDGE ( 'NONE', *, *, #1797, .F. ) ;
#1019 = ORIENTED_EDGE ( 'NONE', *, *, #468, .F. ) ;
#1020 = CIRCLE ( 'NONE', #1768, 1.250000000000001110 ) ;
#1021 = EDGE_CURVE ( 'NONE', #133, #158, #487, .T. ) ;
#1022 = LINE ( 'NONE', #1443, #420 ) ;
#1023 = CIRCLE ( 'NONE', #1896, 1.250000000000011546 ) ;
#1024 = VERTEX_POINT ( 'NONE', #823 ) ;
#1025 = AXIS2_PLACEMENT_3D ( 'NONE', #1535, #475, #775 ) ;
#1026 = CARTESIAN_POINT ( 'NONE',  ( 158.3445895613313326, 31.83226662889090974, 0.000000000000000000 ) ) ;
#1027 = CYLINDRICAL_SURFACE ( 'NONE', #1127, 28.50000000000002487 ) ;
#1028 = ORIENTED_EDGE ( 'NONE', *, *, #620, .F. ) ;
#1029 = ORIENTED_EDGE ( 'NONE', *, *, #1394, .F. ) ;
#1030 = CARTESIAN_POINT ( 'NONE',  ( 18.31944687606630495, -21.83226662889090619, 4.000000000000000000 ) ) ;
#1031 = CYLINDRICAL_SURFACE ( 'NONE', #662, 1.250000000000001110 ) ;
#1032 = VERTEX_POINT ( 'NONE', #1550 ) ;
#1033 = CIRCLE ( 'NONE', #1692, 1.250000000000000222 ) ;
#1034 = ORIENTED_EDGE ( 'NONE', *, *, #294, .T. ) ;
#1035 = ORIENTED_EDGE ( 'NONE', *, *, #664, .T. ) ;
#1036 = CARTESIAN_POINT ( 'NONE',  ( 45.00000000000000000, 16.00000000000000000, 4.000000000000000000 ) ) ;
#1037 = DIRECTION ( 'NONE',  ( -0.000000000000000000, -0.000000000000000000, 1.000000000000000000 ) ) ;
#1038 = DIRECTION ( 'NONE',  ( 0.000000000000000000, 0.000000000000000000, 1.000000000000000000 ) ) ;
#1039 = ORIENTED_EDGE ( 'NONE', *, *, #846, .F. ) ;
#1040 = FACE_OUTER_BOUND ( 'NONE', #409, .T. ) ;
#1041 = ORIENTED_EDGE ( 'NONE', *, *, #1508, .T. ) ;
#1042 = EDGE_CURVE ( 'NONE', #1486, #1470, #1788, .T. ) ;
#1043 = ADVANCED_FACE ( 'NONE', ( #1278, #1559, #216, #1241, #1124, #1108, #86, #383, #1265, #1422, #96, #1577, #834, #1436, #109, #1882, #507, #1515, #322, #917 ), #1085, .F. ) ;
#1044 = VERTEX_POINT ( 'NONE', #1660 ) ;
#1045 = CARTESIAN_POINT ( 'NONE',  ( 167.8149711574555170, 13.43502884254432672, -1.000000000000000000 ) ) ;
#1046 = CARTESIAN_POINT ( 'NONE',  ( 133.7500000000000000, 16.00000000000000000, 0.000000000000000000 ) ) ;
#1047 = AXIS2_PLACEMENT_3D ( 'NONE', #405, #1754, #567 ) ;
#1048 = ORIENTED_EDGE ( 'NONE', *, *, #1608, .T. ) ;
#1049 = DIRECTION ( 'NONE',  ( 1.000000000000000000, 0.000000000000000000, 0.000000000000000000 ) ) ;
#1050 = AXIS2_PLACEMENT_3D ( 'NONE', #300, #1194, #11 ) ;
#1051 = CYLINDRICAL_SURFACE ( 'NONE', #621, 1.250000000000001110 ) ;
#1052 = ORIENTED_EDGE ( 'NONE', *, *, #314, .F. ) ;
#1053 = FACE_OUTER_BOUND ( 'NONE', #1787, .T. ) ;
#1054 = CARTESIAN_POINT ( 'NONE',  ( 91.25000000000000000, 16.00000000000000000, -1.000000000000000000 ) ) ;
#1055 = ORIENTED_EDGE ( 'NONE', *, *, #558, .F. ) ;
#1056 = CARTESIAN_POINT ( 'NONE',  ( 158.3445895613313326, -31.83226662889090974, 0.000000000000000000 ) ) ;
#1057 = DIRECTION ( 'NONE',  ( -0.000000000000000000, 0.000000000000000000, 1.000000000000000000 ) ) ;
#1058 = ORIENTED_EDGE ( 'NONE', *, *, #1774, .F. ) ;
#1059 = FACE_OUTER_BOUND ( 'NONE', #1661, .T. ) ;
#1060 = AXIS2_PLACEMENT_3D ( 'NONE', #1130, #1582, #839 ) ;
#1061 = VECTOR ( 'NONE', #1206, 1000.000000000000000 ) ;
#1062 = FACE_OUTER_BOUND ( 'NONE', #1731, .T. ) ;
#1063 = VERTEX_POINT ( 'NONE', #907 ) ;
#1064 = EDGE_CURVE ( 'NONE', #281, #1044, #1542, .T. ) ;
#1065 = ORIENTED_EDGE ( 'NONE', *, *, #1452, .T. ) ;
#1066 = AXIS2_PLACEMENT_3D ( 'NONE', #80, #796, #1782 ) ;
#1067 = DIRECTION ( 'NONE',  ( 1.000000000000000000, 0.000000000000000000, 0.000000000000000000 ) ) ;
#1068 = CARTESIAN_POINT ( 'NONE',  ( 6.750000000000055067, -11.69134295108989363, 4.000000000000000000 ) ) ;
#1069 = DIRECTION ( 'NONE',  ( 1.000000000000000000, 0.000000000000000000, 0.000000000000000000 ) ) ;
#1070 = CYLINDRICAL_SURFACE ( 'NONE', #1288, 6.000000000000005329 ) ;
#1071 = DIRECTION ( 'NONE',  ( 1.000000000000000000, 0.000000000000000000, 0.000000000000000000 ) ) ;
#1072 = AXIS2_PLACEMENT_3D ( 'NONE', #1703, #1092, #1104 ) ;
#1073 = CARTESIAN_POINT ( 'NONE',  ( 193.4350288425443694, 13.43502884254442620, -1.000000000000000000 ) ) ;
#1074 = FACE_OUTER_BOUND ( 'NONE', #1342, .T. ) ;
#1075 = VERTEX_POINT ( 'NONE', #476 ) ;
#1076 = CARTESIAN_POINT ( 'NONE',  ( 192.1850288425445683, -13.43502884254424501, -1.000000000000000000 ) ) ;
#1077 = AXIS2_PLACEMENT_3D ( 'NONE', #497, #187, #749 ) ;
#1078 = CIRCLE ( 'NONE', #97, 10.00000000000000888 ) ;
#1079 = CARTESIAN_POINT ( 'NONE',  ( 193.4350288425445683, -13.43502884254424501, -1.000000000000000000 ) ) ;
#1080 = EDGE_LOOP ( 'NONE', ( #1874, #1397, #1593, #150 ) ) ;
#1081 = CARTESIAN_POINT ( 'NONE',  ( 18.31944687606630495, -21.83226662889090619, 0.000000000000000000 ) ) ;
#1082 = DIRECTION ( 'NONE',  ( -0.000000000000000000, -0.000000000000000000, 1.000000000000000000 ) ) ;
#1083 = CARTESIAN_POINT ( 'NONE',  ( 166.5649711574555170, 13.43502884254432672, -1.000000000000000000 ) ) ;
#1084 = CIRCLE ( 'NONE', #531, 28.50000000000002487 ) ;
#1085 = PLANE ( 'NONE',  #262 ) ;
#1086 = CARTESIAN_POINT ( 'NONE',  ( 136.2500000000000000, 16.00000000000000000, -1.000000000000000000 ) ) ;
#1087 = ORIENTED_EDGE ( 'NONE', *, *, #398, .F. ) ;
#1088 = DIRECTION ( 'NONE',  ( 1.000000000000000000, 0.000000000000000000, 0.000000000000000000 ) ) ;
#1089 = VERTEX_POINT ( 'NONE', #1218 ) ;
#1090 = LINE ( 'NONE', #1524, #81 ) ;
#1091 = ADVANCED_FACE ( 'NONE', ( #1361 ), #196, .F. ) ;
#1092 = DIRECTION ( 'NONE',  ( -0.000000000000000000, -0.000000000000000000, 1.000000000000000000 ) ) ;
#1093 = CARTESIAN_POINT ( 'NONE',  ( 167.4999999999999147, 1.530808498934191127E-15, 4.000000000000000000 ) ) ;
#1094 = CARTESIAN_POINT ( 'NONE',  ( 144.0000000000000000, 0.000000000000000000, 4.000000000000000000 ) ) ;
#1095 = ORIENTED_EDGE ( 'NONE', *, *, #44, .F. ) ;
#1096 = CARTESIAN_POINT ( 'NONE',  ( -5.500000000000136779, 11.69134295108984212, -1.000000000000000000 ) ) ;
#1097 = VECTOR ( 'NONE', #214, 1000.000000000000000 ) ;
#1098 = DIRECTION ( 'NONE',  ( -1.000000000000000000, -0.000000000000000000, -0.000000000000000000 ) ) ;
#1099 = ORIENTED_EDGE ( 'NONE', *, *, #802, .F. ) ;
#1100 = CIRCLE ( 'NONE', #912, 10.00000000000000888 ) ;
#1101 = CIRCLE ( 'NONE', #945, 1.250000000000011546 ) ;
#1102 = CARTESIAN_POINT ( 'NONE',  ( -13.50000000000000000, 0.000000000000000000, 0.000000000000000000 ) ) ;
#1103 = EDGE_CURVE ( 'NONE', #496, #1695, #120, .T. ) ;
#1104 = DIRECTION ( 'NONE',  ( 1.000000000000000000, 0.000000000000000000, 0.000000000000000000 ) ) ;
#1105 = EDGE_CURVE ( 'NONE', #458, #1032, #784, .T. ) ;
#1106 = CYLINDRICAL_SURFACE ( 'NONE', #116, 1.249999999999999334 ) ;
#1107 = ORIENTED_EDGE ( 'NONE', *, *, #978, .T. ) ;
#1108 = FACE_BOUND ( 'NONE', #166, .T. ) ;
#1109 = DIRECTION ( 'NONE',  ( 1.000000000000000000, 0.000000000000000000, 0.000000000000000000 ) ) ;
#1110 = APPLICATION_PROTOCOL_DEFINITION ( 'international standard', 'config_control_design', 1994, #367 ) ;
#1111 = EDGE_LOOP ( 'NONE', ( #376, #1191, #1599, #1711 ) ) ;
#1112 = CIRCLE ( 'NONE', #6, 7.500000000000000000 ) ;
#1113 = DIRECTION ( 'NONE',  ( 1.000000000000000000, 0.000000000000000000, 0.000000000000000000 ) ) ;
#1114 = CIRCLE ( 'NONE', #429, 1.250000000000001110 ) ;
#1115 = DIRECTION ( 'NONE',  ( 0.000000000000000000, 0.000000000000000000, 1.000000000000000000 ) ) ;
#1116 = VECTOR ( 'NONE', #637, 1000.000000000000000 ) ;
#1117 = CIRCLE ( 'NONE', #1370, 1.250000000000000222 ) ;
#1118 = ORIENTED_EDGE ( 'NONE', *, *, #1736, .F. ) ;
#1119 = ORIENTED_EDGE ( 'NONE', *, *, #1404, .F. ) ;
#1120 = DIRECTION ( 'NONE',  ( 0.000000000000000000, -0.000000000000000000, 1.000000000000000000 ) ) ;
#1121 = CYLINDRICAL_SURFACE ( 'NONE', #977, 1.250000000000001110 ) ;
#1122 = ORIENTED_EDGE ( 'NONE', *, *, #582, .F. ) ;
#1123 = ORIENTED_EDGE ( 'NONE', *, *, #800, .T. ) ;
#1124 = FACE_BOUND ( 'NONE', #941, .T. ) ;
#1125 = ADVANCED_FACE ( 'NONE', ( #1505 ), #309, .F. ) ;
#1126 = CARTESIAN_POINT ( 'NONE',  ( 91.25000000000000000, -16.00000000000000000, 0.000000000000000000 ) ) ;
#1127 = AXIS2_PLACEMENT_3D ( 'NONE', #1629, #318, #1483 ) ;
#1128 = DATE_AND_TIME ( #259, #253 ) ;
#1129 = EDGE_LOOP ( 'NONE', ( #1018, #139 ) ) ;
#1130 = CARTESIAN_POINT ( 'NONE',  ( 179.9999999999999432, 0.000000000000000000, 4.000000000000000000 ) ) ;
#1131 = DIRECTION ( 'NONE',  ( -0.000000000000000000, -0.000000000000000000, 1.000000000000000000 ) ) ;
#1132 = CARTESIAN_POINT ( 'NONE',  ( -8.000000000000135003, 11.69134295108984212, 4.000000000000000000 ) ) ;
#1133 = ORIENTED_EDGE ( 'NONE', *, *, #194, .T. ) ;
#1134 = DIRECTION ( 'NONE',  ( -0.000000000000000000, -0.000000000000000000, -1.000000000000000000 ) ) ;
#1135 = ORIENTED_EDGE ( 'NONE', *, *, #664, .F. ) ;
#1136 = CARTESIAN_POINT ( 'NONE',  ( 167.8149711574556022, -13.43502884254442620, -1.000000000000000000 ) ) ;
#1137 = CIRCLE ( 'NONE', #1866, 1.249999999999999334 ) ;
#1138 = CARTESIAN_POINT ( 'NONE',  ( 0.000000000000000000, 0.000000000000000000, -1.000000000000000000 ) ) ;
#1139 = EDGE_LOOP ( 'NONE', ( #1230, #1825, #1732, #1918 ) ) ;
#1140 = APPROVAL_PERSON_ORGANIZATION ( #565, #804, #856 ) ;
#1141 = EDGE_LOOP ( 'NONE', ( #540, #683 ) ) ;
#1142 = EDGE_LOOP ( 'NONE', ( #1615, #1760, #1770, #227 ) ) ;
#1143 = CARTESIAN_POINT ( 'NONE',  ( 43.75000000000000000, 16.00000000000000000, 0.000000000000000000 ) ) ;
#1144 = EDGE_CURVE ( 'NONE', #981, #1636, #1293, .T. ) ;
#1145 = EDGE_CURVE ( 'NONE', #1586, #290, #1537, .T. ) ;
#1146 = CC_DESIGN_DATE_AND_TIME_ASSIGNMENT ( #1280, #1734, ( #128 ) ) ;
#1147 = VERTEX_POINT ( 'NONE', #1807 ) ;
#1148 = VERTEX_POINT ( 'NONE', #1651 ) ;
#1149 = APPROVAL_ROLE ( '' ) ;
#1150 = VERTEX_POINT ( 'NONE', #38 ) ;
#1151 = DIRECTION ( 'NONE',  ( -0.000000000000000000, -0.000000000000000000, 1.000000000000000000 ) ) ;
#1152 = AXIS2_PLACEMENT_3D ( 'NONE', #1827, #1860, #341 ) ;
#1153 = AXIS2_PLACEMENT_3D ( 'NONE', #308, #1641, #1226 ) ;
#1154 = CARTESIAN_POINT ( 'NONE',  ( 43.75000000000000000, -16.00000000000000000, 4.000000000000000000 ) ) ;
#1155 = CARTESIAN_POINT ( 'NONE',  ( 158.3445895613313326, -21.83226662889090619, 4.000000000000000000 ) ) ;
#1156 = VERTEX_POINT ( 'NONE', #623 ) ;
#1157 = AXIS2_PLACEMENT_3D ( 'NONE', #389, #667, #1260 ) ;
#1158 = EDGE_CURVE ( 'NONE', #1636, #817, #1818, .T. ) ;
#1159 = ADVANCED_FACE ( 'NONE', ( #1062 ), #484, .F. ) ;
#1160 = ORIENTED_EDGE ( 'NONE', *, *, #950, .F. ) ;
#1161 = AXIS2_PLACEMENT_3D ( 'NONE', #1561, #1423, #209 ) ;
#1162 = ORIENTED_EDGE ( 'NONE', *, *, #776, .F. ) ;
#1163 = DIRECTION ( 'NONE',  ( 0.000000000000000000, 0.000000000000000000, 1.000000000000000000 ) ) ;
#1164 = AXIS2_PLACEMENT_3D ( 'NONE', #808, #212, #948 ) ;
#1165 = FACE_OUTER_BOUND ( 'NONE', #725, .T. ) ;
#1166 = EDGE_LOOP ( 'NONE', ( #1160, #285, #579, #1162 ) ) ;
#1167 = AXIS2_PLACEMENT_3D ( 'NONE', #1193, #625, #1067 ) ;
#1168 = ORIENTED_EDGE ( 'NONE', *, *, #1908, .F. ) ;
#1169 = ORIENTED_EDGE ( 'NONE', *, *, #582, .T. ) ;
#1170 = AXIS2_PLACEMENT_3D ( 'NONE', #1916, #1623, #1455 ) ;
#1171 = CARTESIAN_POINT ( 'NONE',  ( 135.0000000000000000, 16.00000000000000000, 4.000000000000000000 ) ) ;
#1172 = VECTOR ( 'NONE', #289, 1000.000000000000000 ) ;
#1173 = ORIENTED_EDGE ( 'NONE', *, *, #714, .T. ) ;
#1174 = AXIS2_PLACEMENT_3D ( 'NONE', #1530, #782, #1233 ) ;
#1175 = CYLINDRICAL_SURFACE ( 'NONE', #1050, 1.250000000000001110 ) ;
#1176 = ORIENTED_EDGE ( 'NONE', *, *, #741, .F. ) ;
#1177 = EDGE_LOOP ( 'NONE', ( #113, #599, #924, #832 ) ) ;
#1178 = ORIENTED_EDGE ( 'NONE', *, *, #294, .F. ) ;
#1179 = CYLINDRICAL_SURFACE ( 'NONE', #1072, 7.500000000000000000 ) ;
#1180 = ORIENTED_EDGE ( 'NONE', *, *, #1919, .F. ) ;
#1181 = EDGE_CURVE ( 'NONE', #1147, #1586, #1449, .T. ) ;
#1182 = EDGE_CURVE ( 'NONE', #210, #441, #1698, .T. ) ;
#1183 = LINE ( 'NONE', #1512, #177 ) ;
#1184 = VERTEX_POINT ( 'NONE', #871 ) ;
#1185 = CARTESIAN_POINT ( 'NONE',  ( -28.49999999999998934, 0.000000000000000000, 0.000000000000000000 ) ) ;
#1186 = AXIS2_PLACEMENT_3D ( 'NONE', #1773, #1801, #435 ) ;
#1187 = ORIENTED_EDGE ( 'NONE', *, *, #439, .T. ) ;
#1188 = LINE ( 'NONE', #483, #1061 ) ;
#1189 = ORIENTED_EDGE ( 'NONE', *, *, #558, .T. ) ;
#1190 = FACE_OUTER_BOUND ( 'NONE', #347, .T. ) ;
#1191 = ORIENTED_EDGE ( 'NONE', *, *, #571, .F. ) ;
#1192 = AXIS2_PLACEMENT_3D ( 'NONE', #1830, #46, #638 ) ;
#1193 = CARTESIAN_POINT ( 'NONE',  ( 166.5649711574555170, 13.43502884254432672, 0.000000000000000000 ) ) ;
#1194 = DIRECTION ( 'NONE',  ( -0.000000000000000000, -0.000000000000000000, 1.000000000000000000 ) ) ;
#1195 = ORIENTED_EDGE ( 'NONE', *, *, #1021, .T. ) ;
#1196 = LINE ( 'NONE', #7, #1552 ) ;
#1197 = CARTESIAN_POINT ( 'NONE',  ( 90.00000000000000000, -16.00000000000000000, 0.000000000000000000 ) ) ;
#1198 = AXIS2_PLACEMENT_3D ( 'NONE', #736, #959, #763 ) ;
#1199 = ORIENTED_EDGE ( 'NONE', *, *, #1300, .T. ) ;
#1200 = CARTESIAN_POINT ( 'NONE',  ( 179.9999999999999432, 0.000000000000000000, 4.000000000000000000 ) ) ;
#1201 = APPROVAL_PERSON_ORGANIZATION ( #547, #1664, #1588 ) ;
#1202 = DIRECTION ( 'NONE',  ( 1.000000000000000000, 0.000000000000000000, 0.000000000000000000 ) ) ;
#1203 = VERTEX_POINT ( 'NONE', #1046 ) ;
#1204 = EDGE_CURVE ( 'NONE', #817, #1482, #363, .T. ) ;
#1205 = ADVANCED_FACE ( 'NONE', ( #614 ), #272, .F. ) ;
#1206 = DIRECTION ( 'NONE',  ( -1.000000000000000000, -0.000000000000000000, 0.000000000000000000 ) ) ;
#1207 = EDGE_CURVE ( 'NONE', #1840, #422, #1112, .T. ) ;
#1208 = DIRECTION ( 'NONE',  ( -0.000000000000000000, -0.000000000000000000, 1.000000000000000000 ) ) ;
#1209 = ORIENTED_EDGE ( 'NONE', *, *, #1757, .T. ) ;
#1210 = LINE ( 'NONE', #163, #1611 ) ;
#1211 = DIRECTION ( 'NONE',  ( 1.000000000000000000, 0.000000000000000000, 0.000000000000000000 ) ) ;
#1212 = DIRECTION ( 'NONE',  ( 1.000000000000000000, 0.000000000000000000, 0.000000000000000000 ) ) ;
#1213 = EDGE_LOOP ( 'NONE', ( #1029, #400 ) ) ;
#1214 = FACE_OUTER_BOUND ( 'NONE', #716, .T. ) ;
#1215 = ADVANCED_FACE ( 'NONE', ( #577 ), #127, .F. ) ;
#1216 = CARTESIAN_POINT ( 'NONE',  ( 91.25000000000000000, -16.00000000000000000, 4.000000000000000000 ) ) ;
#1217 = AXIS2_PLACEMENT_3D ( 'NONE', #36, #1650, #915 ) ;
#1218 = CARTESIAN_POINT ( 'NONE',  ( 194.6850288425445683, -13.43502884254424501, 4.000000000000000000 ) ) ;
#1219 = CARTESIAN_POINT ( 'NONE',  ( 193.4350288425445683, -13.43502884254424501, -1.000000000000000000 ) ) ;
#1220 = ORIENTED_EDGE ( 'NONE', *, *, #813, .F. ) ;
#1221 = AXIS2_PLACEMENT_3D ( 'NONE', #787, #361, #1792 ) ;
#1222 = DIRECTION ( 'NONE',  ( 0.000000000000000000, 0.000000000000000000, 1.000000000000000000 ) ) ;
#1223 = EDGE_CURVE ( 'NONE', #992, #207, #1078, .T. ) ;
#1224 = LINE ( 'NONE', #1543, #926 ) ;
#1225 = FACE_BOUND ( 'NONE', #722, .T. ) ;
#1226 = DIRECTION ( 'NONE',  ( 1.000000000000000000, 0.000000000000000000, 0.000000000000000000 ) ) ;
#1227 = CIRCLE ( 'NONE', #390, 28.49999999999998934 ) ;
#1228 = CARTESIAN_POINT ( 'NONE',  ( -5.499999999999973355, -11.69134295108993804, -1.000000000000000000 ) ) ;
#1229 = CARTESIAN_POINT ( 'NONE',  ( 167.4999999999999147, 1.530808498934191127E-15, 0.000000000000000000 ) ) ;
#1230 = ORIENTED_EDGE ( 'NONE', *, *, #1508, .F. ) ;
#1231 = ADVANCED_FACE ( 'NONE', ( #1013 ), #1317, .F. ) ;
#1232 = DIRECTION ( 'NONE',  ( 1.000000000000000000, 0.000000000000000000, 0.000000000000000000 ) ) ;
#1233 = DIRECTION ( 'NONE',  ( 1.000000000000000000, 0.000000000000000000, 0.000000000000000000 ) ) ;
#1234 = EDGE_CURVE ( 'NONE', #698, #286, #332, .T. ) ;
#1235 = LINE ( 'NONE', #934, #798 ) ;
#1236 = EDGE_CURVE ( 'NONE', #1606, #340, #679, .T. ) ;
#1237 = ORIENTED_EDGE ( 'NONE', *, *, #1799, .T. ) ;
#1238 = DIRECTION ( 'NONE',  ( -0.000000000000000000, -0.000000000000000000, 1.000000000000000000 ) ) ;
#1239 = DIRECTION ( 'NONE',  ( -0.5000000000000041078, 0.8660254037844361541, 0.000000000000000000 ) ) ;
#1240 = ORIENTED_EDGE ( 'NONE', *, *, #1905, .F. ) ;
#1241 = FACE_BOUND ( 'NONE', #1581, .T. ) ;
#1242 = CARTESIAN_POINT ( 'NONE',  ( 193.4350288425443694, 13.43502884254442620, 0.000000000000000000 ) ) ;
#1243 = EDGE_CURVE ( 'NONE', #85, #1625, #299, .T. ) ;
#1244 =( NAMED_UNIT ( * ) PLANE_ANGLE_UNIT ( ) SI_UNIT ( $, .RADIAN. ) );
#1245 = EDGE_CURVE ( 'NONE', #771, #779, #1020, .T. ) ;
#1246 = CARTESIAN_POINT ( 'NONE',  ( 163.9693714934530533, -23.56414542658159661, 4.000000000000000000 ) ) ;
#1247 = DIRECTION ( 'NONE',  ( -1.000000000000000000, 0.000000000000000000, 0.000000000000000000 ) ) ;
#1248 = LINE ( 'NONE', #1848, #825 ) ;
#1249 = DIRECTION ( 'NONE',  ( -0.000000000000000000, -0.000000000000000000, -1.000000000000000000 ) ) ;
#1250 = DIRECTION ( 'NONE',  ( -0.000000000000000000, 0.000000000000000000, 1.000000000000000000 ) ) ;
#1251 = ORIENTED_EDGE ( 'NONE', *, *, #1064, .T. ) ;
#1252 = AXIS2_PLACEMENT_3D ( 'NONE', #121, #1612, #568 ) ;
#1253 = CARTESIAN_POINT ( 'NONE',  ( 21.65541043866861060, -31.83226662889090974, 4.000000000000000000 ) ) ;
#1254 = VECTOR ( 'NONE', #1714, 1000.000000000000000 ) ;
#1255 = VECTOR ( 'NONE', #1528, 1000.000000000000000 ) ;
#1256 =( NAMED_UNIT ( * ) SI_UNIT ( $, .STERADIAN. ) SOLID_ANGLE_UNIT ( ) );
#1257 = ORIENTED_EDGE ( 'NONE', *, *, #1335, .T. ) ;
#1258 = AXIS2_PLACEMENT_3D ( 'NONE', #652, #1412, #1266 ) ;
#1259 = LINE ( 'NONE', #1815, #1749 ) ;
#1260 = DIRECTION ( 'NONE',  ( 1.000000000000000000, 0.000000000000000000, 0.000000000000000000 ) ) ;
#1261 = LINE ( 'NONE', #72, #929 ) ;
#1262 = CARTESIAN_POINT ( 'NONE',  ( 135.0000000000000000, 16.00000000000000000, 0.000000000000000000 ) ) ;
#1263 = ORIENTED_EDGE ( 'NONE', *, *, #891, .F. ) ;
#1264 = AXIS2_PLACEMENT_3D ( 'NONE', #1841, #520, #708 ) ;
#1265 = FACE_BOUND ( 'NONE', #1314, .T. ) ;
#1266 = DIRECTION ( 'NONE',  ( -1.000000000000000000, 0.000000000000000000, 0.000000000000000000 ) ) ;
#1267 = CIRCLE ( 'NONE', #423, 1.249999999999999334 ) ;
#1268 = PERSON_AND_ORGANIZATION ( #1702, #1870 ) ;
#1269 = VERTEX_POINT ( 'NONE', #1610 ) ;
#1270 = CARTESIAN_POINT ( 'NONE',  ( 30.00000000000000000, 6.000000000000000000, -1.000000000000000000 ) ) ;
#1271 = CARTESIAN_POINT ( 'NONE',  ( 166.5649711574556022, -13.43502884254442620, -1.000000000000000000 ) ) ;
#1272 = CARTESIAN_POINT ( 'NONE',  ( 6.749999999999891642, 11.69134295108998245, 4.000000000000000000 ) ) ;
#1273 = LOCAL_TIME ( 12, 56, 57.00000000000000000, #1875 ) ;
#1274 = ADVANCED_FACE ( 'NONE', ( #1001 ), #431, .F. ) ;
#1275 = ORIENTED_EDGE ( 'NONE', *, *, #741, .T. ) ;
#1276 = VECTOR ( 'NONE', #1249, 1000.000000000000000 ) ;
#1277 = ORIENTED_EDGE ( 'NONE', *, *, #1182, .F. ) ;
#1278 = FACE_BOUND ( 'NONE', #533, .T. ) ;
#1279 = CARTESIAN_POINT ( 'NONE',  ( 5.499999999999892530, 11.69134295108998245, 0.000000000000000000 ) ) ;
#1280 = DATE_AND_TIME ( #1751, #1273 ) ;
#1281 = VERTEX_POINT ( 'NONE', #1185 ) ;
#1282 = DIRECTION ( 'NONE',  ( -1.000000000000000000, 0.000000000000000000, 0.000000000000000000 ) ) ;
#1283 = DIRECTION ( 'NONE',  ( 0.000000000000000000, 0.000000000000000000, 1.000000000000000000 ) ) ;
#1284 = CARTESIAN_POINT ( 'NONE',  ( 46.25000000000000000, 16.00000000000000000, -1.000000000000000000 ) ) ;
#1285 = EDGE_LOOP ( 'NONE', ( #851, #1594, #395, #235 ) ) ;
#1286 = EDGE_LOOP ( 'NONE', ( #1122, #733, #74, #562 ) ) ;
#1287 = DIRECTION ( 'NONE',  ( 0.000000000000000000, 0.000000000000000000, 1.000000000000000000 ) ) ;
#1288 = AXIS2_PLACEMENT_3D ( 'NONE', #785, #523, #192 ) ;
#1289 = ORIENTED_EDGE ( 'NONE', *, *, #842, .F. ) ;
#1290 = CIRCLE ( 'NONE', #514, 1.250000000000001110 ) ;
#1291 = CYLINDRICAL_SURFACE ( 'NONE', #252, 12.50000000000001066 ) ;
#1292 = DIRECTION ( 'NONE',  ( 0.000000000000000000, 0.000000000000000000, 1.000000000000000000 ) ) ;
#1293 = CIRCLE ( 'NONE', #450, 1.250000000000001110 ) ;
#1294 = EDGE_LOOP ( 'NONE', ( #296, #576, #1484, #1518 ) ) ;
#1295 = ORIENTED_EDGE ( 'NONE', *, *, #961, .F. ) ;
#1296 = CARTESIAN_POINT ( 'NONE',  ( 36.00000000000000711, 6.000000000000000000, 4.000000000000000000 ) ) ;
#1297 = ADVANCED_FACE ( 'NONE', ( #1769 ), #159, .F. ) ;
#1298 = EDGE_CURVE ( 'NONE', #392, #1589, #1196, .T. ) ;
#1299 = APPROVAL_STATUS ( 'not_yet_approved' ) ;
#1300 = EDGE_CURVE ( 'NONE', #281, #569, #888, .T. ) ;
#1301 = VERTEX_POINT ( 'NONE', #276 ) ;
#1302 = EDGE_CURVE ( 'NONE', #43, #1609, #151, .T. ) ;
#1303 = CARTESIAN_POINT ( 'NONE',  ( 192.1850288425443694, 13.43502884254442620, -1.000000000000000000 ) ) ;
#1304 = CIRCLE ( 'NONE', #270, 1.249999999999999334 ) ;
#1305 = ORIENTED_EDGE ( 'NONE', *, *, #206, .T. ) ;
#1306 = AXIS2_PLACEMENT_3D ( 'NONE', #472, #886, #1475 ) ;
#1307 = ORIENTED_EDGE ( 'NONE', *, *, #1649, .F. ) ;
#1308 = VERTEX_POINT ( 'NONE', #1468 ) ;
#1309 = EDGE_CURVE ( 'NONE', #256, #434, #1798, .T. ) ;
#1310 = DIRECTION ( 'NONE',  ( 1.000000000000000000, 0.000000000000000000, 0.000000000000000000 ) ) ;
#1311 = ADVANCED_FACE ( 'NONE', ( #1214 ), #168, .F. ) ;
#1312 = DIRECTION ( 'NONE',  ( 0.000000000000000000, -0.000000000000000000, 1.000000000000000000 ) ) ;
#1313 = ORIENTED_EDGE ( 'NONE', *, *, #661, .T. ) ;
#1314 = EDGE_LOOP ( 'NONE', ( #1251, #152 ) ) ;
#1315 = CARTESIAN_POINT ( 'NONE',  ( 13.50000000000000000, 0.000000000000000000, 4.000000000000000000 ) ) ;
#1316 = ORIENTED_EDGE ( 'NONE', *, *, #843, .F. ) ;
#1317 = CYLINDRICAL_SURFACE ( 'NONE', #892, 6.000000000000005329 ) ;
#1318 = CIRCLE ( 'NONE', #1567, 1.249999999999998890 ) ;
#1319 = CARTESIAN_POINT ( 'NONE',  ( 166.5649711574556022, -13.43502884254442620, -1.000000000000000000 ) ) ;
#1320 = CC_DESIGN_SECURITY_CLASSIFICATION ( #1445, ( #709 ) ) ;
#1321 = ORIENTED_EDGE ( 'NONE', *, *, #800, .F. ) ;
#1322 = VERTEX_POINT ( 'NONE', #342 ) ;
#1323 = EDGE_CURVE ( 'NONE', #1589, #1308, #1733, .T. ) ;
#1324 = VERTEX_POINT ( 'NONE', #786 ) ;
#1325 = EDGE_CURVE ( 'NONE', #1203, #298, #1614, .T. ) ;
#1326 = CARTESIAN_POINT ( 'NONE',  ( -8.000000000000135003, 11.69134295108984212, 0.000000000000000000 ) ) ;
#1327 = VERTEX_POINT ( 'NONE', #1573 ) ;
#1328 = CIRCLE ( 'NONE', #1576, 28.50000000000002487 ) ;
#1329 = CARTESIAN_POINT ( 'NONE',  ( 0.000000000000000000, 0.000000000000000000, 4.000000000000000000 ) ) ;
#1330 = ORIENTED_EDGE ( 'NONE', *, *, #352, .T. ) ;
#1331 = DIRECTION ( 'NONE',  ( 1.000000000000000000, 0.000000000000000000, 0.000000000000000000 ) ) ;
#1332 = CIRCLE ( 'NONE', #1167, 1.250000000000001110 ) ;
#1333 = ORIENTED_EDGE ( 'NONE', *, *, #449, .T. ) ;
#1334 = EDGE_CURVE ( 'NONE', #1413, #1625, #242, .T. ) ;
#1335 = EDGE_CURVE ( 'NONE', #107, #404, #1137, .T. ) ;
#1336 = ORIENTED_EDGE ( 'NONE', *, *, #1621, .F. ) ;
#1337 = FACE_OUTER_BOUND ( 'NONE', #386, .T. ) ;
#1338 = VERTEX_POINT ( 'NONE', #1862 ) ;
#1339 = VERTEX_POINT ( 'NONE', #543 ) ;
#1340 = ORIENTED_EDGE ( 'NONE', *, *, #676, .T. ) ;
#1341 = DIRECTION ( 'NONE',  ( 0.000000000000000000, 1.000000000000000000, 0.000000000000000000 ) ) ;
#1342 = EDGE_LOOP ( 'NONE', ( #142, #956, #1425, #126 ) ) ;
#1343 = DIRECTION ( 'NONE',  ( 0.000000000000000000, 0.000000000000000000, 1.000000000000000000 ) ) ;
#1344 = CYLINDRICAL_SURFACE ( 'NONE', #1712, 1.250000000000001110 ) ;
#1345 = ORIENTED_EDGE ( 'NONE', *, *, #522, .F. ) ;
#1346 = AXIS2_PLACEMENT_3D ( 'NONE', #377, #859, #1282 ) ;
#1347 = CIRCLE ( 'NONE', #943, 1.249999999999999334 ) ;
#1348 = DIRECTION ( 'NONE',  ( 1.000000000000000000, 0.000000000000000000, 0.000000000000000000 ) ) ;
#1349 = AXIS2_PLACEMENT_3D ( 'NONE', #799, #809, #84 ) ;
#1350 = AXIS2_PLACEMENT_3D ( 'NONE', #1381, #939, #170 ) ;
#1351 = DIRECTION ( 'NONE',  ( -0.000000000000000000, -0.000000000000000000, 1.000000000000000000 ) ) ;
#1352 = EDGE_CURVE ( 'NONE', #1327, #615, #617, .T. ) ;
#1353 = ADVANCED_FACE ( 'NONE', ( #388 ), #241, .F. ) ;
#1354 = DIRECTION ( 'NONE',  ( -0.000000000000000000, -0.000000000000000000, 1.000000000000000000 ) ) ;
#1355 = EDGE_LOOP ( 'NONE', ( #1107, #634 ) ) ;
#1356 = EDGE_CURVE ( 'NONE', #1833, #793, #1304, .T. ) ;
#1357 = PRODUCT_RELATED_PRODUCT_CATEGORY ( 'detail', '', ( #812 ) ) ;
#1358 = UNCERTAINTY_MEASURE_WITH_UNIT (LENGTH_MEASURE( 1.000000000000000082E-05 ), #923, 'distance_accuracy_value', 'NONE');
#1359 = CARTESIAN_POINT ( 'NONE',  ( 45.00000000000000000, -16.00000000000000000, 4.000000000000000000 ) ) ;
#1360 = CARTESIAN_POINT ( 'NONE',  ( -6.750000000000135891, 11.69134295108984212, 4.000000000000000000 ) ) ;
#1361 = FACE_OUTER_BOUND ( 'NONE', #1139, .T. ) ;
#1362 = VECTOR ( 'NONE', #1722, 1000.000000000000000 ) ;
#1363 = DIRECTION ( 'NONE',  ( 1.000000000000000000, 0.000000000000000000, 0.000000000000000000 ) ) ;
#1364 = LOCAL_TIME ( 12, 56, 57.00000000000000000, #89 ) ;
#1365 = DIRECTION ( 'NONE',  ( -0.000000000000000000, -0.000000000000000000, 1.000000000000000000 ) ) ;
#1366 = DIRECTION ( 'NONE',  ( 0.000000000000000000, 0.000000000000000000, 1.000000000000000000 ) ) ;
#1367 = ORIENTED_EDGE ( 'NONE', *, *, #1352, .T. ) ;
#1368 = EDGE_CURVE ( 'NONE', #1156, #1486, #220, .T. ) ;
#1369 = AXIS2_PLACEMENT_3D ( 'NONE', #525, #213, #93 ) ;
#1370 = AXIS2_PLACEMENT_3D ( 'NONE', #1516, #767, #1791 ) ;
#1371 = FACE_OUTER_BOUND ( 'NONE', #593, .T. ) ;
#1372 = DIRECTION ( 'NONE',  ( 1.000000000000000000, 0.000000000000000000, 0.000000000000000000 ) ) ;
#1373 = FACE_OUTER_BOUND ( 'NONE', #1080, .T. ) ;
#1374 = ORIENTED_EDGE ( 'NONE', *, *, #721, .F. ) ;
#1375 = DIRECTION ( 'NONE',  ( -0.000000000000000000, 0.000000000000000000, 1.000000000000000000 ) ) ;
#1376 = CARTESIAN_POINT ( 'NONE',  ( 0.000000000000000000, 0.000000000000000000, 0.000000000000000000 ) ) ;
#1377 = VERTEX_POINT ( 'NONE', #1847 ) ;
#1378 = DESIGN_CONTEXT ( 'detailed design', #18, 'design' ) ;
#1379 = DIRECTION ( 'NONE',  ( -0.000000000000000000, -0.000000000000000000, 1.000000000000000000 ) ) ;
#1380 = CARTESIAN_POINT ( 'NONE',  ( 21.65541043866861060, 31.83226662889090974, 0.000000000000000000 ) ) ;
#1381 = CARTESIAN_POINT ( 'NONE',  ( 135.0000000000000000, 16.00000000000000000, -1.000000000000000000 ) ) ;
#1382 = LINE ( 'NONE', #1086, #1097 ) ;
#1383 = VERTEX_POINT ( 'NONE', #378 ) ;
#1384 = DIRECTION ( 'NONE',  ( 0.000000000000000000, 0.000000000000000000, 1.000000000000000000 ) ) ;
#1385 = DIRECTION ( 'NONE',  ( 1.000000000000000000, 0.000000000000000000, 0.000000000000000000 ) ) ;
#1386 = CARTESIAN_POINT ( 'NONE',  ( -6.749999999999973355, -11.69134295108993804, 4.000000000000000000 ) ) ;
#1387 = EDGE_LOOP ( 'NONE', ( #430, #1119 ) ) ;
#1388 = LINE ( 'NONE', #1081, #190 ) ;
#1389 = CYLINDRICAL_SURFACE ( 'NONE', #10, 1.250000000000000222 ) ;
#1390 = DIRECTION ( 'NONE',  ( -0.000000000000000000, -0.000000000000000000, -1.000000000000000000 ) ) ;
#1391 = CARTESIAN_POINT ( 'NONE',  ( 6.750000000000055067, -11.69134295108989363, 4.000000000000000000 ) ) ;
#1392 = ADVANCED_FACE ( 'NONE', ( #254 ), #1900, .F. ) ;
#1393 = VECTOR ( 'NONE', #868, 1000.000000000000000 ) ;
#1394 = EDGE_CURVE ( 'NONE', #290, #278, #1517, .T. ) ;
#1395 = LINE ( 'NONE', #672, #670 ) ;
#1396 = DIRECTION ( 'NONE',  ( 0.000000000000000000, 0.000000000000000000, 1.000000000000000000 ) ) ;
#1397 = ORIENTED_EDGE ( 'NONE', *, *, #1428, .T. ) ;
#1398 = AXIS2_PLACEMENT_3D ( 'NONE', #1376, #965, #1858 ) ;
#1399 = DIRECTION ( 'NONE',  ( 1.000000000000000000, 0.000000000000000000, 0.000000000000000000 ) ) ;
#1400 = CARTESIAN_POINT ( 'NONE',  ( 5.499999999999892530, 11.69134295108998245, 4.000000000000000000 ) ) ;
#1401 = CARTESIAN_POINT ( 'NONE',  ( 192.4999999999999432, 0.000000000000000000, -1.000000000000000000 ) ) ;
#1402 = ORIENTED_EDGE ( 'NONE', *, *, #1496, .T. ) ;
#1403 = CARTESIAN_POINT ( 'NONE',  ( 136.2500000000000000, 16.00000000000000000, 0.000000000000000000 ) ) ;
#1404 = EDGE_CURVE ( 'NONE', #1482, #817, #794, .T. ) ;
#1405 = DIRECTION ( 'NONE',  ( 1.000000000000000000, 0.000000000000000000, 0.000000000000000000 ) ) ;
#1406 = ORIENTED_EDGE ( 'NONE', *, *, #953, .F. ) ;
#1407 = FACE_BOUND ( 'NONE', #1433, .T. ) ;
#1408 = LINE ( 'NONE', #544, #836 ) ;
#1409 = DIRECTION ( 'NONE',  ( 0.000000000000000000, 0.000000000000000000, 1.000000000000000000 ) ) ;
#1410 = ORIENTED_EDGE ( 'NONE', *, *, #584, .F. ) ;
#1411 = AXIS2_PLACEMENT_3D ( 'NONE', #1102, #1701, #958 ) ;
#1412 = DIRECTION ( 'NONE',  ( 0.000000000000000000, 0.000000000000000000, 1.000000000000000000 ) ) ;
#1413 = VERTEX_POINT ( 'NONE', #147 ) ;
#1414 = EDGE_CURVE ( 'NONE', #1607, #715, #287, .T. ) ;
#1415 = CIRCLE ( 'NONE', #1258, 1.250000000000001110 ) ;
#1416 = FACE_BOUND ( 'NONE', #1899, .T. ) ;
#1417 = CC_DESIGN_PERSON_AND_ORGANIZATION_ASSIGNMENT ( #994, #532, ( #1445 ) ) ;
#1418 = LINE ( 'NONE', #1584, #1434 ) ;
#1419 = DIRECTION ( 'NONE',  ( 0.000000000000000000, 0.000000000000000000, 1.000000000000000000 ) ) ;
#1420 = ORIENTED_EDGE ( 'NONE', *, *, #1352, .F. ) ;
#1421 = VECTOR ( 'NONE', #1082, 1000.000000000000000 ) ;
#1422 = FACE_BOUND ( 'NONE', #251, .T. ) ;
#1423 = DIRECTION ( 'NONE',  ( 0.000000000000000000, 0.000000000000000000, 1.000000000000000000 ) ) ;
#1424 = CIRCLE ( 'NONE', #1077, 1.250000000000001110 ) ;
#1425 = ORIENTED_EDGE ( 'NONE', *, *, #1861, .T. ) ;
#1426 = AXIS2_PLACEMENT_3D ( 'NONE', #1631, #27, #1016 ) ;
#1427 = FACE_OUTER_BOUND ( 'NONE', #1111, .T. ) ;
#1428 = EDGE_CURVE ( 'NONE', #1450, #1486, #265, .T. ) ;
#1429 = CARTESIAN_POINT ( 'NONE',  ( 13.50000000000000000, 0.000000000000000000, 0.000000000000000000 ) ) ;
#1430 = CARTESIAN_POINT ( 'NONE',  ( 165.3149711574555170, 13.43502884254432672, -1.000000000000000000 ) ) ;
#1431 = CARTESIAN_POINT ( 'NONE',  ( 166.5649711574555170, 13.43502884254432672, 0.000000000000000000 ) ) ;
#1432 = AXIS2_PLACEMENT_3D ( 'NONE', #1777, #1057, #24 ) ;
#1433 = EDGE_LOOP ( 'NONE', ( #1039, #154, #1741, #1135, #1454 ) ) ;
#1434 = VECTOR ( 'NONE', #244, 1000.000000000000000 ) ;
#1435 = VERTEX_POINT ( 'NONE', #54 ) ;
#1436 = FACE_BOUND ( 'NONE', #1920, .T. ) ;
#1437 = LINE ( 'NONE', #1568, #985 ) ;
#1438 = EDGE_LOOP ( 'NONE', ( #1742, #604, #329, #106 ) ) ;
#1439 = LINE ( 'NONE', #1136, #48 ) ;
#1440 = DIRECTION ( 'NONE',  ( 0.000000000000000000, 0.000000000000000000, 1.000000000000000000 ) ) ;
#1441 = ORIENTED_EDGE ( 'NONE', *, *, #1632, .T. ) ;
#1442 = VERTEX_POINT ( 'NONE', #1832 ) ;
#1443 = CARTESIAN_POINT ( 'NONE',  ( 163.9693714934530533, -23.56414542658160016, 4.000000000000000000 ) ) ;
#1444 = EDGE_CURVE ( 'NONE', #1024, #1442, #1033, .T. ) ;
#1445 = SECURITY_CLASSIFICATION ( '', '', #1902 ) ;
#1446 = EDGE_LOOP ( 'NONE', ( #1723, #826 ) ) ;
#1447 = CIRCLE ( 'NONE', #26, 7.500000000000000000 ) ;
#1448 = DIRECTION ( 'NONE',  ( 1.000000000000000000, 0.000000000000000000, 0.000000000000000000 ) ) ;
#1449 = CIRCLE ( 'NONE', #611, 1.249999999999999334 ) ;
#1450 = VERTEX_POINT ( 'NONE', #635 ) ;
#1451 = EDGE_LOOP ( 'NONE', ( #1633, #1521 ) ) ;
#1452 = EDGE_CURVE ( 'NONE', #1203, #271, #1533, .T. ) ;
#1453 = EDGE_CURVE ( 'NONE', #1467, #1089, #967, .T. ) ;
#1454 = ORIENTED_EDGE ( 'NONE', *, *, #1820, .F. ) ;
#1455 = DIRECTION ( 'NONE',  ( 1.000000000000000000, 0.000000000000000000, 0.000000000000000000 ) ) ;
#1456 = ADVANCED_FACE ( 'NONE', ( #492 ), #1564, .F. ) ;
#1457 = DIRECTION ( 'NONE',  ( -0.000000000000000000, -0.000000000000000000, 1.000000000000000000 ) ) ;
#1458 = AXIS2_PLACEMENT_3D ( 'NONE', #1359, #936, #503 ) ;
#1459 = DIRECTION ( 'NONE',  ( -1.000000000000000000, 0.000000000000000000, 0.000000000000000000 ) ) ;
#1460 = ORIENTED_EDGE ( 'NONE', *, *, #1368, .T. ) ;
#1461 = VECTOR ( 'NONE', #157, 1000.000000000000000 ) ;
#1462 = ORIENTED_EDGE ( 'NONE', *, *, #1245, .T. ) ;
#1463 = CARTESIAN_POINT ( 'NONE',  ( 90.00000000000000000, 16.00000000000000000, 4.000000000000000000 ) ) ;
#1464 = EDGE_LOOP ( 'NONE', ( #1058, #864 ) ) ;
#1465 = DIRECTION ( 'NONE',  ( 0.000000000000000000, -1.000000000000000000, 0.000000000000000000 ) ) ;
#1466 = CARTESIAN_POINT ( 'NONE',  ( 91.25000000000000000, 16.00000000000000000, 0.000000000000000000 ) ) ;
#1467 = VERTEX_POINT ( 'NONE', #360 ) ;
#1468 = CARTESIAN_POINT ( 'NONE',  ( 46.25000000000000000, -16.00000000000000000, 4.000000000000000000 ) ) ;
#1469 = ORIENTED_EDGE ( 'NONE', *, *, #911, .T. ) ;
#1470 = VERTEX_POINT ( 'NONE', #1246 ) ;
#1471 = FACE_OUTER_BOUND ( 'NONE', #1725, .T. ) ;
#1472 = EDGE_LOOP ( 'NONE', ( #737, #1118, #519, #1744 ) ) ;
#1473 = DIRECTION ( 'NONE',  ( 0.000000000000000000, 0.000000000000000000, 1.000000000000000000 ) ) ;
#1474 = CIRCLE ( 'NONE', #816, 1.250000000000001110 ) ;
#1475 = DIRECTION ( 'NONE',  ( 0.000000000000000000, -1.000000000000000000, 0.000000000000000000 ) ) ;
#1476 = ORIENTED_EDGE ( 'NONE', *, *, #642, .T. ) ;
#1477 = EDGE_CURVE ( 'NONE', #594, #1450, #1388, .T. ) ;
#1478 = VERTEX_POINT ( 'NONE', #482 ) ;
#1479 = EDGE_LOOP ( 'NONE', ( #1340, #545, #1019, #393 ) ) ;
#1480 = ORIENTED_EDGE ( 'NONE', *, *, #498, .T. ) ;
#1481 = DIRECTION ( 'NONE',  ( 1.000000000000000000, 0.000000000000000000, 0.000000000000000000 ) ) ;
#1482 = VERTEX_POINT ( 'NONE', #351 ) ;
#1483 = DIRECTION ( 'NONE',  ( -1.000000000000000000, 0.000000000000000000, 0.000000000000000000 ) ) ;
#1484 = ORIENTED_EDGE ( 'NONE', *, *, #1908, .T. ) ;
#1485 = CARTESIAN_POINT ( 'NONE',  ( 194.6850288425443694, 13.43502884254442620, -1.000000000000000000 ) ) ;
#1486 = VERTEX_POINT ( 'NONE', #331 ) ;
#1487 = ADVANCED_FACE ( 'NONE', ( #502 ), #369, .F. ) ;
#1488 = EDGE_LOOP ( 'NONE', ( #462, #887 ) ) ;
#1489 = DIRECTION ( 'NONE',  ( 1.000000000000000000, 0.000000000000000000, 0.000000000000000000 ) ) ;
#1490 = CARTESIAN_POINT ( 'NONE',  ( 90.00000000000000000, 16.00000000000000000, 0.000000000000000000 ) ) ;
#1491 = CARTESIAN_POINT ( 'NONE',  ( -12.25000000000000000, 0.000000000000000000, -1.000000000000000000 ) ) ;
#1492 = ORIENTED_EDGE ( 'NONE', *, *, #313, .F. ) ;
#1493 = CARTESIAN_POINT ( 'NONE',  ( 14.75000000000000000, 0.000000000000000000, -1.000000000000000000 ) ) ;
#1494 = EDGE_CURVE ( 'NONE', #1156, #594, #1090, .T. ) ;
#1495 = DIRECTION ( 'NONE',  ( 1.000000000000000000, 0.000000000000000000, 0.000000000000000000 ) ) ;
#1496 = EDGE_CURVE ( 'NONE', #496, #297, #1259, .T. ) ;
#1497 = FACE_OUTER_BOUND ( 'NONE', #1006, .T. ) ;
#1498 = CARTESIAN_POINT ( 'NONE',  ( -6.750000000000135891, 11.69134295108984212, 0.000000000000000000 ) ) ;
#1499 = ADVANCED_FACE ( 'NONE', ( #91 ), #1070, .F. ) ;
#1500 = EDGE_CURVE ( 'NONE', #715, #1607, #164, .T. ) ;
#1501 = DIRECTION ( 'NONE',  ( -0.000000000000000000, -0.000000000000000000, 1.000000000000000000 ) ) ;
#1502 = ORIENTED_EDGE ( 'NONE', *, *, #66, .T. ) ;
#1503 = AXIS2_PLACEMENT_3D ( 'NONE', #1138, #266, #104 ) ;
#1504 = FACE_OUTER_BOUND ( 'NONE', #727, .T. ) ;
#1505 = FACE_OUTER_BOUND ( 'NONE', #847, .T. ) ;
#1506 = ADVANCED_FACE ( 'NONE', ( #806, #50, #79, #1713, #1407, #1666, #1846, #1838, #675, #1689, #1225, #820, #946, #1416, #927, #513, #1680, #1545, #202, #211 ), #1555, .T. ) ;
#1507 = AXIS2_PLACEMENT_3D ( 'NONE', #1253, #1134, #75 ) ;
#1508 = EDGE_CURVE ( 'NONE', #1075, #1478, #603, .T. ) ;
#1509 = LINE ( 'NONE', #1529, #1668 ) ;
#1510 = EDGE_CURVE ( 'NONE', #1044, #966, #129, .T. ) ;
#1511 = CARTESIAN_POINT ( 'NONE',  ( 135.0000000000000000, 16.00000000000000000, 4.000000000000000000 ) ) ;
#1512 = CARTESIAN_POINT ( 'NONE',  ( 158.3445895613313326, 21.83226662889090619, 0.000000000000000000 ) ) ;
#1513 = DIRECTION ( 'NONE',  ( 0.000000000000000000, 0.000000000000000000, 1.000000000000000000 ) ) ;
#1514 = AXIS2_PLACEMENT_3D ( 'NONE', #312, #1375, #1088 ) ;
#1515 = FACE_OUTER_BOUND ( 'NONE', #612, .T. ) ;
#1516 = CARTESIAN_POINT ( 'NONE',  ( 6.750000000000055067, -11.69134295108989363, 0.000000000000000000 ) ) ;
#1517 = CIRCLE ( 'NONE', #1640, 1.249999999999998668 ) ;
#1518 = ORIENTED_EDGE ( 'NONE', *, *, #1207, .T. ) ;
#1519 = DIRECTION ( 'NONE',  ( 0.000000000000000000, 0.000000000000000000, 1.000000000000000000 ) ) ;
#1520 = CIRCLE ( 'NONE', #1739, 6.000000000000005329 ) ;
#1521 = ORIENTED_EDGE ( 'NONE', *, *, #1500, .F. ) ;
#1522 = CIRCLE ( 'NONE', #1174, 1.250000000000001110 ) ;
#1523 = DIRECTION ( 'NONE',  ( 1.000000000000000000, 0.000000000000000000, 0.000000000000000000 ) ) ;
#1524 = CARTESIAN_POINT ( 'NONE',  ( 21.65541043866861060, -21.83226662889090619, 0.000000000000000000 ) ) ;
#1525 = CARTESIAN_POINT ( 'NONE',  ( 90.00000000000000000, -16.00000000000000000, -1.000000000000000000 ) ) ;
#1526 = DIRECTION ( 'NONE',  ( 0.5000000000000105471, -0.8660254037844326014, 0.000000000000000000 ) ) ;
#1527 = CARTESIAN_POINT ( 'NONE',  ( 193.4350288425443694, 13.43502884254442620, 0.000000000000000000 ) ) ;
#1528 = DIRECTION ( 'NONE',  ( -0.000000000000000000, -0.000000000000000000, -1.000000000000000000 ) ) ;
#1529 = CARTESIAN_POINT ( 'NONE',  ( 5.499999999999892530, 11.69134295108998245, -1.000000000000000000 ) ) ;
#1530 = CARTESIAN_POINT ( 'NONE',  ( 166.5649711574556022, -13.43502884254442620, 0.000000000000000000 ) ) ;
#1531 = EDGE_CURVE ( 'NONE', #284, #704, #1871, .T. ) ;
#1532 = FACE_OUTER_BOUND ( 'NONE', #1000, .T. ) ;
#1533 = LINE ( 'NONE', #935, #1656 ) ;
#1534 = DIRECTION ( 'NONE',  ( -0.000000000000000000, -0.000000000000000000, 1.000000000000000000 ) ) ;
#1535 = CARTESIAN_POINT ( 'NONE',  ( 135.0000000000000000, -16.00000000000000000, 0.000000000000000000 ) ) ;
#1536 = ADVANCED_FACE ( 'NONE', ( #1721 ), #1291, .F. ) ;
#1537 = LINE ( 'NONE', #1228, #699 ) ;
#1538 = LINE ( 'NONE', #1401, #1539 ) ;
#1539 = VECTOR ( 'NONE', #495, 1000.000000000000000 ) ;
#1540 = ORIENTED_EDGE ( 'NONE', *, *, #291, .F. ) ;
#1541 = DIRECTION ( 'NONE',  ( -0.000000000000000000, -0.000000000000000000, 1.000000000000000000 ) ) ;
#1542 = CIRCLE ( 'NONE', #754, 1.250000000000001110 ) ;
#1543 = CARTESIAN_POINT ( 'NONE',  ( 12.25000000000000000, 1.530808498934190831E-16, -1.000000000000000000 ) ) ;
#1544 = ORIENTED_EDGE ( 'NONE', *, *, #1570, .T. ) ;
#1545 = FACE_OUTER_BOUND ( 'NONE', #663, .T. ) ;
#1546 = CARTESIAN_POINT ( 'NONE',  ( 13.50000000000000000, 0.000000000000000000, 0.000000000000000000 ) ) ;
#1547 = DIRECTION ( 'NONE',  ( 1.000000000000000000, 0.000000000000000000, 0.000000000000000000 ) ) ;
#1548 = CARTESIAN_POINT ( 'NONE',  ( 16.03062850654689697, 23.56414542658158240, 4.000000000000000000 ) ) ;
#1549 = VERTEX_POINT ( 'NONE', #387 ) ;
#1550 = CARTESIAN_POINT ( 'NONE',  ( 167.8149711574556022, -13.43502884254442620, 4.000000000000000000 ) ) ;
#1551 = ADVANCED_FACE ( 'NONE', ( #1746 ), #229, .F. ) ;
#1552 = VECTOR ( 'NONE', #292, 1000.000000000000000 ) ;
#1553 = CARTESIAN_POINT ( 'NONE',  ( -7.999999999999972466, -11.69134295108993804, 4.000000000000000000 ) ) ;
#1554 = ORIENTED_EDGE ( 'NONE', *, *, #1620, .T. ) ;
#1555 = PLANE ( 'NONE',  #511 ) ;
#1556 = DIRECTION ( 'NONE',  ( 0.000000000000000000, -0.000000000000000000, 1.000000000000000000 ) ) ;
#1557 = CARTESIAN_POINT ( 'NONE',  ( -5.500000000000136779, 11.69134295108984212, 0.000000000000000000 ) ) ;
#1558 = EDGE_LOOP ( 'NONE', ( #1321, #1402, #25, #1209 ) ) ;
#1559 = FACE_BOUND ( 'NONE', #1355, .T. ) ;
#1560 = EDGE_CURVE ( 'NONE', #1338, #552, #443, .T. ) ;
#1561 = CARTESIAN_POINT ( 'NONE',  ( 21.65541043866861060, -31.83226662889090974, 0.000000000000000000 ) ) ;
#1562 = APPROVAL_DATE_TIME ( #1598, #1664 ) ;
#1563 = ORIENTED_EDGE ( 'NONE', *, *, #374, .F. ) ;
#1564 = CYLINDRICAL_SURFACE ( 'NONE', #1002, 1.249999999999999334 ) ;
#1565 = CARTESIAN_POINT ( 'NONE',  ( 163.9693714934530533, 23.56414542658159661, 0.000000000000000000 ) ) ;
#1566 = ORIENTED_EDGE ( 'NONE', *, *, #1414, .T. ) ;
#1567 = AXIS2_PLACEMENT_3D ( 'NONE', #1360, #938, #1526 ) ;
#1568 = CARTESIAN_POINT ( 'NONE',  ( 0.000000000000000000, -6.000000000000000000, 0.000000000000000000 ) ) ;
#1569 = AXIS2_PLACEMENT_3D ( 'NONE', #1653, #760, #1385 ) ;
#1570 = EDGE_CURVE ( 'NONE', #1442, #1759, #996, .T. ) ;
#1571 = ORIENTED_EDGE ( 'NONE', *, *, #208, .F. ) ;
#1572 = CARTESIAN_POINT ( 'NONE',  ( -5.499999999999973355, -11.69134295108993804, 0.000000000000000000 ) ) ;
#1573 = CARTESIAN_POINT ( 'NONE',  ( 7.999999999999890754, 11.69134295108998245, 4.000000000000000000 ) ) ;
#1574 = ORIENTED_EDGE ( 'NONE', *, *, #438, .T. ) ;
#1575 = ORIENTED_EDGE ( 'NONE', *, *, #134, .T. ) ;
#1576 = AXIS2_PLACEMENT_3D ( 'NONE', #1681, #343, #937 ) ;
#1577 = FACE_BOUND ( 'NONE', #238, .T. ) ;
#1578 = FACE_OUTER_BOUND ( 'NONE', #1285, .T. ) ;
#1579 = AXIS2_PLACEMENT_3D ( 'NONE', #1200, #1686, #1363 ) ;
#1580 = PERSON_AND_ORGANIZATION_ROLE ( 'creator' ) ;
#1581 = EDGE_LOOP ( 'NONE', ( #1189, #1169 ) ) ;
#1582 = DIRECTION ( 'NONE',  ( 0.000000000000000000, 0.000000000000000000, 1.000000000000000000 ) ) ;
#1583 = CARTESIAN_POINT ( 'NONE',  ( -13.50000000000000000, 0.000000000000000000, 0.000000000000000000 ) ) ;
#1584 = CARTESIAN_POINT ( 'NONE',  ( 30.00000000000000000, -6.000000000000000000, 4.000000000000000000 ) ) ;
#1585 = CARTESIAN_POINT ( 'NONE',  ( -6.749999999999973355, -11.69134295108993804, 4.000000000000000000 ) ) ;
#1586 = VERTEX_POINT ( 'NONE', #1572 ) ;
#1587 = CYLINDRICAL_SURFACE ( 'NONE', #580, 1.250000000000001110 ) ;
#1588 = APPROVAL_ROLE ( '' ) ;
#1589 = VERTEX_POINT ( 'NONE', #1154 ) ;
#1590 = LINE ( 'NONE', #273, #1724 ) ;
#1591 = DIRECTION ( 'NONE',  ( 0.000000000000000000, 0.000000000000000000, 1.000000000000000000 ) ) ;
#1592 = EDGE_CURVE ( 'NONE', #441, #210, #942, .T. ) ;
#1593 = ORIENTED_EDGE ( 'NONE', *, *, #1368, .F. ) ;
#1594 = ORIENTED_EDGE ( 'NONE', *, *, #990, .T. ) ;
#1595 = EDGE_CURVE ( 'NONE', #992, #43, #684, .T. ) ;
#1596 = VECTOR ( 'NONE', #1312, 1000.000000000000000 ) ;
#1597 = LOCAL_TIME ( 12, 56, 57.00000000000000000, #413 ) ;
#1598 = DATE_AND_TIME ( #539, #905 ) ;
#1599 = ORIENTED_EDGE ( 'NONE', *, *, #44, .T. ) ;
#1600 = AXIS2_PLACEMENT_3D ( 'NONE', #53, #1819, #370 ) ;
#1601 = DIRECTION ( 'NONE',  ( 1.000000000000000000, 0.000000000000000000, 0.000000000000000000 ) ) ;
#1602 = DIRECTION ( 'NONE',  ( -0.000000000000000000, -0.000000000000000000, 1.000000000000000000 ) ) ;
#1603 = DIRECTION ( 'NONE',  ( 1.000000000000000000, 0.000000000000000000, 0.000000000000000000 ) ) ;
#1604 = AXIS2_PLACEMENT_3D ( 'NONE', #1718, #366, #973 ) ;
#1605 = VECTOR ( 'NONE', #1855, 1000.000000000000000 ) ;
#1606 = VERTEX_POINT ( 'NONE', #1143 ) ;
#1607 = VERTEX_POINT ( 'NONE', #542 ) ;
#1608 = EDGE_CURVE ( 'NONE', #404, #644, #1590, .T. ) ;
#1609 = VERTEX_POINT ( 'NONE', #1755 ) ;
#1610 = CARTESIAN_POINT ( 'NONE',  ( 163.9693714934530533, -23.56414542658159661, 0.000000000000000000 ) ) ;
#1611 = VECTOR ( 'NONE', #325, 1000.000000000000000 ) ;
#1612 = DIRECTION ( 'NONE',  ( 0.000000000000000000, -1.000000000000000000, 0.000000000000000000 ) ) ;
#1613 = EDGE_LOOP ( 'NONE', ( #1257, #880 ) ) ;
#1614 = CIRCLE ( 'NONE', #761, 1.250000000000001110 ) ;
#1615 = ORIENTED_EDGE ( 'NONE', *, *, #661, .F. ) ;
#1616 = CIRCLE ( 'NONE', #648, 28.49999999999998934 ) ;
#1617 = ORIENTED_EDGE ( 'NONE', *, *, #352, .F. ) ;
#1618 = CIRCLE ( 'NONE', #1025, 1.250000000000001110 ) ;
#1619 = DIRECTION ( 'NONE',  ( -0.000000000000000000, -0.000000000000000000, 1.000000000000000000 ) ) ;
#1620 = EDGE_CURVE ( 'NONE', #838, #261, #406, .T. ) ;
#1621 = EDGE_CURVE ( 'NONE', #340, #1606, #848, .T. ) ;
#1622 = EDGE_LOOP ( 'NONE', ( #1717, #1336, #729, #1566 ) ) ;
#1623 = DIRECTION ( 'NONE',  ( 0.000000000000000000, 0.000000000000000000, 1.000000000000000000 ) ) ;
#1624 = FACE_OUTER_BOUND ( 'NONE', #1142, .T. ) ;
#1625 = VERTEX_POINT ( 'NONE', #1014 ) ;
#1626 = ORIENTED_EDGE ( 'NONE', *, *, #921, .T. ) ;
#1627 = ORIENTED_EDGE ( 'NONE', *, *, #1064, .F. ) ;
#1628 = DIRECTION ( 'NONE',  ( 0.000000000000000000, -0.000000000000000000, 1.000000000000000000 ) ) ;
#1629 = CARTESIAN_POINT ( 'NONE',  ( 180.0000000000000000, 0.000000000000000000, 4.000000000000000000 ) ) ;
#1630 = ORIENTED_EDGE ( 'NONE', *, *, #1234, .T. ) ;
#1631 = CARTESIAN_POINT ( 'NONE',  ( 90.00000000000000000, -16.00000000000000000, -1.000000000000000000 ) ) ;
#1632 = EDGE_CURVE ( 'NONE', #1063, #998, #866, .T. ) ;
#1633 = ORIENTED_EDGE ( 'NONE', *, *, #1414, .F. ) ;
#1634 = ORIENTED_EDGE ( 'NONE', *, *, #1608, .F. ) ;
#1635 = CARTESIAN_POINT ( 'NONE',  ( 88.75000000000000000, -16.00000000000000000, -1.000000000000000000 ) ) ;
#1636 = VERTEX_POINT ( 'NONE', #1466 ) ;
#1637 = LINE ( 'NONE', #1491, #1461 ) ;
#1638 = ORIENTED_EDGE ( 'NONE', *, *, #607, .T. ) ;
#1639 = ADVANCED_FACE ( 'NONE', ( #136 ), #693, .F. ) ;
#1640 = AXIS2_PLACEMENT_3D ( 'NONE', #1585, #553, #37 ) ;
#1641 = DIRECTION ( 'NONE',  ( -0.000000000000000000, -0.000000000000000000, -1.000000000000000000 ) ) ;
#1642 = ADVANCED_FACE ( 'NONE', ( #1427 ), #550, .T. ) ;
#1643 = DIRECTION ( 'NONE',  ( 0.000000000000000000, 0.000000000000000000, 1.000000000000000000 ) ) ;
#1644 = DIRECTION ( 'NONE',  ( -0.000000000000000000, -0.000000000000000000, 1.000000000000000000 ) ) ;
#1645 = VERTEX_POINT ( 'NONE', #988 ) ;
#1646 = CARTESIAN_POINT ( 'NONE',  ( 158.3445895613313610, 21.83226662889090619, 4.000000000000000000 ) ) ;
#1647 = DIRECTION ( 'NONE',  ( 1.000000000000000000, 0.000000000000000000, 0.000000000000000000 ) ) ;
#1648 = ORIENTED_EDGE ( 'NONE', *, *, #1845, .T. ) ;
#1649 = EDGE_CURVE ( 'NONE', #691, #437, #1850, .T. ) ;
#1650 = DIRECTION ( 'NONE',  ( -0.000000000000000000, -0.000000000000000000, 1.000000000000000000 ) ) ;
#1651 = CARTESIAN_POINT ( 'NONE',  ( 7.500000000000000000, 0.000000000000000000, 0.000000000000000000 ) ) ;
#1652 = DIRECTION ( 'NONE',  ( 1.000000000000000000, 0.000000000000000000, 0.000000000000000000 ) ) ;
#1653 = CARTESIAN_POINT ( 'NONE',  ( 45.00000000000000000, -16.00000000000000000, 0.000000000000000000 ) ) ;
#1654 = FACE_OUTER_BOUND ( 'NONE', #1479, .T. ) ;
#1655 = ORIENTED_EDGE ( 'NONE', *, *, #1444, .F. ) ;
#1656 = VECTOR ( 'NONE', #665, 1000.000000000000000 ) ;
#1657 = AXIS2_PLACEMENT_3D ( 'NONE', #622, #467, #1348 ) ;
#1658 = CIRCLE ( 'NONE', #1816, 1.250000000000001110 ) ;
#1659 = CARTESIAN_POINT ( 'NONE',  ( 6.749999999999891642, 11.69134295108998245, 0.000000000000000000 ) ) ;
#1660 = CARTESIAN_POINT ( 'NONE',  ( 192.1850288425443694, 13.43502884254442620, 0.000000000000000000 ) ) ;
#1661 = EDGE_LOOP ( 'NONE', ( #301, #521, #982, #446 ) ) ;
#1662 = DIRECTION ( 'NONE',  ( 0.000000000000000000, -0.000000000000000000, 1.000000000000000000 ) ) ;
#1663 = DIRECTION ( 'NONE',  ( 0.000000000000000000, 0.000000000000000000, 1.000000000000000000 ) ) ;
#1664 = APPROVAL ( #385, 'æœª' ) ;
#1665 = CIRCLE ( 'NONE', #916, 1.249999999999999334 ) ;
#1666 = FACE_BOUND ( 'NONE', #1488, .T. ) ;
#1667 = CARTESIAN_POINT ( 'NONE',  ( 36.00000000000000000, -6.000000000000000000, 0.000000000000000000 ) ) ;
#1668 = VECTOR ( 'NONE', #1794, 1000.000000000000000 ) ;
#1669 = DIRECTION ( 'NONE',  ( 1.000000000000000000, 0.000000000000000000, 0.000000000000000000 ) ) ;
#1670 = DIRECTION ( 'NONE',  ( 1.000000000000000000, 0.000000000000000000, 0.000000000000000000 ) ) ;
#1671 = AXIS2_PLACEMENT_3D ( 'NONE', #1525, #774, #1828 ) ;
#1672 = LINE ( 'NONE', #304, #586 ) ;
#1673 = AXIS2_PLACEMENT_3D ( 'NONE', #653, #1365, #1405 ) ;
#1674 = EDGE_CURVE ( 'NONE', #1338, #1032, #1439, .T. ) ;
#1675 = ADVANCED_FACE ( 'NONE', ( #1624 ), #1031, .F. ) ;
#1676 = DIRECTION ( 'NONE',  ( 1.000000000000000000, 0.000000000000000000, 0.000000000000000000 ) ) ;
#1677 = ORIENTED_EDGE ( 'NONE', *, *, #950, .T. ) ;
#1678 = VECTOR ( 'NONE', #1878, 1000.000000000000000 ) ;
#1679 = ADVANCED_FACE ( 'NONE', ( #1654 ), #1027, .T. ) ;
#1680 = FACE_BOUND ( 'NONE', #1780, .T. ) ;
#1681 = CARTESIAN_POINT ( 'NONE',  ( 180.0000000000000000, 0.000000000000000000, 4.000000000000000000 ) ) ;
#1682 = CARTESIAN_POINT ( 'NONE',  ( 21.65541043866861060, -31.83226662889090974, 4.000000000000000000 ) ) ;
#1683 = DIRECTION ( 'NONE',  ( 0.000000000000000000, 0.000000000000000000, 1.000000000000000000 ) ) ;
#1684 = CARTESIAN_POINT ( 'NONE',  ( 167.8149711574555170, 13.43502884254432672, 4.000000000000000000 ) ) ;
#1685 = ORIENTED_EDGE ( 'NONE', *, *, #1674, .T. ) ;
#1686 = DIRECTION ( 'NONE',  ( 0.000000000000000000, 0.000000000000000000, 1.000000000000000000 ) ) ;
#1687 = CYLINDRICAL_SURFACE ( 'NONE', #1673, 1.250000000000001110 ) ;
#1688 = ORIENTED_EDGE ( 'NONE', *, *, #21, .F. ) ;
#1689 = FACE_BOUND ( 'NONE', #319, .T. ) ;
#1690 = DIRECTION ( 'NONE',  ( 0.000000000000000000, 0.000000000000000000, 1.000000000000000000 ) ) ;
#1691 = DIRECTION ( 'NONE',  ( 1.000000000000000000, 0.000000000000000000, 0.000000000000000000 ) ) ;
#1692 = AXIS2_PLACEMENT_3D ( 'NONE', #1694, #357, #1523 ) ;
#1693 = DIRECTION ( 'NONE',  ( 0.000000000000000000, 0.000000000000000000, 1.000000000000000000 ) ) ;
#1694 = CARTESIAN_POINT ( 'NONE',  ( 6.750000000000055067, -11.69134295108989363, 0.000000000000000000 ) ) ;
#1695 = VERTEX_POINT ( 'NONE', #33 ) ;
#1696 = AXIS2_PLACEMENT_3D ( 'NONE', #1715, #1419, #680 ) ;
#1697 = CARTESIAN_POINT ( 'NONE',  ( 36.00000000000000000, -6.000000000000000000, 4.000000000000000000 ) ) ;
#1698 = CIRCLE ( 'NONE', #1708, 12.50000000000001066 ) ;
#1699 = DIRECTION ( 'NONE',  ( 0.000000000000000000, 0.000000000000000000, 1.000000000000000000 ) ) ;
#1700 = ORIENTED_EDGE ( 'NONE', *, *, #134, .F. ) ;
#1701 = DIRECTION ( 'NONE',  ( 0.000000000000000000, 0.000000000000000000, 1.000000000000000000 ) ) ;
#1702 = PERSON ( 'æœª', 'æœª', 'æœª', ('æœª'), ('æœª'), ('æœª') ) ;
#1703 = CARTESIAN_POINT ( 'NONE',  ( 0.000000000000000000, 0.000000000000000000, -1.000000000000000000 ) ) ;
#1704 = ADVANCED_FACE ( 'NONE', ( #1040 ), #1344, .F. ) ;
#1705 = CARTESIAN_POINT ( 'NONE',  ( 163.9693714934530533, 23.56414542658160016, 4.000000000000000000 ) ) ;
#1706 = ORIENTED_EDGE ( 'NONE', *, *, #311, .T. ) ;
#1707 = CC_DESIGN_PERSON_AND_ORGANIZATION_ASSIGNMENT ( #1268, #814, ( #709 ) ) ;
#1708 = AXIS2_PLACEMENT_3D ( 'NONE', #436, #574, #731 ) ;
#1709 = CARTESIAN_POINT ( 'NONE',  ( -5.499999999999973355, -11.69134295108993804, 4.000000000000000000 ) ) ;
#1710 = MECHANICAL_CONTEXT ( 'NONE', #367, 'mechanical' ) ;
#1711 = ORIENTED_EDGE ( 'NONE', *, *, #609, .T. ) ;
#1712 = AXIS2_PLACEMENT_3D ( 'NONE', #1319, #753, #1202 ) ;
#1713 = FACE_BOUND ( 'NONE', #371, .T. ) ;
#1714 = DIRECTION ( 'NONE',  ( -0.000000000000000000, -0.000000000000000000, 1.000000000000000000 ) ) ;
#1715 = CARTESIAN_POINT ( 'NONE',  ( 90.00000000000000000, -16.00000000000000000, 4.000000000000000000 ) ) ;
#1716 = ADVANCED_FACE ( 'NONE', ( #1767 ), #283, .F. ) ;
#1717 = ORIENTED_EDGE ( 'NONE', *, *, #439, .F. ) ;
#1718 = CARTESIAN_POINT ( 'NONE',  ( 193.4350288425445683, -13.43502884254424501, 0.000000000000000000 ) ) ;
#1719 = DATE_AND_TIME ( #248, #1364 ) ;
#1720 = EDGE_LOOP ( 'NONE', ( #963, #1805, #624, #70 ) ) ;
#1721 = FACE_OUTER_BOUND ( 'NONE', #500, .T. ) ;
#1722 = DIRECTION ( 'NONE',  ( 1.000000000000000000, 0.000000000000000000, 0.000000000000000000 ) ) ;
#1723 = ORIENTED_EDGE ( 'NONE', *, *, #269, .F. ) ;
#1724 = VECTOR ( 'NONE', #827, 1000.000000000000000 ) ;
#1725 = EDGE_LOOP ( 'NONE', ( #191, #1187, #895, #1810 ) ) ;
#1726 = VECTOR ( 'NONE', #629, 1000.000000000000000 ) ;
#1727 = ORIENTED_EDGE ( 'NONE', *, *, #1245, .F. ) ;
#1728 = DIRECTION ( 'NONE',  ( -0.000000000000000000, -0.000000000000000000, 1.000000000000000000 ) ) ;
#1729 = DIRECTION ( 'NONE',  ( 1.000000000000000000, 0.000000000000000000, 0.000000000000000000 ) ) ;
#1730 = DIRECTION ( 'NONE',  ( -0.000000000000000000, -0.000000000000000000, -1.000000000000000000 ) ) ;
#1731 = EDGE_LOOP ( 'NONE', ( #418, #1627, #1199, #535 ) ) ;
#1732 = ORIENTED_EDGE ( 'NONE', *, *, #925, .T. ) ;
#1733 = CIRCLE ( 'NONE', #1458, 1.250000000000001110 ) ;
#1734 = DATE_TIME_ROLE ( 'creation_date' ) ;
#1735 = ORIENTED_EDGE ( 'NONE', *, *, #721, .T. ) ;
#1736 = EDGE_CURVE ( 'NONE', #1324, #730, #165, .T. ) ;
#1737 = ADVANCED_FACE ( 'NONE', ( #1165 ), #1917, .F. ) ;
#1738 = CARTESIAN_POINT ( 'NONE',  ( 179.9999999999999432, 0.000000000000000000, 0.000000000000000000 ) ) ;
#1739 = AXIS2_PLACEMENT_3D ( 'NONE', #598, #448, #894 ) ;
#1740 = EDGE_CURVE ( 'NONE', #860, #992, #1183, .T. ) ;
#1741 = ORIENTED_EDGE ( 'NONE', *, *, #897, .F. ) ;
#1742 = ORIENTED_EDGE ( 'NONE', *, *, #990, .F. ) ;
#1743 = CARTESIAN_POINT ( 'NONE',  ( 136.2500000000000000, 16.00000000000000000, 4.000000000000000000 ) ) ;
#1744 = ORIENTED_EDGE ( 'NONE', *, *, #1494, .F. ) ;
#1745 = DIRECTION ( 'NONE',  ( 1.000000000000000000, 0.000000000000000000, 0.000000000000000000 ) ) ;
#1746 = FACE_OUTER_BOUND ( 'NONE', #681, .T. ) ;
#1747 = ORIENTED_EDGE ( 'NONE', *, *, #21, .T. ) ;
#1748 = ORIENTED_EDGE ( 'NONE', *, *, #1757, .F. ) ;
#1749 = VECTOR ( 'NONE', #1379, 1000.000000000000000 ) ;
#1750 = AXIS2_PLACEMENT_3D ( 'NONE', #1380, #1513, #1071 ) ;
#1751 = CALENDAR_DATE ( 2026, 25, 4 ) ;
#1752 = AXIS2_PLACEMENT_3D ( 'NONE', #1431, #1440, #1603 ) ;
#1753 = ORIENTED_EDGE ( 'NONE', *, *, #1021, .F. ) ;
#1754 = DIRECTION ( 'NONE',  ( 0.000000000000000000, -0.000000000000000000, 1.000000000000000000 ) ) ;
#1755 = CARTESIAN_POINT ( 'NONE',  ( 21.65541043866861060, 21.83226662889090619, 4.000000000000000000 ) ) ;
#1756 = ORIENTED_EDGE ( 'NONE', *, *, #1004, .F. ) ;
#1757 = EDGE_CURVE ( 'NONE', #415, #1889, #877, .T. ) ;
#1758 = AXIS2_PLACEMENT_3D ( 'NONE', #384, #954, #1109 ) ;
#1759 = VERTEX_POINT ( 'NONE', #1784 ) ;
#1760 = ORIENTED_EDGE ( 'NONE', *, *, #714, .F. ) ;
#1761 = DIRECTION ( 'NONE',  ( 1.000000000000000000, 0.000000000000000000, 0.000000000000000000 ) ) ;
#1762 = CC_DESIGN_PERSON_AND_ORGANIZATION_ASSIGNMENT ( #556, #118, ( #709 ) ) ;
#1763 = AXIS2_PLACEMENT_3D ( 'NONE', #1546, #303, #1691 ) ;
#1764 = ORIENTED_EDGE ( 'NONE', *, *, #1007, .T. ) ;
#1765 = DIRECTION ( 'NONE',  ( 0.000000000000000000, -0.000000000000000000, -1.000000000000000000 ) ) ;
#1766 = AXIS2_PLACEMENT_3D ( 'NONE', #740, #901, #1232 ) ;
#1767 = FACE_OUTER_BOUND ( 'NONE', #972, .T. ) ;
#1768 = AXIS2_PLACEMENT_3D ( 'NONE', #143, #1163, #1601 ) ;
#1769 = FACE_OUTER_BOUND ( 'NONE', #870, .T. ) ;
#1770 = ORIENTED_EDGE ( 'NONE', *, *, #1004, .T. ) ;
#1771 = CIRCLE ( 'NONE', #1306, 1.250000000000011546 ) ;
#1772 = ORIENTED_EDGE ( 'NONE', *, *, #194, .F. ) ;
#1773 = CARTESIAN_POINT ( 'NONE',  ( 90.00000000000000000, 16.00000000000000000, 4.000000000000000000 ) ) ;
#1774 = EDGE_CURVE ( 'NONE', #1089, #158, #1771, .T. ) ;
#1775 = CIRCLE ( 'NONE', #1872, 1.249999999999999112 ) ;
#1776 = EDGE_LOOP ( 'NONE', ( #810, #1778 ) ) ;
#1777 = CARTESIAN_POINT ( 'NONE',  ( 6.749999999999891642, 11.69134295108998245, -1.000000000000000000 ) ) ;
#1778 = ORIENTED_EDGE ( 'NONE', *, *, #1325, .T. ) ;
#1779 = EDGE_LOOP ( 'NONE', ( #1492, #739, #903, #528 ) ) ;
#1780 = EDGE_LOOP ( 'NONE', ( #99, #310 ) ) ;
#1781 = DIRECTION ( 'NONE',  ( 1.000000000000000000, 0.000000000000000000, 0.000000000000000000 ) ) ;
#1782 = DIRECTION ( 'NONE',  ( 1.000000000000000000, 0.000000000000000000, 0.000000000000000000 ) ) ;
#1783 = VECTOR ( 'NONE', #1238, 1000.000000000000000 ) ;
#1784 = CARTESIAN_POINT ( 'NONE',  ( 8.000000000000055067, -11.69134295108989363, 4.000000000000000000 ) ) ;
#1785 = ORIENTED_EDGE ( 'NONE', *, *, #1144, .F. ) ;
#1786 = CIRCLE ( 'NONE', #353, 1.249999999999999556 ) ;
#1787 = EDGE_LOOP ( 'NONE', ( #1634, #123, #1034, #132 ) ) ;
#1788 = CIRCLE ( 'NONE', #29, 10.00000000000000888 ) ;
#1789 = CARTESIAN_POINT ( 'NONE',  ( 14.75000000000000000, 0.000000000000000000, 0.000000000000000000 ) ) ;
#1790 = ORIENTED_EDGE ( 'NONE', *, *, #1243, .F. ) ;
#1791 = DIRECTION ( 'NONE',  ( 1.000000000000000000, 0.000000000000000000, 0.000000000000000000 ) ) ;
#1792 = DIRECTION ( 'NONE',  ( 1.000000000000000000, 0.000000000000000000, 0.000000000000000000 ) ) ;
#1793 = VERTEX_POINT ( 'NONE', #144 ) ;
#1794 = DIRECTION ( 'NONE',  ( -0.000000000000000000, 0.000000000000000000, 1.000000000000000000 ) ) ;
#1795 = CARTESIAN_POINT ( 'NONE',  ( 7.500000000000000000, 0.000000000000000000, 4.000000000000000000 ) ) ;
#1796 = ORIENTED_EDGE ( 'NONE', *, *, #105, .T. ) ;
#1797 = EDGE_CURVE ( 'NONE', #569, #966, #1114, .T. ) ;
#1798 = CIRCLE ( 'NONE', #1198, 1.250000000000001110 ) ;
#1799 = EDGE_CURVE ( 'NONE', #1377, #730, #1616, .T. ) ;
#1800 = DIRECTION ( 'NONE',  ( 1.000000000000000000, 0.000000000000000000, 0.000000000000000000 ) ) ;
#1801 = DIRECTION ( 'NONE',  ( 0.000000000000000000, 0.000000000000000000, 1.000000000000000000 ) ) ;
#1802 = DIRECTION ( 'NONE',  ( 1.000000000000000000, 0.000000000000000000, 0.000000000000000000 ) ) ;
#1803 = DIRECTION ( 'NONE',  ( 0.000000000000000000, 0.000000000000000000, 1.000000000000000000 ) ) ;
#1804 = DIRECTION ( 'NONE',  ( 0.000000000000000000, 0.000000000000000000, -1.000000000000000000 ) ) ;
#1805 = ORIENTED_EDGE ( 'NONE', *, *, #522, .T. ) ;
#1806 = LINE ( 'NONE', #1493, #633 ) ;
#1807 = CARTESIAN_POINT ( 'NONE',  ( -7.999999999999972466, -11.69134295108993804, 0.000000000000000000 ) ) ;
#1808 = ORIENTED_EDGE ( 'NONE', *, *, #355, .F. ) ;
#1809 = ADVANCED_FACE ( 'NONE', ( #1337 ), #1175, .F. ) ;
#1810 = ORIENTED_EDGE ( 'NONE', *, *, #640, .F. ) ;
#1811 = DIRECTION ( 'NONE',  ( 0.000000000000000000, 0.000000000000000000, 1.000000000000000000 ) ) ;
#1812 = CARTESIAN_POINT ( 'NONE',  ( 21.65541043866861060, -21.83226662889090619, 0.000000000000000000 ) ) ;
#1813 = PERSON_AND_ORGANIZATION ( #1702, #1870 ) ;
#1814 = CIRCLE ( 'NONE', #1153, 6.000000000000005329 ) ;
#1815 = CARTESIAN_POINT ( 'NONE',  ( 144.0000000000000000, 6.000000000000000000, 0.000000000000000000 ) ) ;
#1816 = AXIS2_PLACEMENT_3D ( 'NONE', #445, #1038, #1489 ) ;
#1817 = DIRECTION ( 'NONE',  ( 1.000000000000000000, 0.000000000000000000, 0.000000000000000000 ) ) ;
#1818 = LINE ( 'NONE', #1054, #518 ) ;
#1819 = DIRECTION ( 'NONE',  ( 0.000000000000000000, 0.000000000000000000, 1.000000000000000000 ) ) ;
#1820 = EDGE_CURVE ( 'NONE', #415, #261, #1520, .T. ) ;
#1821 = ORIENTED_EDGE ( 'NONE', *, *, #1309, .T. ) ;
#1822 = CARTESIAN_POINT ( 'NONE',  ( 158.3445895613313610, 21.83226662889090619, 0.000000000000000000 ) ) ;
#1823 = EDGE_CURVE ( 'NONE', #1478, #1645, #1637, .T. ) ;
#1824 = APPLICATION_PROTOCOL_DEFINITION ( 'international standard', 'config_control_design', 1994, #18 ) ;
#1825 = ORIENTED_EDGE ( 'NONE', *, *, #1884, .T. ) ;
#1826 = CIRCLE ( 'NONE', #1221, 1.250000000000001110 ) ;
#1827 = CARTESIAN_POINT ( 'NONE',  ( 158.3445895613313326, 31.83226662889090974, 4.000000000000000000 ) ) ;
#1828 = DIRECTION ( 'NONE',  ( 1.000000000000000000, 0.000000000000000000, 0.000000000000000000 ) ) ;
#1829 = CARTESIAN_POINT ( 'NONE',  ( 91.25000000000000000, 16.00000000000000000, 4.000000000000000000 ) ) ;
#1830 = CARTESIAN_POINT ( 'NONE',  ( 166.5649711574556022, -13.43502884254442620, 4.000000000000000000 ) ) ;
#1831 = FACE_OUTER_BOUND ( 'NONE', #1438, .T. ) ;
#1832 = CARTESIAN_POINT ( 'NONE',  ( 8.000000000000055067, -11.69134295108989363, 0.000000000000000000 ) ) ;
#1833 = VERTEX_POINT ( 'NONE', #743 ) ;
#1834 = DIRECTION ( 'NONE',  ( -0.000000000000000000, -0.000000000000000000, 1.000000000000000000 ) ) ;
#1835 = CARTESIAN_POINT ( 'NONE',  ( 0.000000000000000000, 0.000000000000000000, 4.000000000000000000 ) ) ;
#1836 = DIRECTION ( 'NONE',  ( 0.000000000000000000, 0.000000000000000000, 1.000000000000000000 ) ) ;
#1837 = EDGE_LOOP ( 'NONE', ( #1854, #914 ) ) ;
#1838 = FACE_BOUND ( 'NONE', #1464, .T. ) ;
#1839 = DIRECTION ( 'NONE',  ( -0.000000000000000000, -0.000000000000000000, 1.000000000000000000 ) ) ;
#1840 = VERTEX_POINT ( 'NONE', #1795 ) ;
#1841 = CARTESIAN_POINT ( 'NONE',  ( 36.00000000000000711, 0.000000000000000000, 0.000000000000000000 ) ) ;
#1842 = CYLINDRICAL_SURFACE ( 'NONE', #762, 1.250000000000001110 ) ;
#1843 = EDGE_LOOP ( 'NONE', ( #1173, #1462 ) ) ;
#1844 = ADVANCED_FACE ( 'NONE', ( #461 ), #1051, .F. ) ;
#1845 = EDGE_CURVE ( 'NONE', #1833, #1549, #1224, .T. ) ;
#1846 = FACE_BOUND ( 'NONE', #563, .T. ) ;
#1847 = CARTESIAN_POINT ( 'NONE',  ( -28.49999999999998934, 0.000000000000000000, 4.000000000000000000 ) ) ;
#1848 = CARTESIAN_POINT ( 'NONE',  ( 43.75000000000000000, 16.00000000000000000, -1.000000000000000000 ) ) ;
#1849 = ADVANCED_FACE ( 'NONE', ( #803 ), #499, .F. ) ;
#1850 = CIRCLE ( 'NONE', #1060, 12.50000000000001066 ) ;
#1851 = LINE ( 'NONE', #175, #1116 ) ;
#1852 = DIRECTION ( 'NONE',  ( -1.000000000000000000, 0.000000000000000000, 0.000000000000000000 ) ) ;
#1853 = CIRCLE ( 'NONE', #1600, 1.249999999999998890 ) ;
#1854 = ORIENTED_EDGE ( 'NONE', *, *, #105, .F. ) ;
#1855 = DIRECTION ( 'NONE',  ( -0.000000000000000000, -0.000000000000000000, 1.000000000000000000 ) ) ;
#1856 = CIRCLE ( 'NONE', #1161, 9.999999999999998224 ) ;
#1857 = DIRECTION ( 'NONE',  ( 1.000000000000000000, 2.081668171172168908E-15, 0.000000000000000000 ) ) ;
#1858 = DIRECTION ( 'NONE',  ( 1.000000000000000000, 0.000000000000000000, 0.000000000000000000 ) ) ;
#1859 = EDGE_LOOP ( 'NONE', ( #602, #1041 ) ) ;
#1860 = DIRECTION ( 'NONE',  ( -0.000000000000000000, -0.000000000000000000, -1.000000000000000000 ) ) ;
#1861 = EDGE_CURVE ( 'NONE', #966, #569, #100, .T. ) ;
#1862 = CARTESIAN_POINT ( 'NONE',  ( 167.8149711574556022, -13.43502884254442620, 0.000000000000000000 ) ) ;
#1863 = DIRECTION ( 'NONE',  ( -1.000000000000000000, 0.000000000000000000, 0.000000000000000000 ) ) ;
#1864 = DIRECTION ( 'NONE',  ( 1.000000000000000000, 0.000000000000000000, 0.000000000000000000 ) ) ;
#1865 = CIRCLE ( 'NONE', #1017, 1.249999999999999334 ) ;
#1866 = AXIS2_PLACEMENT_3D ( 'NONE', #103, #1283, #807 ) ;
#1867 = CARTESIAN_POINT ( 'NONE',  ( 194.6850288425443694, 13.43502884254442620, 0.000000000000000000 ) ) ;
#1868 = APPROVAL_DATE_TIME ( #1719, #804 ) ;
#1869 = ORIENTED_EDGE ( 'NONE', *, *, #987, .F. ) ;
#1870 = ORGANIZATION ( 'æœª', 'æœª', '' ) ;
#1871 = LINE ( 'NONE', #1877, #692 ) ;
#1872 = AXIS2_PLACEMENT_3D ( 'NONE', #1272, #362, #949 ) ;
#1873 = ORIENTED_EDGE ( 'NONE', *, *, #700, .T. ) ;
#1874 = ORIENTED_EDGE ( 'NONE', *, *, #1477, .T. ) ;
#1875 = COORDINATED_UNIVERSAL_TIME_OFFSET ( 8, 0, .AHEAD. ) ;
#1876 = ORIENTED_EDGE ( 'NONE', *, *, #1302, .T. ) ;
#1877 = CARTESIAN_POINT ( 'NONE',  ( 91.25000000000000000, -16.00000000000000000, -1.000000000000000000 ) ) ;
#1878 = DIRECTION ( 'NONE',  ( -0.000000000000000000, -0.000000000000000000, 1.000000000000000000 ) ) ;
#1879 = ORIENTED_EDGE ( 'NONE', *, *, #76, .T. ) ;
#1880 = VECTOR ( 'NONE', #1602, 1000.000000000000000 ) ;
#1881 = ORIENTED_EDGE ( 'NONE', *, *, #1477, .F. ) ;
#1882 = FACE_BOUND ( 'NONE', #1911, .T. ) ;
#1883 = ADVANCED_FACE ( 'NONE', ( #489 ), #1842, .F. ) ;
#1884 = EDGE_CURVE ( 'NONE', #1075, #1793, #1235, .T. ) ;
#1885 = EDGE_LOOP ( 'NONE', ( #1052, #755, #1099, #1095 ) ) ;
#1886 = AXIS2_PLACEMENT_3D ( 'NONE', #789, #334, #185 ) ;
#1887 = DIRECTION ( 'NONE',  ( 0.000000000000000000, 0.000000000000000000, 1.000000000000000000 ) ) ;
#1888 = CARTESIAN_POINT ( 'NONE',  ( 13.50000000000000000, 0.000000000000000000, -1.000000000000000000 ) ) ;
#1889 = VERTEX_POINT ( 'NONE', #627 ) ;
#1890 = ORIENTED_EDGE ( 'NONE', *, *, #561, .F. ) ;
#1891 = CARTESIAN_POINT ( 'NONE',  ( -7.500000000000000000, 9.184850993605147944E-16, 4.000000000000000000 ) ) ;
#1892 = AXIS2_PLACEMENT_3D ( 'NONE', #688, #1921, #401 ) ;
#1893 = CALENDAR_DATE ( 2026, 25, 4 ) ;
#1894 = ORIENTED_EDGE ( 'NONE', *, *, #953, .T. ) ;
#1895 = DIRECTION ( 'NONE',  ( 1.000000000000000000, 0.000000000000000000, 0.000000000000000000 ) ) ;
#1896 = AXIS2_PLACEMENT_3D ( 'NONE', #481, #1699, #42 ) ;
#1897 = ADVANCED_FACE ( 'NONE', ( #1532 ), #1687, .F. ) ;
#1898 = CYLINDRICAL_SURFACE ( 'NONE', #141, 1.249999999999999334 ) ;
#1899 = EDGE_LOOP ( 'NONE', ( #572, #908 ) ) ;
#1900 = CYLINDRICAL_SURFACE ( 'NONE', #1892, 6.000000000000005329 ) ;
#1901 = ORIENTED_EDGE ( 'NONE', *, *, #549, .F. ) ;
#1902 = SECURITY_CLASSIFICATION_LEVEL ( 'unclassified' ) ;
#1903 = ORIENTED_EDGE ( 'NONE', *, *, #1531, .T. ) ;
#1904 = CARTESIAN_POINT ( 'NONE',  ( 6.749999999999891642, 11.69134295108998245, 0.000000000000000000 ) ) ;
#1905 = EDGE_CURVE ( 'NONE', #860, #1609, #783, .T. ) ;
#1906 = CARTESIAN_POINT ( 'NONE',  ( 18.31944687606633337, 21.83226662889090619, 0.000000000000000000 ) ) ;
#1907 = EDGE_CURVE ( 'NONE', #278, #290, #465, .T. ) ;
#1908 = EDGE_CURVE ( 'NONE', #1148, #1840, #643, .T. ) ;
#1909 = APPROVAL ( #1299, 'æœª' ) ;
#1910 = ORIENTED_EDGE ( 'NONE', *, *, #469, .T. ) ;
#1911 = EDGE_LOOP ( 'NONE', ( #140, #1305 ) ) ;
#1912 = AXIS2_PLACEMENT_3D ( 'NONE', #101, #1887, #397 ) ;
#1913 = CIRCLE ( 'NONE', #479, 9.999999999999998224 ) ;
#1914 = AXIS2_PLACEMENT_3D ( 'NONE', #399, #1591, #1459 ) ;
#1915 = ORIENTED_EDGE ( 'NONE', *, *, #1158, .F. ) ;
#1916 = CARTESIAN_POINT ( 'NONE',  ( 45.00000000000000000, 16.00000000000000000, 0.000000000000000000 ) ) ;
#1917 = CYLINDRICAL_SURFACE ( 'NONE', #529, 1.250000000000000222 ) ;
#1918 = ORIENTED_EDGE ( 'NONE', *, *, #1823, .F. ) ;
#1919 = EDGE_CURVE ( 'NONE', #1625, #85, #1023, .T. ) ;
#1920 = EDGE_LOOP ( 'NONE', ( #1747, #490 ) ) ;
#1921 = DIRECTION ( 'NONE',  ( -0.000000000000000000, -0.000000000000000000, 1.000000000000000000 ) ) ;
#1922 = ORIENTED_EDGE ( 'NONE', *, *, #597, .T. ) ;
#1923 = DIRECTION ( 'NONE',  ( 1.000000000000000000, 0.000000000000000000, 0.000000000000000000 ) ) ;
ENDSEC;
END-ISO-10303-21;
