ISO-10303-21;
HEADER;
FILE_DESCRIPTION (( 'STEP AP203' ),
    '1' );
FILE_NAME ('34ÖáÁ¬¸Ë.STEP',
    '2026-04-25T04:58:23',
    ( '' ),
    ( '' ),
    'SwSTEP 2.0',
    'SolidWorks 2024',
    '' );
FILE_SCHEMA (( 'CONFIG_CONTROL_DESIGN' ));
ENDSEC;

DATA;
#1 = LINE ( 'NONE', #1436, #1977 ) ;
#2 = ORIENTED_EDGE ( 'NONE', *, *, #817, .F. ) ;
#3 = EDGE_LOOP ( 'NONE', ( #1918, #1689, #1588, #1105 ) ) ;
#4 = ORIENTED_EDGE ( 'NONE', *, *, #1029, .T. ) ;
#5 = EDGE_LOOP ( 'NONE', ( #1266, #1741, #605, #1894 ) ) ;
#6 = CARTESIAN_POINT ( 'NONE',  ( 20.75000000000005684, -13.43502884254503194, 194.6850288425436872 ) ) ;
#7 = CARTESIAN_POINT ( 'NONE',  ( 20.75000000000005684, -4.000000000000000888, 18.99999999999998934 ) ) ;
#8 = EDGE_CURVE ( 'NONE', #1360, #1254, #1861, .T. ) ;
#9 = VECTOR ( 'NONE', #484, 1000.000000000000000 ) ;
#10 = AXIS2_PLACEMENT_3D ( 'NONE', #1829, #1576, #1872 ) ;
#11 = CARTESIAN_POINT ( 'NONE',  ( 20.75000000000005684, 10.13108276106246919, 28.74999999999998579 ) ) ;
#12 = ORIENTED_EDGE ( 'NONE', *, *, #519, .F. ) ;
#13 = DIRECTION ( 'NONE',  ( 0.000000000000000000, 0.000000000000000000, -1.000000000000000000 ) ) ;
#14 = ORIENTED_EDGE ( 'NONE', *, *, #1413, .T. ) ;
#15 = ORGANIZATION ( 'æœª', 'æœª', '' ) ;
#16 = DIRECTION ( 'NONE',  ( 1.000000000000000000, 0.000000000000000000, 0.000000000000000000 ) ) ;
#17 = CARTESIAN_POINT ( 'NONE',  ( -6.749999999999973355, 11.69134295108993982, 0.000000000000000000 ) ) ;
#18 = LINE ( 'NONE', #2101, #9 ) ;
#19 = DIRECTION ( 'NONE',  ( 1.000000000000000000, 0.000000000000000000, 0.000000000000000000 ) ) ;
#20 = FACE_BOUND ( 'NONE', #1811, .T. ) ;
#21 = DIRECTION ( 'NONE',  ( -0.000000000000000000, 0.000000000000000000, -1.000000000000000000 ) ) ;
#22 = EDGE_CURVE ( 'NONE', #1498, #1875, #1602, .T. ) ;
#23 = AXIS2_PLACEMENT_3D ( 'NONE', #1681, #1994, #551 ) ;
#24 = EDGE_LOOP ( 'NONE', ( #643, #1122, #617, #1452 ) ) ;
#25 = CARTESIAN_POINT ( 'NONE',  ( -6.749999999999973355, 11.69134295108993982, 0.000000000000000000 ) ) ;
#26 = ORIENTED_EDGE ( 'NONE', *, *, #1117, .T. ) ;
#27 = DIRECTION ( 'NONE',  ( 1.000000000000000000, 0.000000000000000000, 0.000000000000000000 ) ) ;
#28 = CARTESIAN_POINT ( 'NONE',  ( -5.499999999999973355, 11.69134295108993982, 0.000000000000000000 ) ) ;
#29 =( NAMED_UNIT ( * ) PLANE_ANGLE_UNIT ( ) SI_UNIT ( $, .RADIAN. ) );
#30 = VECTOR ( 'NONE', #418, 1000.000000000000000 ) ;
#31 = FACE_BOUND ( 'NONE', #610, .T. ) ;
#32 = EDGE_CURVE ( 'NONE', #490, #839, #504, .T. ) ;
#33 = ORIENTED_EDGE ( 'NONE', *, *, #2026, .F. ) ;
#34 = DIRECTION ( 'NONE',  ( 1.000000000000000000, 0.000000000000000000, 0.000000000000000000 ) ) ;
#35 = LINE ( 'NONE', #1527, #2093 ) ;
#36 = LINE ( 'NONE', #1178, #1348 ) ;
#37 = SHAPE_DEFINITION_REPRESENTATION ( #1921, #1210 ) ;
#38 = CIRCLE ( 'NONE', #1128, 7.500000000000000000 ) ;
#39 = DIRECTION ( 'NONE',  ( 1.000000000000000000, 0.000000000000000000, 0.000000000000000000 ) ) ;
#40 = CYLINDRICAL_SURFACE ( 'NONE', #149, 1.249999999999997558 ) ;
#41 = VECTOR ( 'NONE', #417, 1000.000000000000000 ) ;
#42 = FACE_BOUND ( 'NONE', #620, .T. ) ;
#43 = ORIENTED_EDGE ( 'NONE', *, *, #715, .T. ) ;
#44 = CARTESIAN_POINT ( 'NONE',  ( 22.03249845798296036, -16.63108276106246919, 4.000000000000000000 ) ) ;
#45 = VERTEX_POINT ( 'NONE', #336 ) ;
#46 = ADVANCED_FACE ( 'NONE', ( #1019 ), #1350, .F. ) ;
#47 = EDGE_CURVE ( 'NONE', #308, #877, #1120, .T. ) ;
#48 = CARTESIAN_POINT ( 'NONE',  ( 20.75000000000005684, -10.13108276106249761, 84.99999999999998579 ) ) ;
#49 = DIRECTION ( 'NONE',  ( 0.000000000000000000, 0.000000000000000000, -1.000000000000000000 ) ) ;
#50 = CIRCLE ( 'NONE', #213, 1.250000000000001110 ) ;
#51 = CARTESIAN_POINT ( 'NONE',  ( 24.75000000000005684, -2.477484756643993492E-14, 167.4999999999999716 ) ) ;
#52 = PERSON_AND_ORGANIZATION ( #697, #15 ) ;
#53 = AXIS2_PLACEMENT_3D ( 'NONE', #1528, #849, #667 ) ;
#54 = DIRECTION ( 'NONE',  ( 0.000000000000000000, 0.000000000000000000, -1.000000000000000000 ) ) ;
#55 = VECTOR ( 'NONE', #330, 1000.000000000000000 ) ;
#56 = VERTEX_POINT ( 'NONE', #171 ) ;
#57 = LINE ( 'NONE', #1493, #859 ) ;
#58 = AXIS2_PLACEMENT_3D ( 'NONE', #1702, #238, #587 ) ;
#59 = ORIENTED_EDGE ( 'NONE', *, *, #1440, .F. ) ;
#60 = DIRECTION ( 'NONE',  ( 1.000000000000000000, 0.000000000000000000, 0.000000000000000000 ) ) ;
#61 = CARTESIAN_POINT ( 'NONE',  ( 20.75000000000005684, 4.000000000000048850, 154.9999999999999716 ) ) ;
#62 = ORIENTED_EDGE ( 'NONE', *, *, #546, .T. ) ;
#63 = EDGE_CURVE ( 'NONE', #718, #1690, #749, .T. ) ;
#64 = CYLINDRICAL_SURFACE ( 'NONE', #1151, 2.500000000000002220 ) ;
#65 = DIRECTION ( 'NONE',  ( 0.000000000000000000, 0.000000000000000000, 1.000000000000000000 ) ) ;
#66 = DIRECTION ( 'NONE',  ( 1.000000000000000000, 0.000000000000000000, 0.000000000000000000 ) ) ;
#67 = FACE_OUTER_BOUND ( 'NONE', #1220, .T. ) ;
#68 = ORIENTED_EDGE ( 'NONE', *, *, #63, .T. ) ;
#69 = CIRCLE ( 'NONE', #1703, 1.250000000000001110 ) ;
#70 = VERTEX_POINT ( 'NONE', #491 ) ;
#71 = CARTESIAN_POINT ( 'NONE',  ( -6.749999999999973355, 11.69134295108993982, 0.000000000000000000 ) ) ;
#72 = ORIENTED_EDGE ( 'NONE', *, *, #1917, .F. ) ;
#73 = FACE_OUTER_BOUND ( 'NONE', #1330, .T. ) ;
#74 = DIRECTION ( 'NONE',  ( 1.000000000000000000, 0.000000000000000000, 0.000000000000000000 ) ) ;
#75 = EDGE_CURVE ( 'NONE', #1111, #383, #810, .T. ) ;
#76 = ADVANCED_FACE ( 'NONE', ( #1468 ), #1669, .F. ) ;
#77 = EDGE_CURVE ( 'NONE', #182, #2013, #1943, .T. ) ;
#78 = ORIENTED_EDGE ( 'NONE', *, *, #1264, .F. ) ;
#79 = AXIS2_PLACEMENT_3D ( 'NONE', #304, #1613, #768 ) ;
#80 = AXIS2_PLACEMENT_3D ( 'NONE', #1100, #962, #629 ) ;
#81 = CARTESIAN_POINT ( 'NONE',  ( -13.50000000000000000, 0.000000000000000000, 0.000000000000000000 ) ) ;
#82 = ORIENTED_EDGE ( 'NONE', *, *, #638, .T. ) ;
#83 = CARTESIAN_POINT ( 'NONE',  ( 20.75000000000005684, -13.43502884254455054, 167.8149711574549201 ) ) ;
#84 = CARTESIAN_POINT ( 'NONE',  ( 20.75000000000005684, -10.13108276106249761, 84.99999999999998579 ) ) ;
#85 = CARTESIAN_POINT ( 'NONE',  ( 0.000000000000000000, 0.000000000000000000, 0.000000000000000000 ) ) ;
#86 = CARTESIAN_POINT ( 'NONE',  ( 24.75000000000005684, -2.477484756643993492E-14, 180.0000000000000000 ) ) ;
#87 = ORIENTED_EDGE ( 'NONE', *, *, #140, .T. ) ;
#88 = ADVANCED_FACE ( 'NONE', ( #190 ), #846, .F. ) ;
#89 = ORIENTED_EDGE ( 'NONE', *, *, #2072, .F. ) ;
#90 = DIRECTION ( 'NONE',  ( 0.000000000000000000, 0.000000000000000000, -1.000000000000000000 ) ) ;
#91 = AXIS2_PLACEMENT_3D ( 'NONE', #1606, #2004, #1740 ) ;
#92 = CARTESIAN_POINT ( 'NONE',  ( 20.75000000000005684, -10.13108276106251182, 138.7499999999999716 ) ) ;
#93 = EDGE_LOOP ( 'NONE', ( #1242, #2086, #1028, #735 ) ) ;
#94 = CYLINDRICAL_SURFACE ( 'NONE', #999, 1.250000000000001110 ) ;
#95 = LINE ( 'NONE', #1189, #1153 ) ;
#96 = CARTESIAN_POINT ( 'NONE',  ( 20.75000000000005684, 10.13108276106246919, 31.25000000000001421 ) ) ;
#97 =( NAMED_UNIT ( * ) SI_UNIT ( $, .STERADIAN. ) SOLID_ANGLE_UNIT ( ) );
#98 = FACE_OUTER_BOUND ( 'NONE', #93, .T. ) ;
#99 = DIRECTION ( 'NONE',  ( 0.000000000000000000, 0.000000000000000000, 1.000000000000000000 ) ) ;
#100 = ADVANCED_FACE ( 'NONE', ( #683 ), #990, .F. ) ;
#101 = EDGE_LOOP ( 'NONE', ( #459, #1671, #596, #583 ) ) ;
#102 = ORIENTED_EDGE ( 'NONE', *, *, #1329, .F. ) ;
#103 = CARTESIAN_POINT ( 'NONE',  ( 7.500000000000000000, 0.000000000000000000, 0.000000000000000000 ) ) ;
#104 = EDGE_LOOP ( 'NONE', ( #227, #1618, #14, #732 ) ) ;
#105 = DIRECTION ( 'NONE',  ( 1.000000000000000000, 0.000000000000000000, 0.000000000000000000 ) ) ;
#106 = CARTESIAN_POINT ( 'NONE',  ( 20.75000000000005684, -10.13108276106251182, 141.2500000000000000 ) ) ;
#107 = CARTESIAN_POINT ( 'NONE',  ( 20.75000000000005684, 22.49999999999997513, 181.2500000000000000 ) ) ;
#108 = CIRCLE ( 'NONE', #593, 1.250000000000001110 ) ;
#109 = FACE_OUTER_BOUND ( 'NONE', #1778, .T. ) ;
#110 = CIRCLE ( 'NONE', #278, 12.50000000000001066 ) ;
#111 = EDGE_CURVE ( 'NONE', #316, #1914, #194, .T. ) ;
#112 = ORIENTED_EDGE ( 'NONE', *, *, #2051, .T. ) ;
#113 = DIRECTION ( 'NONE',  ( 0.000000000000000000, 0.000000000000000000, -1.000000000000000000 ) ) ;
#114 = EDGE_CURVE ( 'NONE', #588, #289, #1937, .T. ) ;
#115 = CARTESIAN_POINT ( 'NONE',  ( 24.75000000000005684, 4.000000000000047073, 150.9999999999999716 ) ) ;
#116 = FACE_BOUND ( 'NONE', #1913, .T. ) ;
#117 = APPROVAL_ROLE ( '' ) ;
#118 = CARTESIAN_POINT ( 'NONE',  ( 24.75000000000005684, 10.13108276106246919, 84.99999999999998579 ) ) ;
#119 = CIRCLE ( 'NONE', #1780, 1.250000000000001110 ) ;
#120 = EDGE_LOOP ( 'NONE', ( #480, #1711, #267, #26 ) ) ;
#121 = ORIENTED_EDGE ( 'NONE', *, *, #1839, .T. ) ;
#122 = ORIENTED_EDGE ( 'NONE', *, *, #257, .F. ) ;
#123 = CARTESIAN_POINT ( 'NONE',  ( 0.000000000000000000, -14.13108276106246919, 4.000000000000000000 ) ) ;
#124 = CARTESIAN_POINT ( 'NONE',  ( 20.75000000000005684, -16.63108276106246919, 153.8388248315429792 ) ) ;
#125 = VECTOR ( 'NONE', #889, 1000.000000000000000 ) ;
#126 = EDGE_CURVE ( 'NONE', #306, #1132, #479, .T. ) ;
#127 = CARTESIAN_POINT ( 'NONE',  ( 20.75000000000005684, 10.13108276106246919, 84.99999999999998579 ) ) ;
#128 = CARTESIAN_POINT ( 'NONE',  ( 24.75000000000005684, 10.13108276106246919, 31.25000000000001421 ) ) ;
#129 = EDGE_LOOP ( 'NONE', ( #161, #933, #731, #102 ) ) ;
#130 = ORIENTED_EDGE ( 'NONE', *, *, #1449, .T. ) ;
#131 = VECTOR ( 'NONE', #1140, 1000.000000000000000 ) ;
#132 = ORIENTED_EDGE ( 'NONE', *, *, #646, .F. ) ;
#133 = VECTOR ( 'NONE', #1611, 1000.000000000000000 ) ;
#134 = CARTESIAN_POINT ( 'NONE',  ( -14.75000000000000000, 1.530808498934190831E-16, 0.000000000000000000 ) ) ;
#135 = CIRCLE ( 'NONE', #1541, 1.250000000000001110 ) ;
#136 = FACE_BOUND ( 'NONE', #1990, .T. ) ;
#137 = DIRECTION ( 'NONE',  ( -1.000000000000000000, -0.000000000000000000, -0.000000000000000000 ) ) ;
#138 = EDGE_CURVE ( 'NONE', #1693, #845, #108, .T. ) ;
#139 = ADVANCED_FACE ( 'NONE', ( #708 ), #868, .F. ) ;
#140 = EDGE_CURVE ( 'NONE', #685, #438, #57, .T. ) ;
#141 = CYLINDRICAL_SURFACE ( 'NONE', #183, 1.249999999999999334 ) ;
#142 = EDGE_LOOP ( 'NONE', ( #2047, #1503 ) ) ;
#143 = ORIENTED_EDGE ( 'NONE', *, *, #126, .F. ) ;
#144 = VERTEX_POINT ( 'NONE', #878 ) ;
#145 = ORIENTED_EDGE ( 'NONE', *, *, #1800, .F. ) ;
#146 = DIRECTION ( 'NONE',  ( 0.000000000000000000, 0.000000000000000000, -1.000000000000000000 ) ) ;
#147 = CARTESIAN_POINT ( 'NONE',  ( -14.75000000000000000, 1.530808498934190831E-16, 4.000000000000000000 ) ) ;
#148 = CIRCLE ( 'NONE', #793, 1.250000000000015099 ) ;
#149 = AXIS2_PLACEMENT_3D ( 'NONE', #1035, #218, #882 ) ;
#150 = DIRECTION ( 'NONE',  ( 0.000000000000000000, 0.000000000000000000, 1.000000000000000000 ) ) ;
#151 = EDGE_CURVE ( 'NONE', #1009, #390, #38, .T. ) ;
#152 = EDGE_LOOP ( 'NONE', ( #2017, #415, #1396, #993 ) ) ;
#153 = EDGE_LOOP ( 'NONE', ( #221, #969, #1073, #460 ) ) ;
#154 = VECTOR ( 'NONE', #711, 1000.000000000000000 ) ;
#155 = ORIENTED_EDGE ( 'NONE', *, *, #63, .F. ) ;
#156 = AXIS2_PLACEMENT_3D ( 'NONE', #1609, #1751, #461 ) ;
#157 = DIRECTION ( 'NONE',  ( 1.000000000000000000, 0.000000000000000000, 0.000000000000000000 ) ) ;
#158 = DIRECTION ( 'NONE',  ( 1.000000000000000000, -0.000000000000000000, -0.000000000000000000 ) ) ;
#159 = CIRCLE ( 'NONE', #23, 1.250000000000011546 ) ;
#160 = CARTESIAN_POINT ( 'NONE',  ( 20.75000000000005684, -10.13108276106249761, 83.74999999999997158 ) ) ;
#161 = ORIENTED_EDGE ( 'NONE', *, *, #521, .F. ) ;
#162 = VERTEX_POINT ( 'NONE', #351 ) ;
#163 = VERTEX_POINT ( 'NONE', #51 ) ;
#164 = ADVANCED_FACE ( 'NONE', ( #1353 ), #701, .F. ) ;
#165 = ORIENTED_EDGE ( 'NONE', *, *, #624, .F. ) ;
#166 = LINE ( 'NONE', #6, #727 ) ;
#167 = CARTESIAN_POINT ( 'NONE',  ( 20.75000000000005684, -10.13108276106249761, 86.25000000000001421 ) ) ;
#168 = CIRCLE ( 'NONE', #1795, 1.250000000000001110 ) ;
#169 = CARTESIAN_POINT ( 'NONE',  ( 20.03714673612961406, 15.12490498068696176, 0.000000000000000000 ) ) ;
#170 = ORIENTED_EDGE ( 'NONE', *, *, #1630, .T. ) ;
#171 = CARTESIAN_POINT ( 'NONE',  ( 24.75000000000005684, 10.13108276106246919, 86.25000000000001421 ) ) ;
#172 = ORIENTED_EDGE ( 'NONE', *, *, #1605, .F. ) ;
#173 = DIRECTION ( 'NONE',  ( 0.000000000000000000, 0.000000000000000000, -1.000000000000000000 ) ) ;
#174 = CARTESIAN_POINT ( 'NONE',  ( 7.999999999999888978, -11.69134295108997890, 0.000000000000000000 ) ) ;
#175 = LINE ( 'NONE', #497, #1725 ) ;
#176 = EDGE_CURVE ( 'NONE', #1113, #1726, #410, .T. ) ;
#177 = AXIS2_PLACEMENT_3D ( 'NONE', #1755, #455, #146 ) ;
#178 = AXIS2_PLACEMENT_3D ( 'NONE', #1395, #398, #2024 ) ;
#179 = DIRECTION ( 'NONE',  ( -0.000000000000000000, -0.000000000000000000, 1.000000000000000000 ) ) ;
#180 = VERTEX_POINT ( 'NONE', #1216 ) ;
#181 = DIRECTION ( 'NONE',  ( -0.000000000000000000, -0.000000000000000000, 1.000000000000000000 ) ) ;
#182 = VERTEX_POINT ( 'NONE', #1898 ) ;
#183 = AXIS2_PLACEMENT_3D ( 'NONE', #1377, #1274, #1893 ) ;
#184 = DIRECTION ( 'NONE',  ( 0.000000000000000000, -3.655310181522557947E-16, -1.000000000000000000 ) ) ;
#185 = CARTESIAN_POINT ( 'NONE',  ( 5.500000000000053291, 11.69134295108989363, 0.000000000000000000 ) ) ;
#186 = DIRECTION ( 'NONE',  ( 1.000000000000000000, -0.000000000000000000, -0.000000000000000000 ) ) ;
#187 = CARTESIAN_POINT ( 'NONE',  ( 24.75000000000005684, -2.477484756643993492E-14, 180.0000000000000000 ) ) ;
#188 = EDGE_CURVE ( 'NONE', #1123, #1749, #1612, .T. ) ;
#189 = ORIENTED_EDGE ( 'NONE', *, *, #1766, .F. ) ;
#190 = FACE_OUTER_BOUND ( 'NONE', #104, .T. ) ;
#191 = ORIENTED_EDGE ( 'NONE', *, *, #624, .T. ) ;
#192 = DIRECTION ( 'NONE',  ( 1.000000000000000000, 0.000000000000000000, 0.000000000000000000 ) ) ;
#193 = DIRECTION ( 'NONE',  ( 1.000000000000000000, 0.000000000000000000, 0.000000000000000000 ) ) ;
#194 = CIRCLE ( 'NONE', #1874, 1.249999999999999334 ) ;
#195 = CARTESIAN_POINT ( 'NONE',  ( 20.75000000000005684, 22.49999999999997513, 180.0000000000000000 ) ) ;
#196 = CARTESIAN_POINT ( 'NONE',  ( 20.75000000000005684, 10.13108276106246919, 31.25000000000001421 ) ) ;
#197 = ADVANCED_FACE ( 'NONE', ( #443 ), #756, .F. ) ;
#198 = CARTESIAN_POINT ( 'NONE',  ( 20.75000000000005684, -10.13108276106248340, 29.99999999999999645 ) ) ;
#199 = EDGE_LOOP ( 'NONE', ( #951, #82, #1375, #379 ) ) ;
#200 = DIRECTION ( 'NONE',  ( 1.000000000000000000, 0.000000000000000000, 0.000000000000000000 ) ) ;
#201 = ADVANCED_FACE ( 'NONE', ( #73 ), #430, .F. ) ;
#202 = EDGE_LOOP ( 'NONE', ( #2057, #595, #275, #1193, #1831, #1047 ) ) ;
#203 = CARTESIAN_POINT ( 'NONE',  ( 24.75000000000005684, -22.50000000000002487, 179.9999999999967599 ) ) ;
#204 = CARTESIAN_POINT ( 'NONE',  ( 20.75000000000005329, -8.673617379884035472E-16, 18.99999999999996092 ) ) ;
#205 = DIRECTION ( 'NONE',  ( 0.000000000000000000, 0.000000000000000000, -1.000000000000000000 ) ) ;
#206 = CIRCLE ( 'NONE', #1416, 2.500000000000002220 ) ;
#207 = DIRECTION ( 'NONE',  ( -0.000000000000000000, -0.000000000000000000, 1.000000000000000000 ) ) ;
#208 = ORIENTED_EDGE ( 'NONE', *, *, #648, .T. ) ;
#209 = CARTESIAN_POINT ( 'NONE',  ( 6.749999999999891642, -11.69134295108997890, 0.000000000000000000 ) ) ;
#210 = EDGE_CURVE ( 'NONE', #952, #359, #252, .T. ) ;
#211 = DIRECTION ( 'NONE',  ( 0.000000000000000000, 0.000000000000000000, 1.000000000000000000 ) ) ;
#212 = LINE ( 'NONE', #61, #154 ) ;
#213 = AXIS2_PLACEMENT_3D ( 'NONE', #1337, #1664, #1658 ) ;
#214 = ORIENTED_EDGE ( 'NONE', *, *, #114, .T. ) ;
#215 = DATE_TIME_ROLE ( 'classification_date' ) ;
#216 = CARTESIAN_POINT ( 'NONE',  ( 0.000000000000000000, 14.13108276106246919, 4.000000000000000000 ) ) ;
#217 = AXIS2_PLACEMENT_3D ( 'NONE', #1339, #1026, #1537 ) ;
#218 = DIRECTION ( 'NONE',  ( -0.000000000000000000, -0.000000000000000000, 1.000000000000000000 ) ) ;
#219 = CYLINDRICAL_SURFACE ( 'NONE', #1810, 2.499999999999998668 ) ;
#220 = DIRECTION ( 'NONE',  ( 1.000000000000000000, 0.000000000000000000, -0.000000000000000000 ) ) ;
#221 = ORIENTED_EDGE ( 'NONE', *, *, #305, .F. ) ;
#222 = CIRCLE ( 'NONE', #668, 1.250000000000001110 ) ;
#223 = EDGE_LOOP ( 'NONE', ( #1042, #1161 ) ) ;
#224 = EDGE_CURVE ( 'NONE', #685, #405, #1412, .T. ) ;
#225 = CC_DESIGN_DATE_AND_TIME_ASSIGNMENT ( #2006, #215, ( #1750 ) ) ;
#226 = FACE_OUTER_BOUND ( 'NONE', #400, .T. ) ;
#227 = ORIENTED_EDGE ( 'NONE', *, *, #1798, .F. ) ;
#228 = DIRECTION ( 'NONE',  ( 1.000000000000000000, -0.000000000000000000, -0.000000000000000000 ) ) ;
#229 = DIRECTION ( 'NONE',  ( 1.000000000000000000, 0.000000000000000000, 0.000000000000000000 ) ) ;
#230 = DIRECTION ( 'NONE',  ( 0.000000000000000000, 0.000000000000000000, -1.000000000000000000 ) ) ;
#231 = DIRECTION ( 'NONE',  ( 1.000000000000000000, 0.000000000000000000, -0.000000000000000000 ) ) ;
#232 = ORIENTED_EDGE ( 'NONE', *, *, #22, .T. ) ;
#233 = AXIS2_PLACEMENT_3D ( 'NONE', #1728, #1217, #738 ) ;
#234 = AXIS2_PLACEMENT_3D ( 'NONE', #555, #724, #1707 ) ;
#235 = ORIENTED_EDGE ( 'NONE', *, *, #959, .F. ) ;
#236 = ORIENTED_EDGE ( 'NONE', *, *, #1238, .F. ) ;
#237 = CARTESIAN_POINT ( 'NONE',  ( 20.75000000000005684, -22.50000000000002487, 178.7499999999967599 ) ) ;
#238 = DIRECTION ( 'NONE',  ( 1.000000000000000000, 0.000000000000000000, 0.000000000000000000 ) ) ;
#239 = EDGE_LOOP ( 'NONE', ( #1935, #1099 ) ) ;
#240 = CARTESIAN_POINT ( 'NONE',  ( 20.75000000000005684, -13.43502884254455054, 166.5649711574549201 ) ) ;
#241 = CARTESIAN_POINT ( 'NONE',  ( 24.75000000000005684, -10.13108276106251182, 139.9999999999999716 ) ) ;
#242 = DIRECTION ( 'NONE',  ( -1.000000000000000000, -0.000000000000000000, -0.000000000000000000 ) ) ;
#243 = ADVANCED_FACE ( 'NONE', ( #1056 ), #2061, .F. ) ;
#244 = CARTESIAN_POINT ( 'NONE',  ( 20.75000000000005684, 10.13108276106246919, 86.25000000000001421 ) ) ;
#245 = VERTEX_POINT ( 'NONE', #1855 ) ;
#246 = VECTOR ( 'NONE', #1415, 1000.000000000000000 ) ;
#247 = VECTOR ( 'NONE', #303, 1000.000000000000000 ) ;
#248 = VECTOR ( 'NONE', #733, 1000.000000000000000 ) ;
#249 = FACE_OUTER_BOUND ( 'NONE', #1342, .T. ) ;
#250 = DIRECTION ( 'NONE',  ( -0.000000000000000000, 0.000000000000000000, 1.000000000000000000 ) ) ;
#251 = ORIENTED_EDGE ( 'NONE', *, *, #1917, .T. ) ;
#252 = LINE ( 'NONE', #1877, #41 ) ;
#253 = DIRECTION ( 'NONE',  ( 0.000000000000000000, 0.000000000000000000, 1.000000000000000000 ) ) ;
#254 = DIRECTION ( 'NONE',  ( 1.000000000000000000, -0.000000000000000000, -0.000000000000000000 ) ) ;
#255 = APPLICATION_PROTOCOL_DEFINITION ( 'international standard', 'config_control_design', 1994, #515 ) ;
#256 = CIRCLE ( 'NONE', #53, 1.250000000000001110 ) ;
#257 = EDGE_CURVE ( 'NONE', #1875, #144, #1068, .T. ) ;
#258 = ORIENTED_EDGE ( 'NONE', *, *, #1775, .T. ) ;
#259 = VERTEX_POINT ( 'NONE', #611 ) ;
#260 = CIRCLE ( 'NONE', #1856, 25.10478042126636566 ) ;
#261 = VERTEX_POINT ( 'NONE', #1077 ) ;
#262 = CARTESIAN_POINT ( 'NONE',  ( 24.75000000000005684, -8.673617379884035472E-16, 18.99999999999996092 ) ) ;
#263 = CARTESIAN_POINT ( 'NONE',  ( -6.750000000000135891, -11.69134295108984212, 4.000000000000000000 ) ) ;
#264 = FACE_BOUND ( 'NONE', #2001, .T. ) ;
#265 = EDGE_CURVE ( 'NONE', #182, #490, #2077, .T. ) ;
#266 = ORIENTED_EDGE ( 'NONE', *, *, #1546, .T. ) ;
#267 = ORIENTED_EDGE ( 'NONE', *, *, #1472, .T. ) ;
#268 = FACE_OUTER_BOUND ( 'NONE', #1349, .T. ) ;
#269 = VERTEX_POINT ( 'NONE', #928 ) ;
#270 = CARTESIAN_POINT ( 'NONE',  ( 24.75000000000005684, -1.637578961322105897E-12, 201.2499999999984936 ) ) ;
#271 = DIRECTION ( 'NONE',  ( 0.000000000000000000, 0.000000000000000000, -1.000000000000000000 ) ) ;
#272 = FACE_BOUND ( 'NONE', #720, .T. ) ;
#273 = CARTESIAN_POINT ( 'NONE',  ( 20.75000000000005684, 10.13108276106246919, 141.2500000000000000 ) ) ;
#274 = LINE ( 'NONE', #1586, #1785 ) ;
#275 = ORIENTED_EDGE ( 'NONE', *, *, #907, .T. ) ;
#276 = ORIENTED_EDGE ( 'NONE', *, *, #1816, .F. ) ;
#277 = CARTESIAN_POINT ( 'NONE',  ( 24.75000000000005684, 13.43502884254377250, 193.4350288425441988 ) ) ;
#278 = AXIS2_PLACEMENT_3D ( 'NONE', #1782, #1961, #508 ) ;
#279 = EDGE_CURVE ( 'NONE', #2056, #1777, #623, .T. ) ;
#280 = DIRECTION ( 'NONE',  ( 1.000000000000000000, 0.000000000000000000, 0.000000000000000000 ) ) ;
#281 = VERTEX_POINT ( 'NONE', #270 ) ;
#282 = FACE_OUTER_BOUND ( 'NONE', #5, .T. ) ;
#283 = DIRECTION ( 'NONE',  ( 0.000000000000000000, -1.000000000000000000, 0.000000000000000000 ) ) ;
#284 = DIRECTION ( 'NONE',  ( -0.000000000000000000, -0.000000000000000000, 1.000000000000000000 ) ) ;
#285 = CIRCLE ( 'NONE', #1849, 2.500000000000002220 ) ;
#286 = VERTEX_POINT ( 'NONE', #83 ) ;
#287 = ORIENTED_EDGE ( 'NONE', *, *, #111, .T. ) ;
#288 = EDGE_LOOP ( 'NONE', ( #1215, #791, #1897, #1094 ) ) ;
#289 = VERTEX_POINT ( 'NONE', #1705 ) ;
#290 = ADVANCED_FACE ( 'NONE', ( #905 ), #1260, .F. ) ;
#291 = DIRECTION ( 'NONE',  ( 1.000000000000000000, 0.000000000000000000, -0.000000000000000000 ) ) ;
#292 = ADVANCED_FACE ( 'NONE', ( #1563 ), #94, .F. ) ;
#293 = FACE_BOUND ( 'NONE', #1020, .T. ) ;
#294 = AXIS2_PLACEMENT_3D ( 'NONE', #1515, #1813, #381 ) ;
#295 = EDGE_CURVE ( 'NONE', #839, #2013, #1163, .T. ) ;
#296 = ORIENTED_EDGE ( 'NONE', *, *, #829, .T. ) ;
#297 = VERTEX_POINT ( 'NONE', #747 ) ;
#298 = VERTEX_POINT ( 'NONE', #1404 ) ;
#299 = VECTOR ( 'NONE', #181, 1000.000000000000000 ) ;
#300 = CARTESIAN_POINT ( 'NONE',  ( 20.75000000000005684, -13.43502884254503194, 193.4350288425436872 ) ) ;
#301 = EDGE_LOOP ( 'NONE', ( #653, #2002, #1431, #1141 ) ) ;
#302 = AXIS2_PLACEMENT_3D ( 'NONE', #2052, #1919, #795 ) ;
#303 = DIRECTION ( 'NONE',  ( 1.000000000000000000, -0.000000000000000000, -0.000000000000000000 ) ) ;
#304 = CARTESIAN_POINT ( 'NONE',  ( -6.750000000000135891, -11.69134295108984212, 0.000000000000000000 ) ) ;
#305 = EDGE_CURVE ( 'NONE', #426, #298, #2042, .T. ) ;
#306 = VERTEX_POINT ( 'NONE', #465 ) ;
#307 = ORIENTED_EDGE ( 'NONE', *, *, #1386, .F. ) ;
#308 = VERTEX_POINT ( 'NONE', #147 ) ;
#309 = AXIS2_PLACEMENT_3D ( 'NONE', #1008, #1499, #34 ) ;
#310 = VERTEX_POINT ( 'NONE', #456 ) ;
#311 = DIRECTION ( 'NONE',  ( 0.000000000000000000, 0.000000000000000000, 1.000000000000000000 ) ) ;
#312 = DIRECTION ( 'NONE',  ( -0.000000000000000000, 0.000000000000000000, 1.000000000000000000 ) ) ;
#313 = DIRECTION ( 'NONE',  ( 1.000000000000000000, -0.000000000000000000, -0.000000000000000000 ) ) ;
#314 = EDGE_CURVE ( 'NONE', #1206, #1759, #822, .T. ) ;
#315 = VECTOR ( 'NONE', #179, 1000.000000000000000 ) ;
#316 = VERTEX_POINT ( 'NONE', #796 ) ;
#317 = ORIENTED_EDGE ( 'NONE', *, *, #1839, .F. ) ;
#318 = ORIENTED_EDGE ( 'NONE', *, *, #8, .T. ) ;
#319 = VECTOR ( 'NONE', #819, 1000.000000000000000 ) ;
#320 = ORIENTED_EDGE ( 'NONE', *, *, #754, .T. ) ;
#321 = DIRECTION ( 'NONE',  ( 1.000000000000000000, 0.000000000000000000, 0.000000000000000000 ) ) ;
#322 = CARTESIAN_POINT ( 'NONE',  ( 20.75000000000005684, 22.49999999999997513, 178.7500000000000000 ) ) ;
#323 = DIRECTION ( 'NONE',  ( -1.000000000000000000, 0.000000000000000000, 0.000000000000000000 ) ) ;
#324 = CIRCLE ( 'NONE', #1597, 1.249999999999999334 ) ;
#325 = LINE ( 'NONE', #169, #319 ) ;
#326 = ORIENTED_EDGE ( 'NONE', *, *, #1827, .F. ) ;
#327 = DIRECTION ( 'NONE',  ( -0.000000000000000000, -0.000000000000000000, 1.000000000000000000 ) ) ;
#328 = EDGE_CURVE ( 'NONE', #1944, #1903, #340, .T. ) ;
#329 = VERTEX_POINT ( 'NONE', #1581 ) ;
#330 = DIRECTION ( 'NONE',  ( -0.000000000000000000, -0.000000000000000000, 1.000000000000000000 ) ) ;
#331 = CARTESIAN_POINT ( 'NONE',  ( 20.75000000000005684, -13.43502884254455054, 167.8149711574549201 ) ) ;
#332 = CARTESIAN_POINT ( 'NONE',  ( 22.03249845798296036, -14.13108276106246919, 4.000000000000000000 ) ) ;
#333 = DIRECTION ( 'NONE',  ( -1.000000000000000000, -0.000000000000000000, -0.000000000000000000 ) ) ;
#334 = DIRECTION ( 'NONE',  ( 1.000000000000000000, 0.000000000000000000, 0.000000000000000000 ) ) ;
#335 = ORIENTED_EDGE ( 'NONE', *, *, #1299, .F. ) ;
#336 = CARTESIAN_POINT ( 'NONE',  ( 20.75000000000005684, 13.43502884254429297, 165.3149711574555170 ) ) ;
#337 = VERTEX_POINT ( 'NONE', #971 ) ;
#338 = ADVANCED_FACE ( 'NONE', ( #786 ), #1445, .F. ) ;
#339 = DIRECTION ( 'NONE',  ( 0.000000000000000000, -1.000000000000000000, 3.655310181522557947E-16 ) ) ;
#340 = CIRCLE ( 'NONE', #1907, 1.250000000000001110 ) ;
#341 = DIRECTION ( 'NONE',  ( 1.000000000000000000, -0.000000000000000000, -0.000000000000000000 ) ) ;
#342 = AXIS2_PLACEMENT_3D ( 'NONE', #948, #785, #1248 ) ;
#343 = AXIS2_PLACEMENT_3D ( 'NONE', #1389, #1853, #392 ) ;
#344 = LINE ( 'NONE', #1520, #836 ) ;
#345 = ORIENTED_EDGE ( 'NONE', *, *, #1496, .F. ) ;
#346 = DIRECTION ( 'NONE',  ( 1.000000000000000000, 0.000000000000000000, 0.000000000000000000 ) ) ;
#347 = ORIENTED_EDGE ( 'NONE', *, *, #1212, .F. ) ;
#348 = DIRECTION ( 'NONE',  ( 1.000000000000000000, 0.000000000000000000, -0.000000000000000000 ) ) ;
#349 = EDGE_CURVE ( 'NONE', #259, #1944, #473, .T. ) ;
#350 = DIRECTION ( 'NONE',  ( 0.000000000000000000, 0.000000000000000000, -1.000000000000000000 ) ) ;
#351 = CARTESIAN_POINT ( 'NONE',  ( -7.500000000000000000, 9.184850993605147944E-16, 0.000000000000000000 ) ) ;
#352 = SECURITY_CLASSIFICATION_LEVEL ( 'unclassified' ) ;
#353 = CARTESIAN_POINT ( 'NONE',  ( 0.000000000000000000, 14.13108276106246919, 0.000000000000000000 ) ) ;
#354 = DIRECTION ( 'NONE',  ( 1.000000000000000000, 0.000000000000000000, 0.000000000000000000 ) ) ;
#355 = APPROVAL ( #1614, 'æœª' ) ;
#356 = CIRCLE ( 'NONE', #1566, 7.500000000000000000 ) ;
#357 = CARTESIAN_POINT ( 'NONE',  ( 20.75000000000005684, 13.43502884254429297, 166.5649711574555170 ) ) ;
#358 = LINE ( 'NONE', #1017, #1136 ) ;
#359 = VERTEX_POINT ( 'NONE', #612 ) ;
#360 = CARTESIAN_POINT ( 'NONE',  ( 20.75000000000005684, 10.13108276106246919, 30.00000000000000000 ) ) ;
#361 = VERTEX_POINT ( 'NONE', #1920 ) ;
#362 = DIRECTION ( 'NONE',  ( 0.000000000000000000, 0.000000000000000000, -1.000000000000000000 ) ) ;
#363 = DIRECTION ( 'NONE',  ( -1.000000000000000000, -0.000000000000000000, -0.000000000000000000 ) ) ;
#364 = CARTESIAN_POINT ( 'NONE',  ( 20.75000000000005684, 10.13108276106246919, 86.25000000000001421 ) ) ;
#365 = FACE_BOUND ( 'NONE', #1064, .T. ) ;
#366 = CARTESIAN_POINT ( 'NONE',  ( 20.75000000000005329, -16.63108276106246919, 153.8388248315429792 ) ) ;
#367 = EDGE_CURVE ( 'NONE', #845, #1693, #2014, .T. ) ;
#368 = ORIENTED_EDGE ( 'NONE', *, *, #47, .F. ) ;
#369 = DIRECTION ( 'NONE',  ( 0.000000000000000000, 0.000000000000000000, 1.000000000000000000 ) ) ;
#370 = PLANE ( 'NONE',  #1953 ) ;
#371 = DIRECTION ( 'NONE',  ( -0.000000000000000000, -0.000000000000000000, 1.000000000000000000 ) ) ;
#372 = PERSON_AND_ORGANIZATION_ROLE ( 'design_supplier' ) ;
#373 = FACE_OUTER_BOUND ( 'NONE', #288, .T. ) ;
#374 = DIRECTION ( 'NONE',  ( 0.000000000000000000, 0.000000000000000000, -1.000000000000000000 ) ) ;
#375 = AXIS2_PLACEMENT_3D ( 'NONE', #85, #725, #1555 ) ;
#376 = CIRCLE ( 'NONE', #1649, 1.249999999999997558 ) ;
#377 = FACE_BOUND ( 'NONE', #239, .T. ) ;
#378 = EDGE_CURVE ( 'NONE', #1851, #1875, #1427, .T. ) ;
#379 = ORIENTED_EDGE ( 'NONE', *, *, #1487, .F. ) ;
#380 = CARTESIAN_POINT ( 'NONE',  ( 22.03249845798296036, 16.63108276106246919, 0.000000000000000000 ) ) ;
#381 = DIRECTION ( 'NONE',  ( 0.000000000000000000, -0.000000000000000000, 1.000000000000000000 ) ) ;
#382 = LOCAL_TIME ( 12, 58, 23.00000000000000000, #1983 ) ;
#383 = VERTEX_POINT ( 'NONE', #630 ) ;
#384 = PLANE ( 'NONE',  #234 ) ;
#385 = CYLINDRICAL_SURFACE ( 'NONE', #1637, 25.10478042126636566 ) ;
#386 = DIRECTION ( 'NONE',  ( -0.000000000000000000, -0.000000000000000000, 1.000000000000000000 ) ) ;
#387 = PLANE ( 'NONE',  #1916 ) ;
#388 = ORIENTED_EDGE ( 'NONE', *, *, #1500, .F. ) ;
#389 = AXIS2_PLACEMENT_3D ( 'NONE', #680, #689, #54 ) ;
#390 = VERTEX_POINT ( 'NONE', #2063 ) ;
#391 = ORIENTED_EDGE ( 'NONE', *, *, #978, .T. ) ;
#392 = DIRECTION ( 'NONE',  ( 1.000000000000000000, 0.000000000000000000, 0.000000000000000000 ) ) ;
#393 = ADVANCED_FACE ( 'NONE', ( #963, #2092, #1435, #2053, #1756, #1250, #639, #1603, #136, #293, #1746, #116, #272, #1101, #1293, #1772 ), #2070, .F. ) ;
#394 = ORIENTED_EDGE ( 'NONE', *, *, #1657, .T. ) ;
#395 = CARTESIAN_POINT ( 'NONE',  ( 20.75000000000005684, 10.13108276106246919, 30.00000000000000000 ) ) ;
#396 = CARTESIAN_POINT ( 'NONE',  ( 20.75000000000005684, 13.43502884254377250, 192.1850288425441988 ) ) ;
#397 = CARTESIAN_POINT ( 'NONE',  ( 20.75000000000005684, 15.28986640936387609, 155.9485970225476024 ) ) ;
#398 = DIRECTION ( 'NONE',  ( 1.000000000000000000, 0.000000000000000000, 0.000000000000000000 ) ) ;
#399 = FACE_BOUND ( 'NONE', #1139, .T. ) ;
#400 = EDGE_LOOP ( 'NONE', ( #59, #746, #1442, #2096 ) ) ;
#401 = CIRCLE ( 'NONE', #677, 1.250000000000001110 ) ;
#402 = ORIENTED_EDGE ( 'NONE', *, *, #1798, .T. ) ;
#403 = DIRECTION ( 'NONE',  ( -0.000000000000000000, -0.000000000000000000, 1.000000000000000000 ) ) ;
#404 = DIRECTION ( 'NONE',  ( 0.000000000000000000, 0.000000000000000000, -1.000000000000000000 ) ) ;
#405 = VERTEX_POINT ( 'NONE', #1622 ) ;
#406 = CARTESIAN_POINT ( 'NONE',  ( 20.75000000000005684, 10.13108276106246919, 30.00000000000000000 ) ) ;
#407 = ADVANCED_FACE ( 'NONE', ( #1890 ), #432, .F. ) ;
#408 = DIRECTION ( 'NONE',  ( 0.000000000000000000, 0.000000000000000000, 1.000000000000000000 ) ) ;
#409 = FACE_BOUND ( 'NONE', #462, .T. ) ;
#410 = CIRCLE ( 'NONE', #1338, 1.250000000000001110 ) ;
#411 = CARTESIAN_POINT ( 'NONE',  ( 24.75000000000005684, 4.000000000000047073, 150.9999999999999716 ) ) ;
#412 = AXIS2_PLACEMENT_3D ( 'NONE', #2019, #597, #1727 ) ;
#413 = ORIENTED_EDGE ( 'NONE', *, *, #1166, .T. ) ;
#414 = AXIS2_PLACEMENT_3D ( 'NONE', #2010, #1989, #1184 ) ;
#415 = ORIENTED_EDGE ( 'NONE', *, *, #1577, .T. ) ;
#416 = EDGE_LOOP ( 'NONE', ( #1923, #935, #744, #335 ) ) ;
#417 = DIRECTION ( 'NONE',  ( 1.000000000000000000, -0.000000000000000000, -0.000000000000000000 ) ) ;
#418 = DIRECTION ( 'NONE',  ( -1.000000000000000000, 0.000000000000000000, 0.000000000000000000 ) ) ;
#419 = DIRECTION ( 'NONE',  ( 0.000000000000000000, 0.000000000000000000, -1.000000000000000000 ) ) ;
#420 = APPLICATION_PROTOCOL_DEFINITION ( 'international standard', 'config_control_design', 1994, #1279 ) ;
#421 = EDGE_CURVE ( 'NONE', #1236, #960, #938, .T. ) ;
#422 = CIRCLE ( 'NONE', #1623, 3.999999999999996447 ) ;
#423 = CARTESIAN_POINT ( 'NONE',  ( 24.75000000000005684, 14.13108276106246919, 0.000000000000000000 ) ) ;
#424 = ADVANCED_FACE ( 'NONE', ( #949 ), #1594, .F. ) ;
#425 = AXIS2_PLACEMENT_3D ( 'NONE', #277, #1268, #945 ) ;
#426 = VERTEX_POINT ( 'NONE', #666 ) ;
#427 = CARTESIAN_POINT ( 'NONE',  ( 24.75000000000005684, 10.13108276106246919, 83.74999999999997158 ) ) ;
#428 = VECTOR ( 'NONE', #745, 1000.000000000000000 ) ;
#429 = ORIENTED_EDGE ( 'NONE', *, *, #805, .F. ) ;
#430 = CYLINDRICAL_SURFACE ( 'NONE', #1512, 1.250000000000011546 ) ;
#431 = FACE_OUTER_BOUND ( 'NONE', #24, .T. ) ;
#432 = CYLINDRICAL_SURFACE ( 'NONE', #1376, 1.250000000000001110 ) ;
#433 = DIRECTION ( 'NONE',  ( 1.000000000000000000, 0.000000000000000000, 0.000000000000000000 ) ) ;
#434 = CARTESIAN_POINT ( 'NONE',  ( 24.75000000000005684, -14.13108276106247452, 0.000000000000000000 ) ) ;
#435 = EDGE_CURVE ( 'NONE', #1759, #1113, #1323, .T. ) ;
#436 = ORIENTED_EDGE ( 'NONE', *, *, #792, .F. ) ;
#437 = ORIENTED_EDGE ( 'NONE', *, *, #328, .T. ) ;
#438 = VERTEX_POINT ( 'NONE', #7 ) ;
#439 = AXIS2_PLACEMENT_3D ( 'NONE', #1879, #1202, #1574 ) ;
#440 = FACE_OUTER_BOUND ( 'NONE', #1608, .T. ) ;
#441 = CARTESIAN_POINT ( 'NONE',  ( 20.75000000000005329, 16.63108276106246919, 153.8388248315430076 ) ) ;
#442 = ORIENTED_EDGE ( 'NONE', *, *, #1592, .T. ) ;
#443 = FACE_OUTER_BOUND ( 'NONE', #199, .T. ) ;
#444 = CARTESIAN_POINT ( 'NONE',  ( 20.75000000000005684, 13.43502884254377250, 193.4350288425441988 ) ) ;
#445 = CARTESIAN_POINT ( 'NONE',  ( 8.000000000000055067, 11.69134295108989363, 0.000000000000000000 ) ) ;
#446 = EDGE_CURVE ( 'NONE', #1677, #762, #110, .T. ) ;
#447 = AXIS2_PLACEMENT_3D ( 'NONE', #1573, #1868, #105 ) ;
#448 = EDGE_LOOP ( 'NONE', ( #72, #1823, #1176, #1065 ) ) ;
#449 = EDGE_LOOP ( 'NONE', ( #794, #806, #1362, #87, #1018 ) ) ;
#450 = CIRCLE ( 'NONE', #2080, 1.250000000000001110 ) ;
#451 = DIRECTION ( 'NONE',  ( 1.000000000000000000, 0.000000000000000000, -0.000000000000000000 ) ) ;
#452 = VECTOR ( 'NONE', #1567, 1000.000000000000000 ) ;
#453 = EDGE_CURVE ( 'NONE', #361, #359, #760, .T. ) ;
#454 = EDGE_LOOP ( 'NONE', ( #764, #1885, #820, #784 ) ) ;
#455 = DIRECTION ( 'NONE',  ( 1.000000000000000000, -0.000000000000000000, -0.000000000000000000 ) ) ;
#456 = CARTESIAN_POINT ( 'NONE',  ( 20.75000000000005684, 3.999999999999999112, 18.99999999999996092 ) ) ;
#457 = DIRECTION ( 'NONE',  ( 0.000000000000000000, 0.000000000000000000, -1.000000000000000000 ) ) ;
#458 = VECTOR ( 'NONE', #403, 1000.000000000000000 ) ;
#459 = ORIENTED_EDGE ( 'NONE', *, *, #2028, .F. ) ;
#460 = ORIENTED_EDGE ( 'NONE', *, *, #1852, .T. ) ;
#461 = DIRECTION ( 'NONE',  ( 0.000000000000000000, 0.000000000000000000, -1.000000000000000000 ) ) ;
#462 = EDGE_LOOP ( 'NONE', ( #1276, #2076 ) ) ;
#463 = EDGE_CURVE ( 'NONE', #383, #180, #815, .T. ) ;
#464 = DIRECTION ( 'NONE',  ( 1.000000000000000000, 0.000000000000000000, 0.000000000000000000 ) ) ;
#465 = CARTESIAN_POINT ( 'NONE',  ( 20.75000000000005684, 10.13108276106246919, 28.74999999999998579 ) ) ;
#466 = DIRECTION ( 'NONE',  ( 1.000000000000000000, -0.000000000000000000, -0.000000000000000000 ) ) ;
#467 = DIRECTION ( 'NONE',  ( 1.000000000000000000, 0.000000000000000000, 0.000000000000000000 ) ) ;
#468 = ORIENTED_EDGE ( 'NONE', *, *, #1691, .T. ) ;
#469 = EDGE_LOOP ( 'NONE', ( #1366, #1467, #1074, #232 ) ) ;
#470 = ORIENTED_EDGE ( 'NONE', *, *, #646, .T. ) ;
#471 = ORIENTED_EDGE ( 'NONE', *, *, #1980, .F. ) ;
#472 = LINE ( 'NONE', #1899, #133 ) ;
#473 = LINE ( 'NONE', #445, #246 ) ;
#474 = EDGE_CURVE ( 'NONE', #2018, #337, #18, .T. ) ;
#475 = DIRECTION ( 'NONE',  ( 0.000000000000000000, 0.000000000000000000, -1.000000000000000000 ) ) ;
#476 = ORIENTED_EDGE ( 'NONE', *, *, #766, .T. ) ;
#477 = ORIENTED_EDGE ( 'NONE', *, *, #519, .T. ) ;
#478 = VERTEX_POINT ( 'NONE', #1144 ) ;
#479 = CIRCLE ( 'NONE', #1410, 1.250000000000011546 ) ;
#480 = ORIENTED_EDGE ( 'NONE', *, *, #535, .F. ) ;
#481 = CIRCLE ( 'NONE', #1061, 1.249999999999999334 ) ;
#482 = DIRECTION ( 'NONE',  ( 1.000000000000000000, -0.000000000000000000, -0.000000000000000000 ) ) ;
#483 = CIRCLE ( 'NONE', #1941, 1.250000000000001110 ) ;
#484 = DIRECTION ( 'NONE',  ( 1.000000000000000000, -0.000000000000000000, -0.000000000000000000 ) ) ;
#485 = APPROVAL_DATE_TIME ( #2102, #1802 ) ;
#486 = FACE_BOUND ( 'NONE', #2095, .T. ) ;
#487 = EDGE_CURVE ( 'NONE', #286, #361, #1643, .T. ) ;
#488 = EDGE_CURVE ( 'NONE', #2060, #1693, #995, .T. ) ;
#489 = APPROVAL_PERSON_ORGANIZATION ( #879, #520, #1532 ) ;
#490 = VERTEX_POINT ( 'NONE', #174 ) ;
#491 = CARTESIAN_POINT ( 'NONE',  ( 24.75000000000005684, 13.43502884254429297, 165.3149711574555170 ) ) ;
#492 = VERTEX_POINT ( 'NONE', #1938 ) ;
#493 = AXIS2_PLACEMENT_3D ( 'NONE', #1232, #99, #1558 ) ;
#494 = ORIENTED_EDGE ( 'NONE', *, *, #1280, .T. ) ;
#495 = VECTOR ( 'NONE', #323, 1000.000000000000000 ) ;
#496 = CARTESIAN_POINT ( 'NONE',  ( 24.75000000000005684, 14.13108276106247452, 153.8388248315430076 ) ) ;
#497 = CARTESIAN_POINT ( 'NONE',  ( 20.75000000000005684, 10.13108276106246919, 83.74999999999997158 ) ) ;
#498 = CARTESIAN_POINT ( 'NONE',  ( 20.75000000000005684, -1.637578961322105897E-12, 202.4999999999984936 ) ) ;
#499 = DIRECTION ( 'NONE',  ( 1.000000000000000000, -0.000000000000000000, -0.000000000000000000 ) ) ;
#500 = CIRCLE ( 'NONE', #807, 2.500000000000002220 ) ;
#501 = LINE ( 'NONE', #1326, #1302 ) ;
#502 = ADVANCED_FACE ( 'NONE', ( #985 ), #1633, .F. ) ;
#503 = VERTEX_POINT ( 'NONE', #1013 ) ;
#504 = LINE ( 'NONE', #1970, #299 ) ;
#505 = ORIENTED_EDGE ( 'NONE', *, *, #1775, .F. ) ;
#506 = CARTESIAN_POINT ( 'NONE',  ( 24.75000000000005684, -13.43502884254455054, 166.5649711574549201 ) ) ;
#507 = DIRECTION ( 'NONE',  ( 1.000000000000000000, 0.000000000000000000, 0.000000000000000000 ) ) ;
#508 = DIRECTION ( 'NONE',  ( 0.000000000000000000, 0.000000000000000000, -1.000000000000000000 ) ) ;
#509 = AXIS2_PLACEMENT_3D ( 'NONE', #241, #906, #408 ) ;
#510 = PERSON_AND_ORGANIZATION_ROLE ( 'creator' ) ;
#511 = CYLINDRICAL_SURFACE ( 'NONE', #1351, 3.999999999999996447 ) ;
#512 = AXIS2_PLACEMENT_3D ( 'NONE', #881, #1720, #1081 ) ;
#513 = CYLINDRICAL_SURFACE ( 'NONE', #560, 1.250000000000011546 ) ;
#514 = CARTESIAN_POINT ( 'NONE',  ( 20.75000000000005684, 13.43502884254429297, 165.3149711574555170 ) ) ;
#515 = APPLICATION_CONTEXT ( 'configuration controlled 3d designs of mechanical parts and assemblies' ) ;
#516 = CARTESIAN_POINT ( 'NONE',  ( 20.75000000000005684, -22.50000000000002487, 179.9999999999967599 ) ) ;
#517 = EDGE_LOOP ( 'NONE', ( #1599, #1195, #1076, #1398 ) ) ;
#518 = DIRECTION ( 'NONE',  ( 0.000000000000000000, 0.000000000000000000, -1.000000000000000000 ) ) ;
#519 = EDGE_CURVE ( 'NONE', #163, #2027, #1582, .T. ) ;
#520 = APPROVAL ( #554, 'æœª' ) ;
#521 = EDGE_CURVE ( 'NONE', #900, #625, #2048, .T. ) ;
#522 = PLANE ( 'NONE',  #294 ) ;
#523 = CC_DESIGN_PERSON_AND_ORGANIZATION_ASSIGNMENT ( #851, #1517, ( #2054 ) ) ;
#524 = CIRCLE ( 'NONE', #80, 1.250000000000001110 ) ;
#525 = CIRCLE ( 'NONE', #10, 1.250000000000001110 ) ;
#526 = LINE ( 'NONE', #704, #315 ) ;
#527 = ORIENTED_EDGE ( 'NONE', *, *, #140, .F. ) ;
#528 = CARTESIAN_POINT ( 'NONE',  ( 20.75000000000005684, 10.13108276106246919, 139.9999999999999716 ) ) ;
#529 = APPROVAL_PERSON_ORGANIZATION ( #678, #355, #702 ) ;
#530 = ORIENTED_EDGE ( 'NONE', *, *, #349, .T. ) ;
#531 = CIRCLE ( 'NONE', #602, 2.499999999999998668 ) ;
#532 = DIRECTION ( 'NONE',  ( 0.000000000000000000, 0.000000000000000000, 1.000000000000000000 ) ) ;
#533 = VECTOR ( 'NONE', #1257, 1000.000000000000000 ) ;
#534 = DIRECTION ( 'NONE',  ( 1.000000000000000000, -0.000000000000000000, -0.000000000000000000 ) ) ;
#535 = EDGE_CURVE ( 'NONE', #1055, #297, #501, .T. ) ;
#536 = CARTESIAN_POINT ( 'NONE',  ( 22.03249845798296036, 16.63108276106246919, 0.000000000000000000 ) ) ;
#537 = CARTESIAN_POINT ( 'NONE',  ( 20.75000000000005684, 4.000000000000047073, 150.9999999999999716 ) ) ;
#538 = DIRECTION ( 'NONE',  ( 0.000000000000000000, 0.000000000000000000, -1.000000000000000000 ) ) ;
#539 = ORIENTED_EDGE ( 'NONE', *, *, #1166, .F. ) ;
#540 = VERTEX_POINT ( 'NONE', #1987 ) ;
#541 = FACE_OUTER_BOUND ( 'NONE', #2098, .T. ) ;
#542 = CARTESIAN_POINT ( 'NONE',  ( 24.75000000000005684, -1.637578961322105897E-12, 202.4999999999984936 ) ) ;
#543 = CALENDAR_DATE ( 2026, 25, 4 ) ;
#544 = LINE ( 'NONE', #748, #1900 ) ;
#545 = DIRECTION ( 'NONE',  ( 1.000000000000000000, 0.000000000000000000, 0.000000000000000000 ) ) ;
#546 = EDGE_CURVE ( 'NONE', #45, #70, #1805, .T. ) ;
#547 = CARTESIAN_POINT ( 'NONE',  ( -5.499999999999973355, 11.69134295108993982, 4.000000000000000000 ) ) ;
#548 = DIRECTION ( 'NONE',  ( 1.000000000000000000, -0.000000000000000000, -0.000000000000000000 ) ) ;
#549 = ORIENTED_EDGE ( 'NONE', *, *, #1290, .F. ) ;
#550 = ORIENTED_EDGE ( 'NONE', *, *, #658, .F. ) ;
#551 = DIRECTION ( 'NONE',  ( 0.000000000000000000, 0.000000000000000000, 1.000000000000000000 ) ) ;
#552 = DIRECTION ( 'NONE',  ( 1.000000000000000000, 0.000000000000000000, 0.000000000000000000 ) ) ;
#553 = ORIENTED_EDGE ( 'NONE', *, *, #590, .T. ) ;
#554 = APPROVAL_STATUS ( 'not_yet_approved' ) ;
#555 = CARTESIAN_POINT ( 'NONE',  ( 0.000000000000000000, 0.000000000000000000, 0.000000000000000000 ) ) ;
#556 = DIRECTION ( 'NONE',  ( 0.000000000000000000, 0.000000000000000000, 1.000000000000000000 ) ) ;
#557 = DIRECTION ( 'NONE',  ( 1.000000000000000000, 0.000000000000000000, 0.000000000000000000 ) ) ;
#558 = VECTOR ( 'NONE', #482, 1000.000000000000000 ) ;
#559 = AXIS2_PLACEMENT_3D ( 'NONE', #1966, #1159, #1708 ) ;
#560 = AXIS2_PLACEMENT_3D ( 'NONE', #1222, #1196, #90 ) ;
#561 = ADVANCED_FACE ( 'NONE', ( #1148, #1181, #864, #1674, #1486, #20, #365, #1519, #486, #679, #1826, #988, #669, #1336, #1636, #818 ), #1474, .F. ) ;
#562 = FACE_OUTER_BOUND ( 'NONE', #517, .T. ) ;
#563 = ORIENTED_EDGE ( 'NONE', *, *, #488, .T. ) ;
#564 = ORIENTED_EDGE ( 'NONE', *, *, #188, .T. ) ;
#565 = ORIENTED_EDGE ( 'NONE', *, *, #435, .T. ) ;
#566 = CARTESIAN_POINT ( 'NONE',  ( 20.75000000000005684, 22.49999999999997513, 180.0000000000000000 ) ) ;
#567 = CIRCLE ( 'NONE', #1243, 4.000000000000003553 ) ;
#568 = EDGE_LOOP ( 'NONE', ( #1845, #742, #1619, #1037 ) ) ;
#569 = CARTESIAN_POINT ( 'NONE',  ( 6.749999999999891642, -11.69134295108997890, 4.000000000000000000 ) ) ;
#570 = AXIS2_PLACEMENT_3D ( 'NONE', #542, #876, #1962 ) ;
#571 = CARTESIAN_POINT ( 'NONE',  ( 20.03714673612961406, -15.12490498068696354, 4.000000000000000000 ) ) ;
#572 = DIRECTION ( 'NONE',  ( 1.000000000000000000, -0.000000000000000000, -0.000000000000000000 ) ) ;
#573 = DIRECTION ( 'NONE',  ( 1.000000000000000000, 0.000000000000000000, 0.000000000000000000 ) ) ;
#574 = CARTESIAN_POINT ( 'NONE',  ( 20.75000000000005684, 22.49999999999997513, 180.0000000000000000 ) ) ;
#575 = ORIENTED_EDGE ( 'NONE', *, *, #855, .F. ) ;
#576 = EDGE_CURVE ( 'NONE', #1812, #261, #1199, .T. ) ;
#577 = EDGE_CURVE ( 'NONE', #1733, #478, #206, .T. ) ;
#578 = ORIENTED_EDGE ( 'NONE', *, *, #1180, .F. ) ;
#579 = DIRECTION ( 'NONE',  ( 0.000000000000000000, 0.000000000000000000, -1.000000000000000000 ) ) ;
#580 = LINE ( 'NONE', #1228, #783 ) ;
#581 = AXIS2_PLACEMENT_3D ( 'NONE', #44, #1678, #1318 ) ;
#582 = DIRECTION ( 'NONE',  ( 1.000000000000000000, 0.000000000000000000, 0.000000000000000000 ) ) ;
#583 = ORIENTED_EDGE ( 'NONE', *, *, #349, .F. ) ;
#584 = CIRCLE ( 'NONE', #1967, 1.249999999999999334 ) ;
#585 = ORIENTED_EDGE ( 'NONE', *, *, #913, .F. ) ;
#586 = ORIENTED_EDGE ( 'NONE', *, *, #932, .T. ) ;
#587 = DIRECTION ( 'NONE',  ( 0.000000000000000000, 0.000000000000000000, -1.000000000000000000 ) ) ;
#588 = VERTEX_POINT ( 'NONE', #1998 ) ;
#589 = DIRECTION ( 'NONE',  ( 1.000000000000000000, -0.000000000000000000, -0.000000000000000000 ) ) ;
#590 = EDGE_CURVE ( 'NONE', #877, #308, #481, .T. ) ;
#591 = FACE_BOUND ( 'NONE', #1245, .T. ) ;
#592 = DIRECTION ( 'NONE',  ( 1.000000000000000000, 0.000000000000000000, -0.000000000000000000 ) ) ;
#593 = AXIS2_PLACEMENT_3D ( 'NONE', #1821, #200, #692 ) ;
#594 = DIRECTION ( 'NONE',  ( 1.000000000000000000, 0.000000000000000000, 0.000000000000000000 ) ) ;
#595 = ORIENTED_EDGE ( 'NONE', *, *, #1881, .T. ) ;
#596 = ORIENTED_EDGE ( 'NONE', *, *, #778, .T. ) ;
#597 = DIRECTION ( 'NONE',  ( -0.000000000000000000, -0.000000000000000000, 1.000000000000000000 ) ) ;
#598 = CARTESIAN_POINT ( 'NONE',  ( 20.75000000000005684, -10.13108276106248340, 28.74999999999998224 ) ) ;
#599 = CARTESIAN_POINT ( 'NONE',  ( 24.75000000000005684, 0.000000000000000000, 0.000000000000000000 ) ) ;
#600 = AXIS2_PLACEMENT_3D ( 'NONE', #1535, #66, #1370 ) ;
#601 = EDGE_CURVE ( 'NONE', #281, #245, #896, .T. ) ;
#602 = AXIS2_PLACEMENT_3D ( 'NONE', #380, #2030, #1040 ) ;
#603 = CARTESIAN_POINT ( 'NONE',  ( 24.75000000000005684, -10.13108276106251182, 141.2500000000000000 ) ) ;
#604 = CIRCLE ( 'NONE', #1138, 1.250000000000001110 ) ;
#605 = ORIENTED_EDGE ( 'NONE', *, *, #832, .T. ) ;
#606 = EDGE_LOOP ( 'NONE', ( #691, #236 ) ) ;
#607 = ORIENTED_EDGE ( 'NONE', *, *, #2040, .F. ) ;
#608 = CIRCLE ( 'NONE', #1083, 1.250000000000001110 ) ;
#609 = DIRECTION ( 'NONE',  ( 1.000000000000000000, 0.000000000000000000, 0.000000000000000000 ) ) ;
#610 = EDGE_LOOP ( 'NONE', ( #1084, #652 ) ) ;
#611 = CARTESIAN_POINT ( 'NONE',  ( 8.000000000000055067, 11.69134295108989363, 0.000000000000000000 ) ) ;
#612 = CARTESIAN_POINT ( 'NONE',  ( 24.75000000000005684, -13.43502884254455054, 165.3149711574549201 ) ) ;
#613 = DIRECTION ( 'NONE',  ( 1.000000000000000000, -0.000000000000000000, -0.000000000000000000 ) ) ;
#614 = EDGE_CURVE ( 'NONE', #1551, #926, #135, .T. ) ;
#615 = CARTESIAN_POINT ( 'NONE',  ( 24.75000000000005684, -15.28986640936388142, 155.9485970225475739 ) ) ;
#616 = ORIENTED_EDGE ( 'NONE', *, *, #1595, .T. ) ;
#617 = ORIENTED_EDGE ( 'NONE', *, *, #1003, .T. ) ;
#618 = VECTOR ( 'NONE', #254, 1000.000000000000000 ) ;
#619 = CARTESIAN_POINT ( 'NONE',  ( 20.75000000000005684, -1.637578961322105897E-12, 201.2499999999984936 ) ) ;
#620 = EDGE_LOOP ( 'NONE', ( #1776, #753 ) ) ;
#621 = CYLINDRICAL_SURFACE ( 'NONE', #2015, 1.250000000000001110 ) ;
#622 = CARTESIAN_POINT ( 'NONE',  ( 20.75000000000005684, -22.50000000000002487, 179.9999999999967599 ) ) ;
#623 = CIRCLE ( 'NONE', #447, 1.249999999999999334 ) ;
#624 = EDGE_CURVE ( 'NONE', #926, #1185, #1575, .T. ) ;
#625 = VERTEX_POINT ( 'NONE', #1381 ) ;
#626 = CYLINDRICAL_SURFACE ( 'NONE', #156, 1.250000000000001110 ) ;
#627 = CIRCLE ( 'NONE', #1200, 3.999999999999996447 ) ;
#628 = ORIENTED_EDGE ( 'NONE', *, *, #1192, .T. ) ;
#629 = DIRECTION ( 'NONE',  ( 0.000000000000000000, 0.000000000000000000, -1.000000000000000000 ) ) ;
#630 = CARTESIAN_POINT ( 'NONE',  ( 20.75000000000005329, 14.13108276106246919, 4.000000000000000000 ) ) ;
#631 = DIRECTION ( 'NONE',  ( 1.000000000000000000, -0.000000000000000000, -0.000000000000000000 ) ) ;
#632 = VECTOR ( 'NONE', #2094, 1000.000000000000000 ) ;
#633 = VERTEX_POINT ( 'NONE', #739 ) ;
#634 = EDGE_CURVE ( 'NONE', #1085, #707, #1968, .T. ) ;
#635 = VERTEX_POINT ( 'NONE', #1190 ) ;
#636 = CIRCLE ( 'NONE', #1822, 1.249999999999999334 ) ;
#637 = DIRECTION ( 'NONE',  ( 1.000000000000000000, -0.000000000000000000, -0.000000000000000000 ) ) ;
#638 = EDGE_CURVE ( 'NONE', #1132, #1734, #2034, .T. ) ;
#639 = FACE_BOUND ( 'NONE', #1470, .T. ) ;
#640 = CALENDAR_DATE ( 2026, 25, 4 ) ;
#641 = CARTESIAN_POINT ( 'NONE',  ( 20.75000000000005684, -13.43502884254455054, 166.5649711574549201 ) ) ;
#642 = ORIENTED_EDGE ( 'NONE', *, *, #2028, .T. ) ;
#643 = ORIENTED_EDGE ( 'NONE', *, *, #634, .F. ) ;
#644 = ORIENTED_EDGE ( 'NONE', *, *, #957, .T. ) ;
#645 = CARTESIAN_POINT ( 'NONE',  ( 24.75000000000005684, 13.43502884254377250, 193.4350288425441988 ) ) ;
#646 = EDGE_CURVE ( 'NONE', #926, #1551, #168, .T. ) ;
#647 = DIRECTION ( 'NONE',  ( 1.000000000000000000, -0.000000000000000000, -0.000000000000000000 ) ) ;
#648 = EDGE_CURVE ( 'NONE', #540, #1123, #580, .T. ) ;
#649 = DIRECTION ( 'NONE',  ( -0.000000000000000000, -0.000000000000000000, 1.000000000000000000 ) ) ;
#650 = ORIENTED_EDGE ( 'NONE', *, *, #1723, .F. ) ;
#651 = DIRECTION ( 'NONE',  ( 0.000000000000000000, 0.000000000000000000, 1.000000000000000000 ) ) ;
#652 = ORIENTED_EDGE ( 'NONE', *, *, #151, .F. ) ;
#653 = ORIENTED_EDGE ( 'NONE', *, *, #1577, .F. ) ;
#654 = AXIS2_PLACEMENT_3D ( 'NONE', #124, #1271, #1310 ) ;
#655 = DIRECTION ( 'NONE',  ( 0.000000000000000000, 0.000000000000000000, -1.000000000000000000 ) ) ;
#656 = AXIS2_PLACEMENT_3D ( 'NONE', #127, #631, #777 ) ;
#657 = CARTESIAN_POINT ( 'NONE',  ( 20.75000000000005329, -14.13108276106246919, 4.000000000000000000 ) ) ;
#658 = EDGE_CURVE ( 'NONE', #1236, #1000, #921, .T. ) ;
#659 = VECTOR ( 'NONE', #1327, 1000.000000000000000 ) ;
#660 = PLANE ( 'NONE',  #2087 ) ;
#661 = EDGE_LOOP ( 'NONE', ( #471, #644, #1627, #1509 ) ) ;
#662 = ORIENTED_EDGE ( 'NONE', *, *, #634, .T. ) ;
#663 = ORIENTED_EDGE ( 'NONE', *, *, #421, .T. ) ;
#664 = FACE_OUTER_BOUND ( 'NONE', #1265, .T. ) ;
#665 = CARTESIAN_POINT ( 'NONE',  ( 22.03249845798296036, 16.63108276106246919, 4.000000000000000000 ) ) ;
#666 = CARTESIAN_POINT ( 'NONE',  ( 20.75000000000005684, -10.13108276106248340, 31.25000000000000711 ) ) ;
#667 = DIRECTION ( 'NONE',  ( 0.000000000000000000, 0.000000000000000000, -1.000000000000000000 ) ) ;
#668 = AXIS2_PLACEMENT_3D ( 'NONE', #203, #507, #1973 ) ;
#669 = FACE_BOUND ( 'NONE', #1489, .T. ) ;
#670 = EDGE_CURVE ( 'NONE', #837, #503, #1871, .T. ) ;
#671 = ADVANCED_FACE ( 'NONE', ( #1218 ), #385, .T. ) ;
#672 = VERTEX_POINT ( 'NONE', #397 ) ;
#673 = CARTESIAN_POINT ( 'NONE',  ( -6.750000000000135891, -11.69134295108984212, 0.000000000000000000 ) ) ;
#674 = ADVANCED_FACE ( 'NONE', ( #1059, #409, #1880, #264, #1565, #591, #714 ), #384, .F. ) ;
#675 = ORIENTED_EDGE ( 'NONE', *, *, #474, .T. ) ;
#676 = CARTESIAN_POINT ( 'NONE',  ( -6.750000000000135891, -11.69134295108984212, 0.000000000000000000 ) ) ;
#677 = AXIS2_PLACEMENT_3D ( 'NONE', #444, #157, #1762 ) ;
#678 = PERSON_AND_ORGANIZATION ( #697, #15 ) ;
#679 = FACE_BOUND ( 'NONE', #887, .T. ) ;
#680 = CARTESIAN_POINT ( 'NONE',  ( 20.75000000000005684, 10.13108276106246919, 139.9999999999999716 ) ) ;
#681 = CARTESIAN_POINT ( 'NONE',  ( 20.75000000000005684, -1.637425880472212598E-12, 203.7499999999984936 ) ) ;
#682 = ORIENTED_EDGE ( 'NONE', *, *, #314, .T. ) ;
#683 = FACE_OUTER_BOUND ( 'NONE', #1863, .T. ) ;
#684 = EDGE_CURVE ( 'NONE', #70, #337, #69, .T. ) ;
#685 = VERTEX_POINT ( 'NONE', #929 ) ;
#686 = CARTESIAN_POINT ( 'NONE',  ( 24.75000000000005684, 10.13108276106246919, 30.00000000000000000 ) ) ;
#687 = CARTESIAN_POINT ( 'NONE',  ( -13.50000000000000000, 0.000000000000000000, 0.000000000000000000 ) ) ;
#688 = AXIS2_PLACEMENT_3D ( 'NONE', #1091, #2044, #1738 ) ;
#689 = DIRECTION ( 'NONE',  ( 1.000000000000000000, 0.000000000000000000, 0.000000000000000000 ) ) ;
#690 = DIRECTION ( 'NONE',  ( 1.000000000000000000, 0.000000000000000000, 0.000000000000000000 ) ) ;
#691 = ORIENTED_EDGE ( 'NONE', *, *, #1117, .F. ) ;
#692 = DIRECTION ( 'NONE',  ( 0.000000000000000000, 0.000000000000000000, -1.000000000000000000 ) ) ;
#693 =( GEOMETRIC_REPRESENTATION_CONTEXT ( 3 ) GLOBAL_UNCERTAINTY_ASSIGNED_CONTEXT ( ( #1670 ) ) GLOBAL_UNIT_ASSIGNED_CONTEXT ( ( #1160, #29, #97 ) ) REPRESENTATION_CONTEXT ( 'NONE', 'WORKASPACE' ) );
#694 = EDGE_LOOP ( 'NONE', ( #968, #803 ) ) ;
#695 = VECTOR ( 'NONE', #1145, 1000.000000000000000 ) ;
#696 = ADVANCED_FACE ( 'NONE', ( #373 ), #1239, .T. ) ;
#697 = PERSON ( 'æœª', 'æœª', 'æœª', ('æœª'), ('æœª'), ('æœª') ) ;
#698 = CARTESIAN_POINT ( 'NONE',  ( 20.75000000000005329, -8.673617379884035472E-16, 14.99999999999996447 ) ) ;
#699 = AXIS2_PLACEMENT_3D ( 'NONE', #1309, #1133, #1155 ) ;
#700 = LINE ( 'NONE', #1365, #695 ) ;
#701 = CYLINDRICAL_SURFACE ( 'NONE', #1507, 1.250000000000001110 ) ;
#702 = APPROVAL_ROLE ( '' ) ;
#703 = DIRECTION ( 'NONE',  ( 1.000000000000000000, -0.000000000000000000, -0.000000000000000000 ) ) ;
#704 = CARTESIAN_POINT ( 'NONE',  ( 7.500000000000000000, 0.000000000000000000, 0.000000000000000000 ) ) ;
#705 = AXIS2_PLACEMENT_3D ( 'NONE', #441, #609, #1401 ) ;
#706 = FACE_OUTER_BOUND ( 'NONE', #301, .T. ) ;
#707 = VERTEX_POINT ( 'NONE', #396 ) ;
#708 = FACE_OUTER_BOUND ( 'NONE', #454, .T. ) ;
#709 = DESIGN_CONTEXT ( 'detailed design', #515, 'design' ) ;
#710 = CARTESIAN_POINT ( 'NONE',  ( 22.03249845798296036, 14.13108276106246919, 4.000000000000000000 ) ) ;
#711 = DIRECTION ( 'NONE',  ( -0.000000000000000000, 3.655310181522557947E-16, 1.000000000000000000 ) ) ;
#712 = ORIENTED_EDGE ( 'NONE', *, *, #1930, .F. ) ;
#713 = PERSON_AND_ORGANIZATION ( #697, #15 ) ;
#714 = FACE_OUTER_BOUND ( 'NONE', #1715, .T. ) ;
#715 = EDGE_CURVE ( 'NONE', #685, #2031, #1263, .T. ) ;
#716 = CARTESIAN_POINT ( 'NONE',  ( 20.75000000000005684, 13.43502884254429297, 167.8149711574555170 ) ) ;
#717 = AXIS2_PLACEMENT_3D ( 'NONE', #1554, #1034, #757 ) ;
#718 = VERTEX_POINT ( 'NONE', #571 ) ;
#719 = ORIENTED_EDGE ( 'NONE', *, *, #138, .T. ) ;
#720 = EDGE_LOOP ( 'NONE', ( #801, #1462 ) ) ;
#721 = DIRECTION ( 'NONE',  ( 0.000000000000000000, 0.000000000000000000, 1.000000000000000000 ) ) ;
#722 = ORIENTED_EDGE ( 'NONE', *, *, #1280, .F. ) ;
#723 = DIRECTION ( 'NONE',  ( 0.000000000000000000, 0.000000000000000000, -1.000000000000000000 ) ) ;
#724 = DIRECTION ( 'NONE',  ( 0.000000000000000000, 0.000000000000000000, 1.000000000000000000 ) ) ;
#725 = DIRECTION ( 'NONE',  ( -0.000000000000000000, 0.000000000000000000, 1.000000000000000000 ) ) ;
#726 = AXIS2_PLACEMENT_3D ( 'NONE', #1116, #1929, #956 ) ;
#727 = VECTOR ( 'NONE', #814, 1000.000000000000000 ) ;
#728 = FACE_OUTER_BOUND ( 'NONE', #661, .T. ) ;
#729 = VECTOR ( 'NONE', #1556, 1000.000000000000000 ) ;
#730 = CARTESIAN_POINT ( 'NONE',  ( 0.000000000000000000, 0.000000000000000000, 4.000000000000000000 ) ) ;
#731 = ORIENTED_EDGE ( 'NONE', *, *, #47, .T. ) ;
#732 = ORIENTED_EDGE ( 'NONE', *, *, #1641, .F. ) ;
#733 = DIRECTION ( 'NONE',  ( -0.000000000000000000, -0.000000000000000000, 1.000000000000000000 ) ) ;
#734 = CARTESIAN_POINT ( 'NONE',  ( -7.999999999999972466, 11.69134295108993982, 4.000000000000000000 ) ) ;
#735 = ORIENTED_EDGE ( 'NONE', *, *, #1205, .T. ) ;
#736 = DIRECTION ( 'NONE',  ( 0.000000000000000000, 0.000000000000000000, 1.000000000000000000 ) ) ;
#737 = AXIS2_PLACEMENT_3D ( 'NONE', #1951, #499, #1147 ) ;
#738 = DIRECTION ( 'NONE',  ( 1.000000000000000000, 0.000000000000000000, 0.000000000000000000 ) ) ;
#739 = CARTESIAN_POINT ( 'NONE',  ( -5.500000000000136779, -11.69134295108984212, 4.000000000000000000 ) ) ;
#740 = DIRECTION ( 'NONE',  ( 0.000000000000000000, 0.000000000000000000, 1.000000000000000000 ) ) ;
#741 = EDGE_CURVE ( 'NONE', #1085, #1095, #95, .T. ) ;
#742 = ORIENTED_EDGE ( 'NONE', *, *, #305, .T. ) ;
#743 = EDGE_CURVE ( 'NONE', #1498, #438, #544, .T. ) ;
#744 = ORIENTED_EDGE ( 'NONE', *, *, #1881, .F. ) ;
#745 = DIRECTION ( 'NONE',  ( 1.000000000000000000, -0.000000000000000000, -0.000000000000000000 ) ) ;
#746 = ORIENTED_EDGE ( 'NONE', *, *, #114, .F. ) ;
#747 = CARTESIAN_POINT ( 'NONE',  ( 24.75000000000005684, -10.13108276106249761, 86.25000000000001421 ) ) ;
#748 = CARTESIAN_POINT ( 'NONE',  ( 20.75000000000005684, -4.000000000000000888, 18.99999999999996092 ) ) ;
#749 = CIRCLE ( 'NONE', #581, 2.499999999999998668 ) ;
#750 = DIRECTION ( 'NONE',  ( 1.000000000000000000, 0.000000000000000000, 0.000000000000000000 ) ) ;
#751 = ORIENTED_EDGE ( 'NONE', *, *, #151, .T. ) ;
#752 = ADVANCED_FACE ( 'NONE', ( #1997 ), #1684, .F. ) ;
#753 = ORIENTED_EDGE ( 'NONE', *, *, #1413, .F. ) ;
#754 = EDGE_CURVE ( 'NONE', #1433, #383, #1079, .T. ) ;
#755 = ORIENTED_EDGE ( 'NONE', *, *, #843, .F. ) ;
#756 = CYLINDRICAL_SURFACE ( 'NONE', #759, 1.250000000000011546 ) ;
#757 = DIRECTION ( 'NONE',  ( 0.000000000000000000, 0.000000000000000000, -1.000000000000000000 ) ) ;
#758 = DIRECTION ( 'NONE',  ( 1.000000000000000000, -0.000000000000000000, -0.000000000000000000 ) ) ;
#759 = AXIS2_PLACEMENT_3D ( 'NONE', #406, #589, #1888 ) ;
#760 = CIRCLE ( 'NONE', #825, 1.250000000000001110 ) ;
#761 = VECTOR ( 'NONE', #284, 1000.000000000000000 ) ;
#762 = VERTEX_POINT ( 'NONE', #1380 ) ;
#763 = CYLINDRICAL_SURFACE ( 'NONE', #1458, 1.250000000000001110 ) ;
#764 = ORIENTED_EDGE ( 'NONE', *, *, #265, .F. ) ;
#765 = CARTESIAN_POINT ( 'NONE',  ( 24.75000000000005684, -22.50000000000002487, 179.9999999999967599 ) ) ;
#766 = EDGE_CURVE ( 'NONE', #1539, #1055, #1604, .T. ) ;
#767 = DIRECTION ( 'NONE',  ( -1.000000000000000000, 0.000000000000000000, 0.000000000000000000 ) ) ;
#768 = DIRECTION ( 'NONE',  ( 1.000000000000000000, 0.000000000000000000, 0.000000000000000000 ) ) ;
#769 = AXIS2_PLACEMENT_3D ( 'NONE', #1168, #1814, #350 ) ;
#770 = DIRECTION ( 'NONE',  ( 0.000000000000000000, 0.000000000000000000, -1.000000000000000000 ) ) ;
#771 = DIRECTION ( 'NONE',  ( -0.000000000000000000, -0.000000000000000000, 1.000000000000000000 ) ) ;
#772 = ORIENTED_EDGE ( 'NONE', *, *, #1999, .T. ) ;
#773 = EDGE_LOOP ( 'NONE', ( #1548, #662 ) ) ;
#774 = ORIENTED_EDGE ( 'NONE', *, *, #1252, .T. ) ;
#775 = CYLINDRICAL_SURFACE ( 'NONE', #1447, 1.250000000000001110 ) ;
#776 = DIRECTION ( 'NONE',  ( 0.000000000000000000, 0.000000000000000000, 1.000000000000000000 ) ) ;
#777 = DIRECTION ( 'NONE',  ( 0.000000000000000000, 0.000000000000000000, -1.000000000000000000 ) ) ;
#778 = EDGE_CURVE ( 'NONE', #1903, #1944, #1438, .T. ) ;
#779 = CIRCLE ( 'NONE', #1060, 1.250000000000011546 ) ;
#780 = CARTESIAN_POINT ( 'NONE',  ( 24.75000000000005684, 10.13108276106246919, 139.9999999999999716 ) ) ;
#781 = ORIENTED_EDGE ( 'NONE', *, *, #855, .T. ) ;
#782 = ORIENTED_EDGE ( 'NONE', *, *, #535, .T. ) ;
#783 = VECTOR ( 'NONE', #1203, 1000.000000000000000 ) ;
#784 = ORIENTED_EDGE ( 'NONE', *, *, #32, .F. ) ;
#785 = DIRECTION ( 'NONE',  ( 1.000000000000000000, 0.000000000000000000, 0.000000000000000000 ) ) ;
#786 = FACE_OUTER_BOUND ( 'NONE', #1491, .T. ) ;
#787 = CARTESIAN_POINT ( 'NONE',  ( -12.25000000000000000, 0.000000000000000000, 0.000000000000000000 ) ) ;
#788 = ADVANCED_FACE ( 'NONE', ( #1067 ), #64, .F. ) ;
#789 = AXIS2_PLACEMENT_3D ( 'NONE', #2050, #919, #1735 ) ;
#790 = EDGE_LOOP ( 'NONE', ( #904, #867 ) ) ;
#791 = ORIENTED_EDGE ( 'NONE', *, *, #1039, .T. ) ;
#792 = EDGE_CURVE ( 'NONE', #269, #633, #584, .T. ) ;
#793 = AXIS2_PLACEMENT_3D ( 'NONE', #118, #582, #770 ) ;
#794 = ORIENTED_EDGE ( 'NONE', *, *, #1667, .F. ) ;
#795 = DIRECTION ( 'NONE',  ( 0.000000000000000000, 0.000000000000000000, 1.000000000000000000 ) ) ;
#796 = CARTESIAN_POINT ( 'NONE',  ( -5.500000000000136779, -11.69134295108984212, 0.000000000000000000 ) ) ;
#797 = LOCAL_TIME ( 12, 58, 23.00000000000000000, #1721 ) ;
#798 = VECTOR ( 'NONE', #1303, 1000.000000000000000 ) ;
#799 = AXIS2_PLACEMENT_3D ( 'NONE', #300, #1400, #1244 ) ;
#800 = DIRECTION ( 'NONE',  ( 1.000000000000000000, 0.000000000000000000, 0.000000000000000000 ) ) ;
#801 = ORIENTED_EDGE ( 'NONE', *, *, #976, .F. ) ;
#802 = ORIENTED_EDGE ( 'NONE', *, *, #1449, .F. ) ;
#803 = ORIENTED_EDGE ( 'NONE', *, *, #1653, .T. ) ;
#804 = ADVANCED_FACE ( 'NONE', ( #1545 ), #2020, .F. ) ;
#805 = EDGE_CURVE ( 'NONE', #1374, #1185, #1229, .T. ) ;
#806 = ORIENTED_EDGE ( 'NONE', *, *, #1659, .T. ) ;
#807 = AXIS2_PLACEMENT_3D ( 'NONE', #1022, #1824, #211 ) ;
#808 = DIRECTION ( 'NONE',  ( 0.000000000000000000, 0.000000000000000000, -1.000000000000000000 ) ) ;
#809 = EDGE_LOOP ( 'NONE', ( #1480, #326 ) ) ;
#810 = LINE ( 'NONE', #1490, #1328 ) ;
#811 = ORIENTED_EDGE ( 'NONE', *, *, #1980, .T. ) ;
#812 = ORIENTED_EDGE ( 'NONE', *, *, #463, .T. ) ;
#813 = ADVANCED_FACE ( 'NONE', ( #1227 ), #1870, .F. ) ;
#814 = DIRECTION ( 'NONE',  ( 1.000000000000000000, -0.000000000000000000, -0.000000000000000000 ) ) ;
#815 = LINE ( 'NONE', #657, #1475 ) ;
#816 = PERSON_AND_ORGANIZATION ( #697, #15 ) ;
#817 = EDGE_CURVE ( 'NONE', #1055, #1539, #1701, .T. ) ;
#818 = FACE_BOUND ( 'NONE', #790, .T. ) ;
#819 = DIRECTION ( 'NONE',  ( 0.000000000000000000, 0.000000000000000000, -1.000000000000000000 ) ) ;
#820 = ORIENTED_EDGE ( 'NONE', *, *, #1500, .T. ) ;
#821 = CARTESIAN_POINT ( 'NONE',  ( 6.750000000000054179, 11.69134295108989363, 0.000000000000000000 ) ) ;
#822 = CIRCLE ( 'NONE', #726, 1.250000000000001110 ) ;
#823 = ORIENTED_EDGE ( 'NONE', *, *, #576, .T. ) ;
#824 = AXIS2_PLACEMENT_3D ( 'NONE', #1908, #1124, #1601 ) ;
#825 = AXIS2_PLACEMENT_3D ( 'NONE', #1791, #828, #1482 ) ;
#826 = CYLINDRICAL_SURFACE ( 'NONE', #1910, 1.250000000000001110 ) ;
#827 = CIRCLE ( 'NONE', #1911, 12.50000000000001066 ) ;
#828 = DIRECTION ( 'NONE',  ( 1.000000000000000000, 0.000000000000000000, 0.000000000000000000 ) ) ;
#829 = EDGE_CURVE ( 'NONE', #1132, #306, #779, .T. ) ;
#830 = CARTESIAN_POINT ( 'NONE',  ( 24.75000000000005684, 13.43502884254429297, 166.5649711574555170 ) ) ;
#831 = DIRECTION ( 'NONE',  ( 0.000000000000000000, 0.000000000000000000, -1.000000000000000000 ) ) ;
#832 = EDGE_CURVE ( 'NONE', #707, #1562, #472, .T. ) ;
#833 = CARTESIAN_POINT ( 'NONE',  ( 20.75000000000005684, -13.43502884254503194, 192.1850288425436872 ) ) ;
#834 = EDGE_CURVE ( 'NONE', #707, #1085, #401, .T. ) ;
#835 = FACE_OUTER_BOUND ( 'NONE', #1194, .T. ) ;
#836 = VECTOR ( 'NONE', #21, 1000.000000000000000 ) ;
#837 = VERTEX_POINT ( 'NONE', #598 ) ;
#838 = DIRECTION ( 'NONE',  ( 0.000000000000000000, 0.000000000000000000, -1.000000000000000000 ) ) ;
#839 = VERTEX_POINT ( 'NONE', #1444 ) ;
#840 = CARTESIAN_POINT ( 'NONE',  ( 24.75000000000005684, 15.28986640936387609, 155.9485970225476024 ) ) ;
#841 = DIRECTION ( 'NONE',  ( 0.000000000000000000, 0.000000000000000000, -1.000000000000000000 ) ) ;
#842 = FACE_OUTER_BOUND ( 'NONE', #3, .T. ) ;
#843 = EDGE_CURVE ( 'NONE', #1198, #2031, #1771, .T. ) ;
#844 = CARTESIAN_POINT ( 'NONE',  ( 20.75000000000005684, -1.637578961322105897E-12, 202.4999999999984936 ) ) ;
#845 = VERTEX_POINT ( 'NONE', #1108 ) ;
#846 = CYLINDRICAL_SURFACE ( 'NONE', #1402, 1.249999999999999334 ) ;
#847 = EDGE_LOOP ( 'NONE', ( #1295, #436 ) ) ;
#848 = DIRECTION ( 'NONE',  ( 0.000000000000000000, 0.000000000000000000, -1.000000000000000000 ) ) ;
#849 = DIRECTION ( 'NONE',  ( 1.000000000000000000, 0.000000000000000000, 0.000000000000000000 ) ) ;
#850 = AXIS2_PLACEMENT_3D ( 'NONE', #1719, #920, #1564 ) ;
#851 = PERSON_AND_ORGANIZATION ( #697, #15 ) ;
#852 = CARTESIAN_POINT ( 'NONE',  ( 24.75000000000005684, -10.13108276106248340, 29.99999999999999645 ) ) ;
#853 = DIRECTION ( 'NONE',  ( -0.000000000000000000, -0.000000000000000000, 1.000000000000000000 ) ) ;
#854 = LINE ( 'NONE', #681, #1173 ) ;
#855 = EDGE_CURVE ( 'NONE', #952, #286, #524, .T. ) ;
#856 = ORIENTED_EDGE ( 'NONE', *, *, #2065, .F. ) ;
#857 = EDGE_LOOP ( 'NONE', ( #33, #1924, #1399, #1221 ) ) ;
#858 = ORIENTED_EDGE ( 'NONE', *, *, #871, .F. ) ;
#859 = VECTOR ( 'NONE', #1335, 1000.000000000000000 ) ;
#860 = CARTESIAN_POINT ( 'NONE',  ( 20.75000000000005684, -8.673617379884035472E-16, 18.99999999999996092 ) ) ;
#861 = AXIS2_PLACEMENT_3D ( 'NONE', #536, #1313, #1794 ) ;
#862 = DATE_AND_TIME ( #543, #382 ) ;
#863 = CARTESIAN_POINT ( 'NONE',  ( 20.75000000000005684, -15.28986640936388497, 155.9485970225475739 ) ) ;
#864 = FACE_BOUND ( 'NONE', #1112, .T. ) ;
#865 = CARTESIAN_POINT ( 'NONE',  ( 24.75000000000005684, 4.683753385137379155E-14, 150.9999999999999716 ) ) ;
#866 = FACE_BOUND ( 'NONE', #989, .T. ) ;
#867 = ORIENTED_EDGE ( 'NONE', *, *, #446, .T. ) ;
#868 = CYLINDRICAL_SURFACE ( 'NONE', #2045, 1.249999999999997558 ) ;
#869 = LOCAL_TIME ( 12, 58, 23.00000000000000000, #972 ) ;
#870 = ORIENTED_EDGE ( 'NONE', *, *, #1016, .T. ) ;
#871 = EDGE_CURVE ( 'NONE', #1185, #1374, #450, .T. ) ;
#872 = CIRCLE ( 'NONE', #217, 1.250000000000011546 ) ;
#873 = ADVANCED_FACE ( 'NONE', ( #1425 ), #621, .F. ) ;
#874 = DIRECTION ( 'NONE',  ( -0.000000000000000000, 3.655310181522557947E-16, 1.000000000000000000 ) ) ;
#875 = AXIS2_PLACEMENT_3D ( 'NONE', #645, #1632, #808 ) ;
#876 = DIRECTION ( 'NONE',  ( 1.000000000000000000, 0.000000000000000000, 0.000000000000000000 ) ) ;
#877 = VERTEX_POINT ( 'NONE', #1115 ) ;
#878 = CARTESIAN_POINT ( 'NONE',  ( 24.75000000000005684, 3.999999999999999112, 18.99999999999996092 ) ) ;
#879 = PERSON_AND_ORGANIZATION ( #697, #15 ) ;
#880 = DIRECTION ( 'NONE',  ( 1.000000000000000000, 0.000000000000000000, -0.000000000000000000 ) ) ;
#881 = CARTESIAN_POINT ( 'NONE',  ( 24.75000000000005684, -1.637578961322105897E-12, 202.4999999999984936 ) ) ;
#882 = DIRECTION ( 'NONE',  ( 1.000000000000000000, 0.000000000000000000, 0.000000000000000000 ) ) ;
#883 = AXIS2_PLACEMENT_3D ( 'NONE', #71, #721, #1214 ) ;
#884 = CARTESIAN_POINT ( 'NONE',  ( 22.03249845798296036, -16.63108276106246919, 0.000000000000000000 ) ) ;
#885 = CARTESIAN_POINT ( 'NONE',  ( 24.75000000000005684, 13.43502884254377250, 192.1850288425441988 ) ) ;
#886 = ORIENTED_EDGE ( 'NONE', *, *, #1273, .T. ) ;
#887 = EDGE_LOOP ( 'NONE', ( #318, #811 ) ) ;
#888 = LINE ( 'NONE', #1865, #458 ) ;
#889 = DIRECTION ( 'NONE',  ( -0.000000000000000000, -0.000000000000000000, 1.000000000000000000 ) ) ;
#890 = ORIENTED_EDGE ( 'NONE', *, *, #1723, .T. ) ;
#891 = DIRECTION ( 'NONE',  ( 1.000000000000000000, 0.000000000000000000, 0.000000000000000000 ) ) ;
#892 = ADVANCED_FACE ( 'NONE', ( #282 ), #1283, .F. ) ;
#893 = CALENDAR_DATE ( 2026, 25, 4 ) ;
#894 = DIRECTION ( 'NONE',  ( 0.000000000000000000, 0.000000000000000000, -1.000000000000000000 ) ) ;
#895 = AXIS2_PLACEMENT_3D ( 'NONE', #1846, #1533, #2043 ) ;
#896 = CIRCLE ( 'NONE', #512, 1.250000000000001110 ) ;
#897 = CARTESIAN_POINT ( 'NONE',  ( 24.75000000000005684, -10.13108276106249761, 83.74999999999997158 ) ) ;
#898 = CARTESIAN_POINT ( 'NONE',  ( 20.75000000000005684, -10.13108276106251182, 138.7499999999999716 ) ) ;
#899 = ORIENTED_EDGE ( 'NONE', *, *, #1526, .T. ) ;
#900 = VERTEX_POINT ( 'NONE', #134 ) ;
#901 = CYLINDRICAL_SURFACE ( 'NONE', #1006, 1.250000000000015099 ) ;
#902 = CARTESIAN_POINT ( 'NONE',  ( 20.03714673612961406, 15.12490498068696354, 0.000000000000000000 ) ) ;
#903 = FACE_OUTER_BOUND ( 'NONE', #129, .T. ) ;
#904 = ORIENTED_EDGE ( 'NONE', *, *, #2081, .T. ) ;
#905 = FACE_OUTER_BOUND ( 'NONE', #1529, .T. ) ;
#906 = DIRECTION ( 'NONE',  ( 1.000000000000000000, 0.000000000000000000, -0.000000000000000000 ) ) ;
#907 = EDGE_CURVE ( 'NONE', #1976, #1733, #1165, .T. ) ;
#908 = AXIS2_PLACEMENT_3D ( 'NONE', #599, #2079, #312 ) ;
#909 = CIRCLE ( 'NONE', #1426, 1.250000000000015099 ) ;
#910 = CARTESIAN_POINT ( 'NONE',  ( 20.75000000000005684, -2.477484756643993492E-14, 167.4999999999999716 ) ) ;
#911 = AXIS2_PLACEMENT_3D ( 'NONE', #1731, #931, #573 ) ;
#912 = EDGE_CURVE ( 'NONE', #310, #144, #1414, .T. ) ;
#913 = EDGE_CURVE ( 'NONE', #1233, #1423, #1102, .T. ) ;
#914 = DIRECTION ( 'NONE',  ( -0.000000000000000000, -0.000000000000000000, -1.000000000000000000 ) ) ;
#915 = ORIENTED_EDGE ( 'NONE', *, *, #912, .F. ) ;
#916 = EDGE_LOOP ( 'NONE', ( #616, #1391 ) ) ;
#917 = CARTESIAN_POINT ( 'NONE',  ( 20.75000000000005684, 10.13108276106246919, 83.74999999999997158 ) ) ;
#918 = EDGE_LOOP ( 'NONE', ( #1628, #296 ) ) ;
#919 = DIRECTION ( 'NONE',  ( 0.000000000000000000, 0.000000000000000000, 1.000000000000000000 ) ) ;
#920 = DIRECTION ( 'NONE',  ( -0.000000000000000000, -0.000000000000000000, 1.000000000000000000 ) ) ;
#921 = LINE ( 'NONE', #1847, #1439 ) ;
#922 = LINE ( 'NONE', #434, #452 ) ;
#923 = CIRCLE ( 'NONE', #705, 2.500000000000002220 ) ;
#924 = ADVANCED_FACE ( 'NONE', ( #1454 ), #1889, .F. ) ;
#925 = ORIENTED_EDGE ( 'NONE', *, *, #843, .T. ) ;
#926 = VERTEX_POINT ( 'NONE', #1593 ) ;
#927 = ORIENTED_EDGE ( 'NONE', *, *, #912, .T. ) ;
#928 = CARTESIAN_POINT ( 'NONE',  ( -8.000000000000135003, -11.69134295108984212, 4.000000000000000000 ) ) ;
#929 = CARTESIAN_POINT ( 'NONE',  ( 20.75000000000005684, -3.999999999999953371, 150.9999999999999716 ) ) ;
#930 = CARTESIAN_POINT ( 'NONE',  ( -13.50000000000000000, 0.000000000000000000, 4.000000000000000000 ) ) ;
#931 = DIRECTION ( 'NONE',  ( 0.000000000000000000, 0.000000000000000000, 1.000000000000000000 ) ) ;
#932 = EDGE_CURVE ( 'NONE', #180, #1690, #2078, .T. ) ;
#933 = ORIENTED_EDGE ( 'NONE', *, *, #1386, .T. ) ;
#934 = CARTESIAN_POINT ( 'NONE',  ( 24.75000000000005684, 22.49999999999997513, 178.7500000000000000 ) ) ;
#935 = ORIENTED_EDGE ( 'NONE', *, *, #1676, .F. ) ;
#936 = DIRECTION ( 'NONE',  ( 1.000000000000000000, -0.000000000000000000, -0.000000000000000000 ) ) ;
#937 = CARTESIAN_POINT ( 'NONE',  ( 24.75000000000005684, -10.13108276106251182, 139.9999999999999716 ) ) ;
#938 = LINE ( 'NONE', #1901, #1446 ) ;
#939 = MECHANICAL_CONTEXT ( 'NONE', #1279, 'mechanical' ) ;
#940 = LINE ( 'NONE', #910, #729 ) ;
#941 = VECTOR ( 'NONE', #158, 1000.000000000000000 ) ;
#942 = AXIS2_PLACEMENT_3D ( 'NONE', #1213, #19, #1965 ) ;
#943 = ORIENTED_EDGE ( 'NONE', *, *, #1630, .F. ) ;
#944 = ORIENTED_EDGE ( 'NONE', *, *, #1659, .F. ) ;
#945 = DIRECTION ( 'NONE',  ( 0.000000000000000000, 0.000000000000000000, -1.000000000000000000 ) ) ;
#946 = ORIENTED_EDGE ( 'NONE', *, *, #453, .T. ) ;
#947 = ADVANCED_FACE ( 'NONE', ( #431 ), #775, .F. ) ;
#948 = CARTESIAN_POINT ( 'NONE',  ( 20.75000000000005684, 10.13108276106246919, 84.99999999999998579 ) ) ;
#949 = FACE_OUTER_BOUND ( 'NONE', #857, .T. ) ;
#950 = CARTESIAN_POINT ( 'NONE',  ( 24.75000000000005684, 22.49999999999997513, 181.2500000000000000 ) ) ;
#951 = ORIENTED_EDGE ( 'NONE', *, *, #829, .F. ) ;
#952 = VERTEX_POINT ( 'NONE', #1580 ) ;
#953 = AXIS2_PLACEMENT_3D ( 'NONE', #686, #1352, #362 ) ;
#954 = ORIENTED_EDGE ( 'NONE', *, *, #684, .T. ) ;
#955 = CARTESIAN_POINT ( 'NONE',  ( 6.750000000000054179, 11.69134295108989363, 0.000000000000000000 ) ) ;
#956 = DIRECTION ( 'NONE',  ( 0.000000000000000000, 0.000000000000000000, -1.000000000000000000 ) ) ;
#957 = EDGE_CURVE ( 'NONE', #1254, #1648, #1321, .T. ) ;
#958 = DIRECTION ( 'NONE',  ( 1.000000000000000000, -0.000000000000000000, -0.000000000000000000 ) ) ;
#959 = EDGE_CURVE ( 'NONE', #1905, #845, #166, .T. ) ;
#960 = VERTEX_POINT ( 'NONE', #984 ) ;
#961 = ORIENTED_EDGE ( 'NONE', *, *, #817, .T. ) ;
#962 = DIRECTION ( 'NONE',  ( 1.000000000000000000, 0.000000000000000000, 0.000000000000000000 ) ) ;
#963 = FACE_BOUND ( 'NONE', #1131, .T. ) ;
#964 = ADVANCED_FACE ( 'NONE', ( #1471 ), #826, .F. ) ;
#965 = CARTESIAN_POINT ( 'NONE',  ( 24.75000000000005684, -4.000000000000000888, 18.99999999999998934 ) ) ;
#966 = ORIENTED_EDGE ( 'NONE', *, *, #1329, .T. ) ;
#967 = VERTEX_POINT ( 'NONE', #1959 ) ;
#968 = ORIENTED_EDGE ( 'NONE', *, *, #1180, .T. ) ;
#969 = ORIENTED_EDGE ( 'NONE', *, *, #1511, .F. ) ;
#970 = CARTESIAN_POINT ( 'NONE',  ( 20.75000000000005684, -10.13108276106251182, 139.9999999999999716 ) ) ;
#971 = CARTESIAN_POINT ( 'NONE',  ( 24.75000000000005684, 13.43502884254429297, 167.8149711574555170 ) ) ;
#972 = COORDINATED_UNIVERSAL_TIME_OFFSET ( 8, 0, .AHEAD. ) ;
#973 = CARTESIAN_POINT ( 'NONE',  ( 24.75000000000005684, -10.13108276106251182, 138.7499999999999716 ) ) ;
#974 = CIRCLE ( 'NONE', #600, 1.250000000000001110 ) ;
#975 = CIRCLE ( 'NONE', #493, 7.500000000000000000 ) ;
#976 = EDGE_CURVE ( 'NONE', #359, #361, #1808, .T. ) ;
#977 = VECTOR ( 'NONE', #1484, 1000.000000000000000 ) ;
#978 = EDGE_CURVE ( 'NONE', #1423, #1233, #909, .T. ) ;
#979 = ORIENTED_EDGE ( 'NONE', *, *, #367, .F. ) ;
#980 = EDGE_LOOP ( 'NONE', ( #1933, #1256 ) ) ;
#981 = ORIENTED_EDGE ( 'NONE', *, *, #488, .F. ) ;
#982 = EDGE_LOOP ( 'NONE', ( #1255, #1862 ) ) ;
#983 = AXIS2_PLACEMENT_3D ( 'NONE', #81, #1390, #60 ) ;
#984 = CARTESIAN_POINT ( 'NONE',  ( 24.75000000000005684, -14.13108276106247452, 0.000000000000000000 ) ) ;
#985 = FACE_OUTER_BOUND ( 'NONE', #1932, .T. ) ;
#986 = DIRECTION ( 'NONE',  ( 1.000000000000000000, -0.000000000000000000, -0.000000000000000000 ) ) ;
#987 = DIRECTION ( 'NONE',  ( 1.000000000000000000, 0.000000000000000000, 0.000000000000000000 ) ) ;
#988 = FACE_BOUND ( 'NONE', #223, .T. ) ;
#989 = EDGE_LOOP ( 'NONE', ( #1651, #368 ) ) ;
#990 = CYLINDRICAL_SURFACE ( 'NONE', #1053, 1.250000000000001110 ) ;
#991 = ADVANCED_FACE ( 'NONE', ( #664 ), #1790, .F. ) ;
#992 = VECTOR ( 'NONE', #1729, 1000.000000000000000 ) ;
#993 = ORIENTED_EDGE ( 'NONE', *, *, #1070, .F. ) ;
#994 = LINE ( 'NONE', #1642, #2058 ) ;
#995 = LINE ( 'NONE', #1465, #1679 ) ;
#996 = DIRECTION ( 'NONE',  ( 0.000000000000000000, 0.000000000000000000, -1.000000000000000000 ) ) ;
#997 = ORIENTED_EDGE ( 'NONE', *, *, #487, .F. ) ;
#998 = DIRECTION ( 'NONE',  ( -0.000000000000000000, -0.000000000000000000, 1.000000000000000000 ) ) ;
#999 = AXIS2_PLACEMENT_3D ( 'NONE', #1694, #228, #113 ) ;
#1000 = VERTEX_POINT ( 'NONE', #496 ) ;
#1001 = AXIS2_PLACEMENT_3D ( 'NONE', #506, #321, #173 ) ;
#1002 = FACE_OUTER_BOUND ( 'NONE', #469, .T. ) ;
#1003 = EDGE_CURVE ( 'NONE', #1095, #1562, #1886, .T. ) ;
#1004 = LINE ( 'NONE', #1644, #248 ) ;
#1005 = LINE ( 'NONE', #2000, #659 ) ;
#1006 = AXIS2_PLACEMENT_3D ( 'NONE', #1655, #186, #841 ) ;
#1007 = ORIENTED_EDGE ( 'NONE', *, *, #295, .F. ) ;
#1008 = CARTESIAN_POINT ( 'NONE',  ( -6.749999999999973355, 11.69134295108993982, 0.000000000000000000 ) ) ;
#1009 = VERTEX_POINT ( 'NONE', #1947 ) ;
#1010 = CYLINDRICAL_SURFACE ( 'NONE', #1320, 1.249999999999999334 ) ;
#1011 = CIRCLE ( 'NONE', #1730, 1.250000000000011546 ) ;
#1012 = PERSON_AND_ORGANIZATION_ROLE ( 'classification_officer' ) ;
#1013 = CARTESIAN_POINT ( 'NONE',  ( 24.75000000000005684, -10.13108276106248340, 28.74999999999998224 ) ) ;
#1014 = EDGE_CURVE ( 'NONE', #261, #718, #1297, .T. ) ;
#1015 = CARTESIAN_POINT ( 'NONE',  ( 0.000000000000000000, 0.000000000000000000, 0.000000000000000000 ) ) ;
#1016 = EDGE_CURVE ( 'NONE', #478, #1307, #994, .T. ) ;
#1017 = CARTESIAN_POINT ( 'NONE',  ( 20.75000000000005329, -14.13108276106246919, 144.0000000000000284 ) ) ;
#1018 = ORIENTED_EDGE ( 'NONE', *, *, #1315, .F. ) ;
#1019 = FACE_OUTER_BOUND ( 'NONE', #1906, .T. ) ;
#1020 = EDGE_LOOP ( 'NONE', ( #549, #1234 ) ) ;
#1021 = AXIS2_PLACEMENT_3D ( 'NONE', #1832, #369, #1479 ) ;
#1022 = CARTESIAN_POINT ( 'NONE',  ( 24.75000000000005684, 16.63108276106246919, 153.8388248315430076 ) ) ;
#1023 = DIRECTION ( 'NONE',  ( 1.000000000000000000, -0.000000000000000000, -0.000000000000000000 ) ) ;
#1024 = DIRECTION ( 'NONE',  ( 0.000000000000000000, 0.000000000000000000, -1.000000000000000000 ) ) ;
#1025 = EDGE_CURVE ( 'NONE', #1236, #635, #1984, .T. ) ;
#1026 = DIRECTION ( 'NONE',  ( 1.000000000000000000, 0.000000000000000000, 0.000000000000000000 ) ) ;
#1027 = ORIENTED_EDGE ( 'NONE', *, *, #1025, .F. ) ;
#1028 = ORIENTED_EDGE ( 'NONE', *, *, #2040, .T. ) ;
#1029 = EDGE_CURVE ( 'NONE', #1233, #56, #1179, .T. ) ;
#1030 = AXIS2_PLACEMENT_3D ( 'NONE', #262, #1246, #1088 ) ;
#1031 = FACE_OUTER_BOUND ( 'NONE', #1267, .T. ) ;
#1032 = CARTESIAN_POINT ( 'NONE',  ( 20.75000000000005684, -2.324403906750574557E-14, 192.5000000000000000 ) ) ;
#1033 = CIRCLE ( 'NONE', #688, 1.250000000000015099 ) ;
#1034 = DIRECTION ( 'NONE',  ( -1.000000000000000000, -0.000000000000000000, -0.000000000000000000 ) ) ;
#1035 = CARTESIAN_POINT ( 'NONE',  ( 6.749999999999891642, -11.69134295108997890, 0.000000000000000000 ) ) ;
#1036 = DIRECTION ( 'NONE',  ( 0.000000000000000000, 0.000000000000000000, 1.000000000000000000 ) ) ;
#1037 = ORIENTED_EDGE ( 'NONE', *, *, #670, .F. ) ;
#1038 = AXIS2_PLACEMENT_3D ( 'NONE', #516, #557, #996 ) ;
#1039 = EDGE_CURVE ( 'NONE', #492, #1733, #1963, .T. ) ;
#1040 = DIRECTION ( 'NONE',  ( 1.000000000000000000, 0.000000000000000000, 0.000000000000000000 ) ) ;
#1041 = DIRECTION ( 'NONE',  ( 1.000000000000000000, 0.000000000000000000, 0.000000000000000000 ) ) ;
#1042 = ORIENTED_EDGE ( 'NONE', *, *, #1314, .T. ) ;
#1043 = CARTESIAN_POINT ( 'NONE',  ( 20.75000000000005684, 16.63108276106246919, 153.8388248315430076 ) ) ;
#1044 = DIRECTION ( 'NONE',  ( 0.000000000000000000, 0.000000000000000000, 1.000000000000000000 ) ) ;
#1045 = CIRCLE ( 'NONE', #389, 1.250000000000001110 ) ;
#1046 = CARTESIAN_POINT ( 'NONE',  ( 0.000000000000000000, 0.000000000000000000, 0.000000000000000000 ) ) ;
#1047 = ORIENTED_EDGE ( 'NONE', *, *, #421, .F. ) ;
#1048 = ORIENTED_EDGE ( 'NONE', *, *, #1437, .F. ) ;
#1049 = ADVANCED_FACE ( 'NONE', ( #1325 ), #511, .F. ) ;
#1050 = CARTESIAN_POINT ( 'NONE',  ( 22.03249845798296036, 14.13108276106246919, 4.000000000000000000 ) ) ;
#1051 = CARTESIAN_POINT ( 'NONE',  ( 20.03714673612961406, 15.12490498068696354, 4.000000000000000000 ) ) ;
#1052 = ADVANCED_FACE ( 'NONE', ( #1134 ), #1784, .F. ) ;
#1053 = AXIS2_PLACEMENT_3D ( 'NONE', #821, #998, #1650 ) ;
#1054 = CARTESIAN_POINT ( 'NONE',  ( 24.75000000000005684, -13.43502884254503194, 192.1850288425436872 ) ) ;
#1055 = VERTEX_POINT ( 'NONE', #167 ) ;
#1056 = FACE_OUTER_BOUND ( 'NONE', #1269, .T. ) ;
#1057 = EDGE_CURVE ( 'NONE', #329, #1779, #604, .T. ) ;
#1058 = DIRECTION ( 'NONE',  ( 1.000000000000000000, -0.000000000000000000, -0.000000000000000000 ) ) ;
#1059 = FACE_BOUND ( 'NONE', #916, .T. ) ;
#1060 = AXIS2_PLACEMENT_3D ( 'NONE', #2069, #464, #1434 ) ;
#1061 = AXIS2_PLACEMENT_3D ( 'NONE', #930, #1044, #1368 ) ;
#1062 = CARTESIAN_POINT ( 'NONE',  ( 0.000000000000000000, 0.000000000000000000, 4.000000000000000000 ) ) ;
#1063 = DIRECTION ( 'NONE',  ( 1.000000000000000000, -0.000000000000000000, -0.000000000000000000 ) ) ;
#1064 = EDGE_LOOP ( 'NONE', ( #1925, #2039 ) ) ;
#1065 = ORIENTED_EDGE ( 'NONE', *, *, #1732, .F. ) ;
#1066 = DIRECTION ( 'NONE',  ( 0.000000000000000000, 0.000000000000000000, -1.000000000000000000 ) ) ;
#1067 = FACE_OUTER_BOUND ( 'NONE', #416, .T. ) ;
#1068 = CIRCLE ( 'NONE', #1030, 3.999999999999996447 ) ;
#1069 = DIRECTION ( 'NONE',  ( 0.000000000000000000, 0.000000000000000000, 1.000000000000000000 ) ) ;
#1070 = EDGE_CURVE ( 'NONE', #1779, #281, #1097, .T. ) ;
#1071 = DIRECTION ( 'NONE',  ( 1.000000000000000000, 0.000000000000000000, 0.000000000000000000 ) ) ;
#1072 = AXIS2_PLACEMENT_3D ( 'NONE', #1457, #466, #1748 ) ;
#1073 = ORIENTED_EDGE ( 'NONE', *, *, #670, .T. ) ;
#1074 = ORIENTED_EDGE ( 'NONE', *, *, #743, .F. ) ;
#1075 = EDGE_LOOP ( 'NONE', ( #944, #927, #121, #925 ) ) ;
#1076 = ORIENTED_EDGE ( 'NONE', *, *, #1952, .T. ) ;
#1077 = CARTESIAN_POINT ( 'NONE',  ( 20.03714673612961406, -15.12490498068696354, 0.000000000000000000 ) ) ;
#1078 = VECTOR ( 'NONE', #371, 1000.000000000000000 ) ;
#1079 = LINE ( 'NONE', #216, #30 ) ;
#1080 = CIRCLE ( 'NONE', #425, 1.250000000000001110 ) ;
#1081 = DIRECTION ( 'NONE',  ( 0.000000000000000000, 0.000000000000000000, -1.000000000000000000 ) ) ;
#1082 = DIRECTION ( 'NONE',  ( 1.000000000000000000, 0.000000000000000000, 0.000000000000000000 ) ) ;
#1083 = AXIS2_PLACEMENT_3D ( 'NONE', #780, #552, #1714 ) ;
#1084 = ORIENTED_EDGE ( 'NONE', *, *, #1205, .F. ) ;
#1085 = VERTEX_POINT ( 'NONE', #1895 ) ;
#1086 = CARTESIAN_POINT ( 'NONE',  ( 20.75000000000005329, 14.13108276106246919, 153.8388248315430076 ) ) ;
#1087 = VERTEX_POINT ( 'NONE', #2075 ) ;
#1088 = DIRECTION ( 'NONE',  ( 0.000000000000000000, 0.000000000000000000, 1.000000000000000000 ) ) ;
#1089 = CARTESIAN_POINT ( 'NONE',  ( 20.75000000000005684, 13.43502884254377250, 193.4350288425441988 ) ) ;
#1090 = DIRECTION ( 'NONE',  ( 1.000000000000000000, -0.000000000000000000, -0.000000000000000000 ) ) ;
#1091 = CARTESIAN_POINT ( 'NONE',  ( 24.75000000000005684, -10.13108276106249761, 84.99999999999998579 ) ) ;
#1092 = AXIS2_PLACEMENT_3D ( 'NONE', #1394, #545, #419 ) ;
#1093 = ADVANCED_FACE ( 'NONE', ( #440 ), #626, .F. ) ;
#1094 = ORIENTED_EDGE ( 'NONE', *, *, #1676, .T. ) ;
#1095 = VERTEX_POINT ( 'NONE', #2067 ) ;
#1096 = ORIENTED_EDGE ( 'NONE', *, *, #1852, .F. ) ;
#1097 = LINE ( 'NONE', #619, #533 ) ;
#1098 = CARTESIAN_POINT ( 'NONE',  ( 24.75000000000005684, -22.50000000000002487, 178.7499999999967599 ) ) ;
#1099 = ORIENTED_EDGE ( 'NONE', *, *, #778, .F. ) ;
#1100 = CARTESIAN_POINT ( 'NONE',  ( 20.75000000000005684, -13.43502884254455054, 166.5649711574549201 ) ) ;
#1101 = FACE_BOUND ( 'NONE', #1660, .T. ) ;
#1102 = CIRCLE ( 'NONE', #342, 1.250000000000015099 ) ;
#1103 = CIRCLE ( 'NONE', #1584, 1.250000000000001110 ) ;
#1104 = VERTEX_POINT ( 'NONE', #1278 ) ;
#1105 = ORIENTED_EDGE ( 'NONE', *, *, #295, .T. ) ;
#1106 = ADVANCED_FACE ( 'NONE', ( #109 ), #1760, .F. ) ;
#1107 = VERTEX_POINT ( 'NONE', #427 ) ;
#1108 = CARTESIAN_POINT ( 'NONE',  ( 24.75000000000005684, -13.43502884254503194, 194.6850288425436872 ) ) ;
#1109 = CARTESIAN_POINT ( 'NONE',  ( 24.75000000000005684, -13.43502884254503194, 193.4350288425436872 ) ) ;
#1110 = CIRCLE ( 'NONE', #91, 1.250000000000015099 ) ;
#1111 = VERTEX_POINT ( 'NONE', #1086 ) ;
#1112 = EDGE_LOOP ( 'NONE', ( #476, #961 ) ) ;
#1113 = VERTEX_POINT ( 'NONE', #934 ) ;
#1114 = EDGE_CURVE ( 'NONE', #1562, #1095, #1080, .T. ) ;
#1115 = CARTESIAN_POINT ( 'NONE',  ( -12.25000000000000000, 0.000000000000000000, 4.000000000000000000 ) ) ;
#1116 = CARTESIAN_POINT ( 'NONE',  ( 20.75000000000005684, 22.49999999999997513, 180.0000000000000000 ) ) ;
#1117 = EDGE_CURVE ( 'NONE', #1288, #297, #1249, .T. ) ;
#1118 = PRODUCT_DEFINITION ( 'æœ', '', #2054, #709 ) ;
#1119 = CARTESIAN_POINT ( 'NONE',  ( 20.75000000000005329, -14.13108276106246919, 153.8388248315429792 ) ) ;
#1120 = CIRCLE ( 'NONE', #1021, 1.249999999999999334 ) ;
#1121 = EDGE_LOOP ( 'NONE', ( #1187, #1638, #527, #1291 ) ) ;
#1122 = ORIENTED_EDGE ( 'NONE', *, *, #741, .T. ) ;
#1123 = VERTEX_POINT ( 'NONE', #1371 ) ;
#1124 = DIRECTION ( 'NONE',  ( 1.000000000000000000, 0.000000000000000000, 0.000000000000000000 ) ) ;
#1125 = DIRECTION ( 'NONE',  ( 0.000000000000000000, 0.000000000000000000, -1.000000000000000000 ) ) ;
#1126 = LINE ( 'NONE', #787, #761 ) ;
#1127 = ADVANCED_FACE ( 'NONE', ( #1974 ), #1819, .F. ) ;
#1128 = AXIS2_PLACEMENT_3D ( 'NONE', #1530, #1170, #1815 ) ;
#1129 = AXIS2_PLACEMENT_3D ( 'NONE', #687, #1171, #334 ) ;
#1130 = EDGE_LOOP ( 'NONE', ( #391, #1419 ) ) ;
#1131 = EDGE_LOOP ( 'NONE', ( #429, #858 ) ) ;
#1132 = VERTEX_POINT ( 'NONE', #196 ) ;
#1133 = DIRECTION ( 'NONE',  ( 1.000000000000000000, 0.000000000000000000, 0.000000000000000000 ) ) ;
#1134 = FACE_OUTER_BOUND ( 'NONE', #1378, .T. ) ;
#1135 = AXIS2_PLACEMENT_3D ( 'NONE', #852, #1836, #1191 ) ;
#1136 = VECTOR ( 'NONE', #914, 1000.000000000000000 ) ;
#1137 = ADVANCED_FACE ( 'NONE', ( #835 ), #219, .F. ) ;
#1138 = AXIS2_PLACEMENT_3D ( 'NONE', #498, #1146, #1742 ) ;
#1139 = EDGE_LOOP ( 'NONE', ( #1007, #388 ) ) ;
#1140 = DIRECTION ( 'NONE',  ( -0.000000000000000000, -0.000000000000000000, 1.000000000000000000 ) ) ;
#1141 = ORIENTED_EDGE ( 'NONE', *, *, #601, .T. ) ;
#1142 = CIRCLE ( 'NONE', #1531, 2.499999999999998668 ) ;
#1143 = CARTESIAN_POINT ( 'NONE',  ( 20.03714673612961406, -15.12490498068696176, 0.000000000000000000 ) ) ;
#1144 = CARTESIAN_POINT ( 'NONE',  ( 24.75000000000005684, -14.13108276106247452, 153.8388248315429792 ) ) ;
#1145 = DIRECTION ( 'NONE',  ( -1.000000000000000000, -0.000000000000000000, -0.000000000000000000 ) ) ;
#1146 = DIRECTION ( 'NONE',  ( 1.000000000000000000, 0.000000000000000000, 0.000000000000000000 ) ) ;
#1147 = DIRECTION ( 'NONE',  ( 0.000000000000000000, 0.000000000000000000, -1.000000000000000000 ) ) ;
#1148 = FACE_BOUND ( 'NONE', #449, .T. ) ;
#1149 = EDGE_LOOP ( 'NONE', ( #1164, #1699, #1443, #1308 ) ) ;
#1150 = CARTESIAN_POINT ( 'NONE',  ( 5.499999999999893419, -11.69134295108997890, 0.000000000000000000 ) ) ;
#1151 = AXIS2_PLACEMENT_3D ( 'NONE', #1043, #1696, #894 ) ;
#1152 = ADVANCED_FACE ( 'NONE', ( #1536 ), #1347, .F. ) ;
#1153 = VECTOR ( 'NONE', #2007, 1000.000000000000000 ) ;
#1154 = ORIENTED_EDGE ( 'NONE', *, *, #614, .T. ) ;
#1155 = DIRECTION ( 'NONE',  ( 0.000000000000000000, 0.000000000000000000, -1.000000000000000000 ) ) ;
#1156 = DIRECTION ( 'NONE',  ( 1.000000000000000000, -0.000000000000000000, -0.000000000000000000 ) ) ;
#1157 = CARTESIAN_POINT ( 'NONE',  ( 24.75000000000005684, 10.13108276106246919, 141.2500000000000000 ) ) ;
#1158 = CALENDAR_DATE ( 2026, 25, 4 ) ;
#1159 = DIRECTION ( 'NONE',  ( 1.000000000000000000, 0.000000000000000000, 0.000000000000000000 ) ) ;
#1160 =( LENGTH_UNIT ( ) NAMED_UNIT ( * ) SI_UNIT ( .MILLI., .METRE. ) );
#1161 = ORIENTED_EDGE ( 'NONE', *, *, #1605, .T. ) ;
#1162 = DIRECTION ( 'NONE',  ( 0.000000000000000000, 0.000000000000000000, 1.000000000000000000 ) ) ;
#1163 = CIRCLE ( 'NONE', #1745, 1.249999999999997558 ) ;
#1164 = ORIENTED_EDGE ( 'NONE', *, *, #648, .F. ) ;
#1165 = CIRCLE ( 'NONE', #824, 28.49999999999999645 ) ;
#1166 = EDGE_CURVE ( 'NONE', #259, #1629, #525, .T. ) ;
#1167 = DIRECTION ( 'NONE',  ( 1.000000000000000000, 0.000000000000000000, 0.000000000000000000 ) ) ;
#1168 = CARTESIAN_POINT ( 'NONE',  ( 20.75000000000005684, 13.43502884254429297, 166.5649711574555170 ) ) ;
#1169 = MANIFOLD_SOLID_BREP ( 'Ô²½Ç3', #1928 ) ;
#1170 = DIRECTION ( 'NONE',  ( 0.000000000000000000, 0.000000000000000000, 1.000000000000000000 ) ) ;
#1171 = DIRECTION ( 'NONE',  ( 0.000000000000000000, 0.000000000000000000, 1.000000000000000000 ) ) ;
#1172 = DIRECTION ( 'NONE',  ( 1.000000000000000000, 0.000000000000000000, 0.000000000000000000 ) ) ;
#1173 = VECTOR ( 'NONE', #1975, 1000.000000000000000 ) ;
#1174 = ORIENTED_EDGE ( 'NONE', *, *, #1665, .F. ) ;
#1175 = CARTESIAN_POINT ( 'NONE',  ( 20.75000000000005684, -10.13108276106251182, 139.9999999999999716 ) ) ;
#1176 = ORIENTED_EDGE ( 'NONE', *, *, #792, .T. ) ;
#1177 = CARTESIAN_POINT ( 'NONE',  ( 24.75000000000005684, -8.673617379884035472E-16, 14.99999999999996447 ) ) ;
#1178 = CARTESIAN_POINT ( 'NONE',  ( -8.000000000000135003, -11.69134295108984212, 0.000000000000000000 ) ) ;
#1179 = LINE ( 'NONE', #364, #1988 ) ;
#1180 = EDGE_CURVE ( 'NONE', #45, #2018, #1103, .T. ) ;
#1181 = FACE_BOUND ( 'NONE', #1477, .T. ) ;
#1182 = ADVANCED_FACE ( 'NONE', ( #1882 ), #1859, .F. ) ;
#1183 = DIRECTION ( 'NONE',  ( 1.000000000000000000, 0.000000000000000000, 0.000000000000000000 ) ) ;
#1184 = DIRECTION ( 'NONE',  ( 0.000000000000000000, -0.000000000000000000, 1.000000000000000000 ) ) ;
#1185 = VERTEX_POINT ( 'NONE', #603 ) ;
#1186 = DIRECTION ( 'NONE',  ( 1.000000000000000000, 0.000000000000000000, 0.000000000000000000 ) ) ;
#1187 = ORIENTED_EDGE ( 'NONE', *, *, #2072, .T. ) ;
#1188 = DIRECTION ( 'NONE',  ( 0.000000000000000000, 0.000000000000000000, -1.000000000000000000 ) ) ;
#1189 = CARTESIAN_POINT ( 'NONE',  ( 20.75000000000005684, 13.43502884254377250, 194.6850288425441988 ) ) ;
#1190 = CARTESIAN_POINT ( 'NONE',  ( 22.03249845798296036, 14.13108276106246919, 0.000000000000000000 ) ) ;
#1191 = DIRECTION ( 'NONE',  ( 0.000000000000000000, 0.000000000000000000, 1.000000000000000000 ) ) ;
#1192 = EDGE_CURVE ( 'NONE', #960, #478, #922, .T. ) ;
#1193 = ORIENTED_EDGE ( 'NONE', *, *, #577, .T. ) ;
#1194 = EDGE_LOOP ( 'NONE', ( #1887, #856, #155, #1631 ) ) ;
#1195 = ORIENTED_EDGE ( 'NONE', *, *, #1212, .T. ) ;
#1196 = DIRECTION ( 'NONE',  ( 1.000000000000000000, -0.000000000000000000, -0.000000000000000000 ) ) ;
#1197 = DIRECTION ( 'NONE',  ( -0.000000000000000000, -0.000000000000000000, -1.000000000000000000 ) ) ;
#1198 = VERTEX_POINT ( 'NONE', #411 ) ;
#1199 = CIRCLE ( 'NONE', #375, 25.10478042126636566 ) ;
#1200 = AXIS2_PLACEMENT_3D ( 'NONE', #1912, #137, #457 ) ;
#1201 = APPROVAL_DATE_TIME ( #1356, #355 ) ;
#1202 = DIRECTION ( 'NONE',  ( 1.000000000000000000, 0.000000000000000000, 0.000000000000000000 ) ) ;
#1203 = DIRECTION ( 'NONE',  ( 1.000000000000000000, -0.000000000000000000, -0.000000000000000000 ) ) ;
#1204 = CYLINDRICAL_SURFACE ( 'NONE', #1560, 1.250000000000001110 ) ;
#1205 = EDGE_CURVE ( 'NONE', #390, #1009, #1616, .T. ) ;
#1206 = VERTEX_POINT ( 'NONE', #107 ) ;
#1207 = APPROVAL_PERSON_ORGANIZATION ( #2035, #1802, #117 ) ;
#1208 = ADVANCED_FACE ( 'NONE', ( #98 ), #1722, .F. ) ;
#1209 = ORIENTED_EDGE ( 'NONE', *, *, #1299, .T. ) ;
#1210 = ADVANCED_BREP_SHAPE_REPRESENTATION ( '34\X2\8f748fde6746\X0\', ( #1169, #1485 ), #693 ) ;
#1211 = EDGE_LOOP ( 'NONE', ( #1559, #1304 ) ) ;
#1212 = EDGE_CURVE ( 'NONE', #1206, #1726, #1698, .T. ) ;
#1213 = CARTESIAN_POINT ( 'NONE',  ( 20.75000000000005684, -22.50000000000002487, 179.9999999999967599 ) ) ;
#1214 = DIRECTION ( 'NONE',  ( 1.000000000000000000, 0.000000000000000000, 0.000000000000000000 ) ) ;
#1215 = ORIENTED_EDGE ( 'NONE', *, *, #1800, .T. ) ;
#1216 = CARTESIAN_POINT ( 'NONE',  ( 20.75000000000005329, -14.13108276106246919, 4.000000000000000000 ) ) ;
#1217 = DIRECTION ( 'NONE',  ( 0.000000000000000000, 0.000000000000000000, 1.000000000000000000 ) ) ;
#1218 = FACE_OUTER_BOUND ( 'NONE', #1451, .T. ) ;
#1219 = CYLINDRICAL_SURFACE ( 'NONE', #1072, 1.250000000000001110 ) ;
#1220 = EDGE_LOOP ( 'NONE', ( #1589, #266, #751, #607 ) ) ;
#1221 = ORIENTED_EDGE ( 'NONE', *, *, #1039, .F. ) ;
#1222 = CARTESIAN_POINT ( 'NONE',  ( 20.75000000000005684, -10.13108276106248340, 29.99999999999999645 ) ) ;
#1223 = EDGE_CURVE ( 'NONE', #490, #182, #376, .T. ) ;
#1224 = AXIS2_PLACEMENT_3D ( 'NONE', #1510, #1186, #651 ) ;
#1225 = EDGE_LOOP ( 'NONE', ( #1259, #1421, #2097, #915 ) ) ;
#1226 = CARTESIAN_POINT ( 'NONE',  ( 24.75000000000005684, 22.49999999999997513, 180.0000000000000000 ) ) ;
#1227 = FACE_OUTER_BOUND ( 'NONE', #448, .T. ) ;
#1228 = CARTESIAN_POINT ( 'NONE',  ( 20.75000000000005684, -22.50000000000002487, 181.2499999999967883 ) ) ;
#1229 = CIRCLE ( 'NONE', #509, 1.250000000000001110 ) ;
#1230 = APPROVAL_STATUS ( 'not_yet_approved' ) ;
#1231 = CARTESIAN_POINT ( 'NONE',  ( 24.75000000000005684, 10.13108276106246919, 139.9999999999999716 ) ) ;
#1232 = CARTESIAN_POINT ( 'NONE',  ( 0.000000000000000000, 0.000000000000000000, 0.000000000000000000 ) ) ;
#1233 = VERTEX_POINT ( 'NONE', #244 ) ;
#1234 = ORIENTED_EDGE ( 'NONE', *, *, #1739, .F. ) ;
#1235 = AXIS2_PLACEMENT_3D ( 'NONE', #765, #891, #723 ) ;
#1236 = VERTEX_POINT ( 'NONE', #423 ) ;
#1237 = CARTESIAN_POINT ( 'NONE',  ( 20.75000000000005684, -10.13108276106248340, 31.25000000000000711 ) ) ;
#1238 = EDGE_CURVE ( 'NONE', #297, #1288, #1033, .T. ) ;
#1239 = CYLINDRICAL_SURFACE ( 'NONE', #439, 28.49999999999999645 ) ;
#1240 = VECTOR ( 'NONE', #1552, 1000.000000000000000 ) ;
#1241 = DIRECTION ( 'NONE',  ( 1.000000000000000000, 0.000000000000000000, -0.000000000000000000 ) ) ;
#1242 = ORIENTED_EDGE ( 'NONE', *, *, #1546, .F. ) ;
#1243 = AXIS2_PLACEMENT_3D ( 'NONE', #865, #1818, #1806 ) ;
#1244 = DIRECTION ( 'NONE',  ( 0.000000000000000000, 0.000000000000000000, -1.000000000000000000 ) ) ;
#1245 = EDGE_LOOP ( 'NONE', ( #287, #251 ) ) ;
#1246 = DIRECTION ( 'NONE',  ( 1.000000000000000000, 0.000000000000000000, 0.000000000000000000 ) ) ;
#1247 = AXIS2_PLACEMENT_3D ( 'NONE', #830, #1483, #1324 ) ;
#1248 = DIRECTION ( 'NONE',  ( 0.000000000000000000, 0.000000000000000000, -1.000000000000000000 ) ) ;
#1249 = CIRCLE ( 'NONE', #1525, 1.250000000000015099 ) ;
#1250 = FACE_BOUND ( 'NONE', #1972, .T. ) ;
#1251 = DIRECTION ( 'NONE',  ( 0.000000000000000000, 0.000000000000000000, 1.000000000000000000 ) ) ;
#1252 = EDGE_CURVE ( 'NONE', #1087, #261, #1878, .T. ) ;
#1253 = CIRCLE ( 'NONE', #953, 1.250000000000011546 ) ;
#1254 = VERTEX_POINT ( 'NONE', #273 ) ;
#1255 = ORIENTED_EDGE ( 'NONE', *, *, #2099, .T. ) ;
#1256 = ORIENTED_EDGE ( 'NONE', *, *, #265, .T. ) ;
#1257 = DIRECTION ( 'NONE',  ( 1.000000000000000000, -0.000000000000000000, -0.000000000000000000 ) ) ;
#1258 = CARTESIAN_POINT ( 'NONE',  ( 0.000000000000000000, -14.13108276106246919, 0.000000000000000000 ) ) ;
#1259 = ORIENTED_EDGE ( 'NONE', *, *, #1667, .T. ) ;
#1260 = CYLINDRICAL_SURFACE ( 'NONE', #1646, 1.250000000000001110 ) ;
#1261 = DIRECTION ( 'NONE',  ( 1.000000000000000000, -0.000000000000000000, -0.000000000000000000 ) ) ;
#1262 = DIRECTION ( 'NONE',  ( 1.000000000000000000, 0.000000000000000000, 0.000000000000000000 ) ) ;
#1263 = CIRCLE ( 'NONE', #717, 4.000000000000003553 ) ;
#1264 = EDGE_CURVE ( 'NONE', #762, #163, #940, .T. ) ;
#1265 = EDGE_LOOP ( 'NONE', ( #1867, #1591, #1578, #477 ) ) ;
#1266 = ORIENTED_EDGE ( 'NONE', *, *, #741, .F. ) ;
#1267 = EDGE_LOOP ( 'NONE', ( #2, #782, #1538, #1915 ) ) ;
#1268 = DIRECTION ( 'NONE',  ( 1.000000000000000000, 0.000000000000000000, 0.000000000000000000 ) ) ;
#1269 = EDGE_LOOP ( 'NONE', ( #307, #276, #966, #553 ) ) ;
#1270 = DIRECTION ( 'NONE',  ( -0.000000000000000000, -0.000000000000000000, 1.000000000000000000 ) ) ;
#1271 = DIRECTION ( 'NONE',  ( 1.000000000000000000, 0.000000000000000000, 0.000000000000000000 ) ) ;
#1272 = CIRCLE ( 'NONE', #343, 1.249999999999999334 ) ;
#1273 = EDGE_CURVE ( 'NONE', #56, #1107, #148, .T. ) ;
#1274 = DIRECTION ( 'NONE',  ( -0.000000000000000000, -0.000000000000000000, 1.000000000000000000 ) ) ;
#1275 = ORIENTED_EDGE ( 'NONE', *, *, #111, .F. ) ;
#1276 = ORIENTED_EDGE ( 'NONE', *, *, #1816, .T. ) ;
#1277 = ORIENTED_EDGE ( 'NONE', *, *, #22, .F. ) ;
#1278 = CARTESIAN_POINT ( 'NONE',  ( 20.75000000000005684, -22.50000000000002487, 178.7499999999967599 ) ) ;
#1279 = APPLICATION_CONTEXT ( 'configuration controlled 3d designs of mechanical parts and assemblies' ) ;
#1280 = EDGE_CURVE ( 'NONE', #2027, #163, #827, .T. ) ;
#1281 = CC_DESIGN_DATE_AND_TIME_ASSIGNMENT ( #1803, #1654, ( #1118 ) ) ;
#1282 = ORIENTED_EDGE ( 'NONE', *, *, #1014, .T. ) ;
#1283 = CYLINDRICAL_SURFACE ( 'NONE', #177, 1.250000000000001110 ) ;
#1284 = CARTESIAN_POINT ( 'NONE',  ( 6.750000000000054179, 11.69134295108989363, 4.000000000000000000 ) ) ;
#1285 = AXIS2_PLACEMENT_3D ( 'NONE', #198, #231, #1497 ) ;
#1286 = VECTOR ( 'NONE', #1896, 1000.000000000000000 ) ;
#1287 = FACE_OUTER_BOUND ( 'NONE', #1075, .T. ) ;
#1288 = VERTEX_POINT ( 'NONE', #897 ) ;
#1289 = EDGE_LOOP ( 'NONE', ( #812, #1770, #1333, #145, #1991, #1388 ) ) ;
#1290 = EDGE_CURVE ( 'NONE', #967, #1648, #483, .T. ) ;
#1291 = ORIENTED_EDGE ( 'NONE', *, *, #224, .T. ) ;
#1292 = ADVANCED_FACE ( 'NONE', ( #728 ), #1219, .F. ) ;
#1293 = FACE_OUTER_BOUND ( 'NONE', #202, .T. ) ;
#1294 = EDGE_LOOP ( 'NONE', ( #1598, #1432, #170, #890 ) ) ;
#1295 = ORIENTED_EDGE ( 'NONE', *, *, #1999, .F. ) ;
#1296 = ORIENTED_EDGE ( 'NONE', *, *, #932, .F. ) ;
#1297 = LINE ( 'NONE', #1143, #55 ) ;
#1298 = DIRECTION ( 'NONE',  ( 1.000000000000000000, -0.000000000000000000, -0.000000000000000000 ) ) ;
#1299 = EDGE_CURVE ( 'NONE', #1111, #1000, #1, .T. ) ;
#1300 = CYLINDRICAL_SURFACE ( 'NONE', #656, 1.250000000000015099 ) ;
#1301 = PRODUCT ( '34\X2\8f748fde6746\X0\', '34\X2\8f748fde6746\X0\', '', ( #939 ) ) ;
#1302 = VECTOR ( 'NONE', #1346, 1000.000000000000000 ) ;
#1303 = DIRECTION ( 'NONE',  ( 1.000000000000000000, -0.000000000000000000, -0.000000000000000000 ) ) ;
#1304 = ORIENTED_EDGE ( 'NONE', *, *, #1952, .F. ) ;
#1305 = VECTOR ( 'NONE', #649, 1000.000000000000000 ) ;
#1306 = DIRECTION ( 'NONE',  ( 1.000000000000000000, -0.000000000000000000, -0.000000000000000000 ) ) ;
#1307 = VERTEX_POINT ( 'NONE', #1119 ) ;
#1308 = ORIENTED_EDGE ( 'NONE', *, *, #1930, .T. ) ;
#1309 = CARTESIAN_POINT ( 'NONE',  ( 20.75000000000005684, -2.477484756643993492E-14, 180.0000000000000000 ) ) ;
#1310 = DIRECTION ( 'NONE',  ( 0.000000000000000000, 0.000000000000000000, -1.000000000000000000 ) ) ;
#1311 = CYLINDRICAL_SURFACE ( 'NONE', #737, 4.000000000000003553 ) ;
#1312 = LOCAL_TIME ( 12, 58, 23.00000000000000000, #1996 ) ;
#1313 = DIRECTION ( 'NONE',  ( -0.000000000000000000, -0.000000000000000000, 1.000000000000000000 ) ) ;
#1314 = EDGE_CURVE ( 'NONE', #2060, #1905, #1448, .T. ) ;
#1315 = EDGE_CURVE ( 'NONE', #1851, #438, #627, .T. ) ;
#1316 = CARTESIAN_POINT ( 'NONE',  ( 20.75000000000005684, 4.000000000000048850, 154.9999999999999716 ) ) ;
#1317 = ORIENTED_EDGE ( 'NONE', *, *, #176, .T. ) ;
#1318 = DIRECTION ( 'NONE',  ( 1.000000000000000000, 0.000000000000000000, 0.000000000000000000 ) ) ;
#1319 = ORIENTED_EDGE ( 'NONE', *, *, #976, .T. ) ;
#1320 = AXIS2_PLACEMENT_3D ( 'NONE', #17, #1672, #1167 ) ;
#1321 = LINE ( 'NONE', #1781, #558 ) ;
#1322 = CARTESIAN_POINT ( 'NONE',  ( 24.75000000000005684, 22.49999999999997513, 180.0000000000000000 ) ) ;
#1323 = LINE ( 'NONE', #322, #941 ) ;
#1324 = DIRECTION ( 'NONE',  ( 0.000000000000000000, 0.000000000000000000, -1.000000000000000000 ) ) ;
#1325 = FACE_OUTER_BOUND ( 'NONE', #1225, .T. ) ;
#1326 = CARTESIAN_POINT ( 'NONE',  ( 20.75000000000005684, -10.13108276106249761, 86.25000000000001421 ) ) ;
#1327 = DIRECTION ( 'NONE',  ( 0.000000000000000000, -3.655310181522557947E-16, -1.000000000000000000 ) ) ;
#1328 = VECTOR ( 'NONE', #1956, 1000.000000000000000 ) ;
#1329 = EDGE_CURVE ( 'NONE', #625, #877, #1126, .T. ) ;
#1330 = EDGE_LOOP ( 'NONE', ( #1969, #143, #1993, #899 ) ) ;
#1331 = DIRECTION ( 'NONE',  ( 1.000000000000000000, -0.000000000000000000, -0.000000000000000000 ) ) ;
#1332 = AXIS2_PLACEMENT_3D ( 'NONE', #84, #880, #253 ) ;
#1333 = ORIENTED_EDGE ( 'NONE', *, *, #2026, .T. ) ;
#1334 = DIRECTION ( 'NONE',  ( 1.000000000000000000, -0.000000000000000000, -0.000000000000000000 ) ) ;
#1335 = DIRECTION ( 'NONE',  ( 0.000000000000000000, -3.655310181522557947E-16, -1.000000000000000000 ) ) ;
#1336 = FACE_BOUND ( 'NONE', #694, .T. ) ;
#1337 = CARTESIAN_POINT ( 'NONE',  ( 6.750000000000054179, 11.69134295108989363, 0.000000000000000000 ) ) ;
#1338 = AXIS2_PLACEMENT_3D ( 'NONE', #1226, #1543, #1066 ) ;
#1339 = CARTESIAN_POINT ( 'NONE',  ( 24.75000000000005684, 10.13108276106246919, 30.00000000000000000 ) ) ;
#1340 = ORIENTED_EDGE ( 'NONE', *, *, #871, .T. ) ;
#1341 = DIRECTION ( 'NONE',  ( 1.000000000000000000, 0.000000000000000000, 0.000000000000000000 ) ) ;
#1342 = EDGE_LOOP ( 'NONE', ( #755, #112, #1768, #43 ) ) ;
#1343 = VECTOR ( 'NONE', #313, 1000.000000000000000 ) ;
#1344 = DIRECTION ( 'NONE',  ( 0.000000000000000000, 0.000000000000000000, 1.000000000000000000 ) ) ;
#1345 = COORDINATED_UNIVERSAL_TIME_OFFSET ( 8, 0, .AHEAD. ) ;
#1346 = DIRECTION ( 'NONE',  ( 1.000000000000000000, -0.000000000000000000, -0.000000000000000000 ) ) ;
#1347 = PLANE ( 'NONE',  #414 ) ;
#1348 = VECTOR ( 'NONE', #1825, 1000.000000000000000 ) ;
#1349 = EDGE_LOOP ( 'NONE', ( #347, #2005, #565, #1317 ) ) ;
#1350 = CYLINDRICAL_SURFACE ( 'NONE', #1763, 1.250000000000001110 ) ;
#1351 = AXIS2_PLACEMENT_3D ( 'NONE', #1518, #703, #1357 ) ;
#1352 = DIRECTION ( 'NONE',  ( 1.000000000000000000, 0.000000000000000000, 0.000000000000000000 ) ) ;
#1353 = FACE_OUTER_BOUND ( 'NONE', #152, .T. ) ;
#1354 = AXIS2_PLACEMENT_3D ( 'NONE', #48, #1156, #1188 ) ;
#1355 = EDGE_CURVE ( 'NONE', #1360, #967, #1773, .T. ) ;
#1356 = DATE_AND_TIME ( #1505, #1312 ) ;
#1357 = DIRECTION ( 'NONE',  ( 0.000000000000000000, 0.000000000000000000, -1.000000000000000000 ) ) ;
#1358 = CARTESIAN_POINT ( 'NONE',  ( 24.75000000000005684, -16.63108276106246919, 153.8388248315429792 ) ) ;
#1359 = DIRECTION ( 'NONE',  ( 0.000000000000000000, 0.000000000000000000, 1.000000000000000000 ) ) ;
#1360 = VERTEX_POINT ( 'NONE', #2071 ) ;
#1361 = DIRECTION ( 'NONE',  ( -0.000000000000000000, -0.000000000000000000, 1.000000000000000000 ) ) ;
#1362 = ORIENTED_EDGE ( 'NONE', *, *, #715, .F. ) ;
#1363 = CYLINDRICAL_SURFACE ( 'NONE', #1992, 3.999999999999996447 ) ;
#1364 = VECTOR ( 'NONE', #572, 1000.000000000000000 ) ;
#1365 = CARTESIAN_POINT ( 'NONE',  ( 20.75000000000005684, 15.28986640936387964, 155.9485970225476024 ) ) ;
#1366 = ORIENTED_EDGE ( 'NONE', *, *, #378, .F. ) ;
#1367 = DIRECTION ( 'NONE',  ( 0.000000000000000000, 0.000000000000000000, -1.000000000000000000 ) ) ;
#1368 = DIRECTION ( 'NONE',  ( 1.000000000000000000, 0.000000000000000000, 0.000000000000000000 ) ) ;
#1369 = ADVANCED_FACE ( 'NONE', ( #1635 ), #1300, .F. ) ;
#1370 = DIRECTION ( 'NONE',  ( 0.000000000000000000, 0.000000000000000000, -1.000000000000000000 ) ) ;
#1371 = CARTESIAN_POINT ( 'NONE',  ( 24.75000000000005684, -22.50000000000002487, 181.2499999999967883 ) ) ;
#1372 = CC_DESIGN_PERSON_AND_ORGANIZATION_ASSIGNMENT ( #1417, #1583, ( #1301 ) ) ;
#1373 = DIRECTION ( 'NONE',  ( 1.000000000000000000, 0.000000000000000000, 0.000000000000000000 ) ) ;
#1374 = VERTEX_POINT ( 'NONE', #973 ) ;
#1375 = ORIENTED_EDGE ( 'NONE', *, *, #1827, .T. ) ;
#1376 = AXIS2_PLACEMENT_3D ( 'NONE', #622, #1090, #1737 ) ;
#1377 = CARTESIAN_POINT ( 'NONE',  ( -13.50000000000000000, 0.000000000000000000, 0.000000000000000000 ) ) ;
#1378 = EDGE_LOOP ( 'NONE', ( #345, #1788, #946, #2073 ) ) ;
#1379 = DIRECTION ( 'NONE',  ( 1.000000000000000000, -0.000000000000000000, -0.000000000000000000 ) ) ;
#1380 = CARTESIAN_POINT ( 'NONE',  ( 20.75000000000005684, -2.477484756643993492E-14, 167.4999999999999716 ) ) ;
#1381 = CARTESIAN_POINT ( 'NONE',  ( -12.25000000000000000, 0.000000000000000000, 0.000000000000000000 ) ) ;
#1382 = CARTESIAN_POINT ( 'NONE',  ( 0.000000000000000000, 0.000000000000000000, 0.000000000000000000 ) ) ;
#1383 = DIRECTION ( 'NONE',  ( 0.000000000000000000, 0.000000000000000000, -1.000000000000000000 ) ) ;
#1384 = CYLINDRICAL_SURFACE ( 'NONE', #1817, 7.500000000000000000 ) ;
#1385 = ORIENTED_EDGE ( 'NONE', *, *, #2065, .T. ) ;
#1386 = EDGE_CURVE ( 'NONE', #900, #308, #1625, .T. ) ;
#1387 = CIRCLE ( 'NONE', #1783, 1.250000000000001110 ) ;
#1388 = ORIENTED_EDGE ( 'NONE', *, *, #75, .T. ) ;
#1389 = CARTESIAN_POINT ( 'NONE',  ( -6.749999999999973355, 11.69134295108993982, 4.000000000000000000 ) ) ;
#1390 = DIRECTION ( 'NONE',  ( 0.000000000000000000, 0.000000000000000000, 1.000000000000000000 ) ) ;
#1391 = ORIENTED_EDGE ( 'NONE', *, *, #1985, .T. ) ;
#1392 = DIRECTION ( 'NONE',  ( 1.000000000000000000, 0.000000000000000000, 0.000000000000000000 ) ) ;
#1393 = DIRECTION ( 'NONE',  ( 1.000000000000000000, 0.000000000000000000, 0.000000000000000000 ) ) ;
#1394 = CARTESIAN_POINT ( 'NONE',  ( 20.75000000000005684, 13.43502884254377250, 193.4350288425441988 ) ) ;
#1395 = CARTESIAN_POINT ( 'NONE',  ( 20.75000000000005684, -2.477484756643993492E-14, 180.0000000000000000 ) ) ;
#1396 = ORIENTED_EDGE ( 'NONE', *, *, #1615, .T. ) ;
#1397 = EDGE_CURVE ( 'NONE', #1104, #540, #1841, .T. ) ;
#1398 = ORIENTED_EDGE ( 'NONE', *, *, #435, .F. ) ;
#1399 = ORIENTED_EDGE ( 'NONE', *, *, #577, .F. ) ;
#1400 = DIRECTION ( 'NONE',  ( 1.000000000000000000, -0.000000000000000000, -0.000000000000000000 ) ) ;
#1401 = DIRECTION ( 'NONE',  ( 0.000000000000000000, 0.000000000000000000, -1.000000000000000000 ) ) ;
#1402 = AXIS2_PLACEMENT_3D ( 'NONE', #25, #327, #1797 ) ;
#1403 = ORIENTED_EDGE ( 'NONE', *, *, #1732, .T. ) ;
#1404 = CARTESIAN_POINT ( 'NONE',  ( 24.75000000000005684, -10.13108276106248340, 31.25000000000000711 ) ) ;
#1405 = DIRECTION ( 'NONE',  ( -1.000000000000000000, 0.000000000000000000, 0.000000000000000000 ) ) ;
#1406 = DIRECTION ( 'NONE',  ( -0.000000000000000000, -0.000000000000000000, 1.000000000000000000 ) ) ;
#1407 = DIRECTION ( 'NONE',  ( 1.000000000000000000, 0.000000000000000000, 0.000000000000000000 ) ) ;
#1408 = EDGE_LOOP ( 'NONE', ( #1979, #578, #62, #954 ) ) ;
#1409 = LINE ( 'NONE', #1258, #1286 ) ;
#1410 = AXIS2_PLACEMENT_3D ( 'NONE', #360, #1341, #1978 ) ;
#1411 = EDGE_LOOP ( 'NONE', ( #1469, #394, #494, #78 ) ) ;
#1412 = LINE ( 'NONE', #1424, #1240 ) ;
#1413 = EDGE_CURVE ( 'NONE', #1777, #2056, #1272, .T. ) ;
#1414 = LINE ( 'NONE', #2062, #247 ) ;
#1415 = DIRECTION ( 'NONE',  ( -0.000000000000000000, -0.000000000000000000, 1.000000000000000000 ) ) ;
#1416 = AXIS2_PLACEMENT_3D ( 'NONE', #1358, #242, #1069 ) ;
#1417 = PERSON_AND_ORGANIZATION ( #697, #15 ) ;
#1418 = CARTESIAN_POINT ( 'NONE',  ( 20.75000000000005684, 13.43502884254429297, 166.5649711574555170 ) ) ;
#1419 = ORIENTED_EDGE ( 'NONE', *, *, #913, .T. ) ;
#1420 = EDGE_LOOP ( 'NONE', ( #12, #722 ) ) ;
#1421 = ORIENTED_EDGE ( 'NONE', *, *, #378, .T. ) ;
#1422 = LOCAL_TIME ( 12, 58, 23.00000000000000000, #1345 ) ;
#1423 = VERTEX_POINT ( 'NONE', #917 ) ;
#1424 = CARTESIAN_POINT ( 'NONE',  ( 24.75000000000005684, -3.999999999999953371, 150.9999999999999716 ) ) ;
#1425 = FACE_OUTER_BOUND ( 'NONE', #101, .T. ) ;
#1426 = AXIS2_PLACEMENT_3D ( 'NONE', #1481, #16, #2100 ) ;
#1427 = LINE ( 'NONE', #1909, #1713 ) ;
#1428 = ADVANCED_FACE ( 'NONE', ( #1843 ), #513, .F. ) ;
#1429 = CARTESIAN_POINT ( 'NONE',  ( 6.749999999999891642, -11.69134295108997890, 0.000000000000000000 ) ) ;
#1430 = CIRCLE ( 'NONE', #1695, 1.250000000000001110 ) ;
#1431 = ORIENTED_EDGE ( 'NONE', *, *, #1070, .T. ) ;
#1432 = ORIENTED_EDGE ( 'NONE', *, *, #978, .F. ) ;
#1433 = VERTEX_POINT ( 'NONE', #1050 ) ;
#1434 = DIRECTION ( 'NONE',  ( 0.000000000000000000, 0.000000000000000000, -1.000000000000000000 ) ) ;
#1435 = FACE_BOUND ( 'NONE', #809, .T. ) ;
#1436 = CARTESIAN_POINT ( 'NONE',  ( 24.75000000000005684, 14.13108276106246919, 153.8388248315430076 ) ) ;
#1437 = EDGE_CURVE ( 'NONE', #1104, #1749, #1804, .T. ) ;
#1438 = CIRCLE ( 'NONE', #233, 1.250000000000001110 ) ;
#1439 = VECTOR ( 'NONE', #2021, 1000.000000000000000 ) ;
#1440 = EDGE_CURVE ( 'NONE', #289, #1777, #1004, .T. ) ;
#1441 = ADVANCED_FACE ( 'NONE', ( #1700 ), #901, .F. ) ;
#1442 = ORIENTED_EDGE ( 'NONE', *, *, #1641, .T. ) ;
#1443 = ORIENTED_EDGE ( 'NONE', *, *, #1437, .T. ) ;
#1444 = CARTESIAN_POINT ( 'NONE',  ( 7.999999999999888978, -11.69134295108997890, 4.000000000000000000 ) ) ;
#1445 = CYLINDRICAL_SURFACE ( 'NONE', #79, 1.249999999999999334 ) ;
#1446 = VECTOR ( 'NONE', #283, 1000.000000000000000 ) ;
#1447 = AXIS2_PLACEMENT_3D ( 'NONE', #1089, #1736, #271 ) ;
#1448 = CIRCLE ( 'NONE', #1680, 1.250000000000001110 ) ;
#1449 = EDGE_CURVE ( 'NONE', #1812, #635, #531, .T. ) ;
#1450 = ORIENTED_EDGE ( 'NONE', *, *, #601, .F. ) ;
#1451 = EDGE_LOOP ( 'NONE', ( #823, #1282, #505, #1942 ) ) ;
#1452 = ORIENTED_EDGE ( 'NONE', *, *, #832, .F. ) ;
#1453 = AXIS2_PLACEMENT_3D ( 'NONE', #1488, #354, #374 ) ;
#1454 = FACE_OUTER_BOUND ( 'NONE', #1570, .T. ) ;
#1455 = DIRECTION ( 'NONE',  ( 1.000000000000000000, 0.000000000000000000, 0.000000000000000000 ) ) ;
#1456 = CIRCLE ( 'NONE', #1986, 1.249999999999997558 ) ;
#1457 = CARTESIAN_POINT ( 'NONE',  ( 20.75000000000005684, 10.13108276106246919, 139.9999999999999716 ) ) ;
#1458 = AXIS2_PLACEMENT_3D ( 'NONE', #566, #1561, #404 ) ;
#1459 = ORIENTED_EDGE ( 'NONE', *, *, #1273, .F. ) ;
#1460 = ORIENTED_EDGE ( 'NONE', *, *, #2051, .F. ) ;
#1461 = EDGE_CURVE ( 'NONE', #1629, #1903, #888, .T. ) ;
#1462 = ORIENTED_EDGE ( 'NONE', *, *, #453, .F. ) ;
#1463 = DIRECTION ( 'NONE',  ( 1.000000000000000000, -0.000000000000000000, -0.000000000000000000 ) ) ;
#1464 = ADVANCED_FACE ( 'NONE', ( #249 ), #1311, .F. ) ;
#1465 = CARTESIAN_POINT ( 'NONE',  ( 20.75000000000005684, -13.43502884254503194, 192.1850288425436872 ) ) ;
#1466 = CARTESIAN_POINT ( 'NONE',  ( -14.75000000000000000, 1.530808498934190831E-16, 0.000000000000000000 ) ) ;
#1467 = ORIENTED_EDGE ( 'NONE', *, *, #1315, .T. ) ;
#1468 = FACE_OUTER_BOUND ( 'NONE', #568, .T. ) ;
#1469 = ORIENTED_EDGE ( 'NONE', *, *, #446, .F. ) ;
#1470 = EDGE_LOOP ( 'NONE', ( #1450, #1789 ) ) ;
#1471 = FACE_OUTER_BOUND ( 'NONE', #2066, .T. ) ;
#1472 = EDGE_CURVE ( 'NONE', #1539, #1288, #1793, .T. ) ;
#1473 = EDGE_CURVE ( 'NONE', #1761, #1812, #325, .T. ) ;
#1474 = PLANE ( 'NONE',  #559 ) ;
#1475 = VECTOR ( 'NONE', #1948, 1000.000000000000000 ) ;
#1476 = LINE ( 'NONE', #11, #632 ) ;
#1477 = EDGE_LOOP ( 'NONE', ( #1154, #470 ) ) ;
#1478 = AXIS2_PLACEMENT_3D ( 'NONE', #1062, #1251, #1082 ) ;
#1479 = DIRECTION ( 'NONE',  ( 1.000000000000000000, 0.000000000000000000, 0.000000000000000000 ) ) ;
#1480 = ORIENTED_EDGE ( 'NONE', *, *, #1526, .F. ) ;
#1481 = CARTESIAN_POINT ( 'NONE',  ( 20.75000000000005684, 10.13108276106246919, 84.99999999999998579 ) ) ;
#1482 = DIRECTION ( 'NONE',  ( 0.000000000000000000, 0.000000000000000000, -1.000000000000000000 ) ) ;
#1483 = DIRECTION ( 'NONE',  ( 1.000000000000000000, 0.000000000000000000, 0.000000000000000000 ) ) ;
#1484 = DIRECTION ( 'NONE',  ( 1.000000000000000000, 0.000000000000000000, 0.000000000000000000 ) ) ;
#1485 = AXIS2_PLACEMENT_3D ( 'NONE', #1382, #740, #433 ) ;
#1486 = FACE_BOUND ( 'NONE', #1130, .T. ) ;
#1487 = EDGE_CURVE ( 'NONE', #306, #1955, #1476, .T. ) ;
#1488 = CARTESIAN_POINT ( 'NONE',  ( 20.75000000000005684, -2.477484756643993492E-14, 180.0000000000000000 ) ) ;
#1489 = EDGE_LOOP ( 'NONE', ( #781, #1744 ) ) ;
#1490 = CARTESIAN_POINT ( 'NONE',  ( 20.75000000000005329, 14.13108276106246919, 144.0000000000000284 ) ) ;
#1491 = EDGE_LOOP ( 'NONE', ( #1174, #1275, #1403, #772 ) ) ;
#1492 = CARTESIAN_POINT ( 'NONE',  ( 5.500000000000053291, 11.69134295108989363, 4.000000000000000000 ) ) ;
#1493 = CARTESIAN_POINT ( 'NONE',  ( 20.75000000000005684, -3.999999999999951594, 154.9999999999999716 ) ) ;
#1494 = ADVANCED_FACE ( 'NONE', ( #1287 ), #660, .F. ) ;
#1495 = PRODUCT_RELATED_PRODUCT_CATEGORY ( 'detail', '', ( #1301 ) ) ;
#1496 = EDGE_CURVE ( 'NONE', #286, #952, #1387, .T. ) ;
#1497 = DIRECTION ( 'NONE',  ( 0.000000000000000000, 0.000000000000000000, 1.000000000000000000 ) ) ;
#1498 = VERTEX_POINT ( 'NONE', #965 ) ;
#1499 = DIRECTION ( 'NONE',  ( 0.000000000000000000, 0.000000000000000000, 1.000000000000000000 ) ) ;
#1500 = EDGE_CURVE ( 'NONE', #2013, #839, #1456, .T. ) ;
#1501 = CC_DESIGN_PERSON_AND_ORGANIZATION_ASSIGNMENT ( #52, #372, ( #2054 ) ) ;
#1502 = AXIS2_PLACEMENT_3D ( 'NONE', #1857, #1058, #579 ) ;
#1503 = ORIENTED_EDGE ( 'NONE', *, *, #1003, .F. ) ;
#1504 = CARTESIAN_POINT ( 'NONE',  ( 24.75000000000005684, -10.13108276106248340, 29.99999999999999645 ) ) ;
#1505 = CALENDAR_DATE ( 2026, 25, 4 ) ;
#1506 = CARTESIAN_POINT ( 'NONE',  ( 24.75000000000005684, -2.324403906750574557E-14, 192.5000000000000000 ) ) ;
#1507 = AXIS2_PLACEMENT_3D ( 'NONE', #1995, #1834, #2032 ) ;
#1508 = FACE_OUTER_BOUND ( 'NONE', #1523, .T. ) ;
#1509 = ORIENTED_EDGE ( 'NONE', *, *, #1355, .F. ) ;
#1510 = CARTESIAN_POINT ( 'NONE',  ( 24.75000000000005684, -8.673617379884035472E-16, 18.99999999999996092 ) ) ;
#1511 = EDGE_CURVE ( 'NONE', #837, #426, #1656, .T. ) ;
#1512 = AXIS2_PLACEMENT_3D ( 'NONE', #395, #1379, #1717 ) ;
#1513 = ADVANCED_FACE ( 'NONE', ( #706 ), #1830, .F. ) ;
#1514 = ORIENTED_EDGE ( 'NONE', *, *, #367, .T. ) ;
#1515 = CARTESIAN_POINT ( 'NONE',  ( 0.000000000000000000, 14.13108276106246919, 0.000000000000000000 ) ) ;
#1516 = LINE ( 'NONE', #28, #1078 ) ;
#1517 = PERSON_AND_ORGANIZATION_ROLE ( 'creator' ) ;
#1518 = CARTESIAN_POINT ( 'NONE',  ( 20.75000000000005684, -8.673617379884035472E-16, 18.99999999999996092 ) ) ;
#1519 = FACE_BOUND ( 'NONE', #982, .T. ) ;
#1520 = CARTESIAN_POINT ( 'NONE',  ( 22.03249845798296036, -14.13108276106246919, 0.000000000000000000 ) ) ;
#1521 = CIRCLE ( 'NONE', #1453, 12.50000000000001066 ) ;
#1522 = AXIS2_PLACEMENT_3D ( 'NONE', #844, #548, #538 ) ;
#1523 = EDGE_LOOP ( 'NONE', ( #2068, #1769, #2046, #258, #68, #1296 ) ) ;
#1524 = DIRECTION ( 'NONE',  ( 1.000000000000000000, 0.000000000000000000, 0.000000000000000000 ) ) ;
#1525 = AXIS2_PLACEMENT_3D ( 'NONE', #1590, #451, #1036 ) ;
#1526 = EDGE_CURVE ( 'NONE', #1955, #1734, #872, .T. ) ;
#1527 = CARTESIAN_POINT ( 'NONE',  ( 24.75000000000005684, 4.000000000000048850, 154.9999999999999716 ) ) ;
#1528 = CARTESIAN_POINT ( 'NONE',  ( 20.75000000000005684, -13.43502884254503194, 193.4350288425436872 ) ) ;
#1529 = EDGE_LOOP ( 'NONE', ( #997, #575, #1820, #1319 ) ) ;
#1530 = CARTESIAN_POINT ( 'NONE',  ( 0.000000000000000000, 0.000000000000000000, 4.000000000000000000 ) ) ;
#1531 = AXIS2_PLACEMENT_3D ( 'NONE', #665, #1197, #192 ) ;
#1532 = APPROVAL_ROLE ( '' ) ;
#1533 = DIRECTION ( 'NONE',  ( 1.000000000000000000, -0.000000000000000000, -0.000000000000000000 ) ) ;
#1534 = CARTESIAN_POINT ( 'NONE',  ( 20.75000000000005684, -10.13108276106251182, 139.9999999999999716 ) ) ;
#1535 = CARTESIAN_POINT ( 'NONE',  ( 20.75000000000005684, -1.637578961322105897E-12, 202.4999999999984936 ) ) ;
#1536 = FACE_OUTER_BOUND ( 'NONE', #1958, .T. ) ;
#1537 = DIRECTION ( 'NONE',  ( 0.000000000000000000, 0.000000000000000000, -1.000000000000000000 ) ) ;
#1538 = ORIENTED_EDGE ( 'NONE', *, *, #1238, .T. ) ;
#1539 = VERTEX_POINT ( 'NONE', #1675 ) ;
#1540 = CARTESIAN_POINT ( 'NONE',  ( 20.75000000000005684, -1.637578961322105897E-12, 201.2499999999984936 ) ) ;
#1541 = AXIS2_PLACEMENT_3D ( 'NONE', #1534, #592, #65 ) ;
#1542 = ORIENTED_EDGE ( 'NONE', *, *, #75, .F. ) ;
#1543 = DIRECTION ( 'NONE',  ( 1.000000000000000000, 0.000000000000000000, 0.000000000000000000 ) ) ;
#1544 = APPROVAL_DATE_TIME ( #862, #520 ) ;
#1545 = FACE_OUTER_BOUND ( 'NONE', #1294, .T. ) ;
#1546 = EDGE_CURVE ( 'NONE', #162, #1009, #2025, .T. ) ;
#1547 = DIRECTION ( 'NONE',  ( 0.000000000000000000, 0.000000000000000000, -1.000000000000000000 ) ) ;
#1548 = ORIENTED_EDGE ( 'NONE', *, *, #834, .T. ) ;
#1549 = AXIS2_PLACEMENT_3D ( 'NONE', #1109, #1764, #1125 ) ;
#1550 = LINE ( 'NONE', #92, #428 ) ;
#1551 = VERTEX_POINT ( 'NONE', #898 ) ;
#1552 = DIRECTION ( 'NONE',  ( 1.000000000000000000, -0.000000000000000000, -0.000000000000000000 ) ) ;
#1553 = AXIS2_PLACEMENT_3D ( 'NONE', #357, #1666, #1686 ) ;
#1554 = CARTESIAN_POINT ( 'NONE',  ( 20.75000000000005329, 4.683753385137379155E-14, 150.9999999999999716 ) ) ;
#1555 = DIRECTION ( 'NONE',  ( 1.000000000000000000, 0.000000000000000000, 0.000000000000000000 ) ) ;
#1556 = DIRECTION ( 'NONE',  ( 1.000000000000000000, 0.000000000000000000, 0.000000000000000000 ) ) ;
#1557 = ADVANCED_FACE ( 'NONE', ( #1508, #31, #866, #42, #377, #399, #1688 ), #387, .T. ) ;
#1558 = DIRECTION ( 'NONE',  ( 1.000000000000000000, 0.000000000000000000, 0.000000000000000000 ) ) ;
#1559 = ORIENTED_EDGE ( 'NONE', *, *, #176, .F. ) ;
#1560 = AXIS2_PLACEMENT_3D ( 'NONE', #574, #1063, #1710 ) ;
#1561 = DIRECTION ( 'NONE',  ( 1.000000000000000000, -0.000000000000000000, -0.000000000000000000 ) ) ;
#1562 = VERTEX_POINT ( 'NONE', #885 ) ;
#1563 = FACE_OUTER_BOUND ( 'NONE', #1408, .T. ) ;
#1564 = DIRECTION ( 'NONE',  ( 1.000000000000000000, 0.000000000000000000, 0.000000000000000000 ) ) ;
#1565 = FACE_BOUND ( 'NONE', #980, .T. ) ;
#1566 = AXIS2_PLACEMENT_3D ( 'NONE', #1015, #1359, #1183 ) ;
#1567 = DIRECTION ( 'NONE',  ( -0.000000000000000000, -0.000000000000000000, 1.000000000000000000 ) ) ;
#1568 = ADVANCED_FACE ( 'NONE', ( #67 ), #1384, .F. ) ;
#1569 = ADVANCED_FACE ( 'NONE', ( #562 ), #1204, .F. ) ;
#1570 = EDGE_LOOP ( 'NONE', ( #165, #1668, #1600, #2084 ) ) ;
#1571 = ORIENTED_EDGE ( 'NONE', *, *, #546, .F. ) ;
#1572 = ORIENTED_EDGE ( 'NONE', *, *, #1314, .F. ) ;
#1573 = CARTESIAN_POINT ( 'NONE',  ( -6.749999999999973355, 11.69134295108993982, 4.000000000000000000 ) ) ;
#1574 = DIRECTION ( 'NONE',  ( 0.000000000000000000, 0.000000000000000000, -1.000000000000000000 ) ) ;
#1575 = LINE ( 'NONE', #106, #992 ) ;
#1576 = DIRECTION ( 'NONE',  ( 0.000000000000000000, 0.000000000000000000, 1.000000000000000000 ) ) ;
#1577 = EDGE_CURVE ( 'NONE', #329, #245, #854, .T. ) ;
#1578 = ORIENTED_EDGE ( 'NONE', *, *, #1264, .T. ) ;
#1579 = DIRECTION ( 'NONE',  ( 0.000000000000000000, 0.000000000000000000, -1.000000000000000000 ) ) ;
#1580 = CARTESIAN_POINT ( 'NONE',  ( 20.75000000000005684, -13.43502884254455054, 165.3149711574549201 ) ) ;
#1581 = CARTESIAN_POINT ( 'NONE',  ( 20.75000000000005684, -1.637425880472212598E-12, 203.7499999999984936 ) ) ;
#1582 = CIRCLE ( 'NONE', #1939, 12.50000000000001066 ) ;
#1583 = PERSON_AND_ORGANIZATION_ROLE ( 'design_owner' ) ;
#1584 = AXIS2_PLACEMENT_3D ( 'NONE', #1418, #594, #1383 ) ;
#1585 = DIRECTION ( 'NONE',  ( 0.000000000000000000, 0.000000000000000000, 1.000000000000000000 ) ) ;
#1586 = CARTESIAN_POINT ( 'NONE',  ( -5.500000000000136779, -11.69134295108984212, 0.000000000000000000 ) ) ;
#1587 = ORIENTED_EDGE ( 'NONE', *, *, #2029, .T. ) ;
#1588 = ORIENTED_EDGE ( 'NONE', *, *, #32, .T. ) ;
#1589 = ORIENTED_EDGE ( 'NONE', *, *, #1985, .F. ) ;
#1590 = CARTESIAN_POINT ( 'NONE',  ( 24.75000000000005684, -10.13108276106249761, 84.99999999999998579 ) ) ;
#1591 = ORIENTED_EDGE ( 'NONE', *, *, #2081, .F. ) ;
#1592 = EDGE_CURVE ( 'NONE', #1307, #180, #358, .T. ) ;
#1593 = CARTESIAN_POINT ( 'NONE',  ( 20.75000000000005684, -10.13108276106251182, 141.2500000000000000 ) ) ;
#1594 = CYLINDRICAL_SURFACE ( 'NONE', #654, 2.500000000000002220 ) ;
#1595 = EDGE_CURVE ( 'NONE', #1753, #162, #975, .T. ) ;
#1596 = CARTESIAN_POINT ( 'NONE',  ( 20.75000000000005684, 10.13108276106246919, 138.7499999999999716 ) ) ;
#1597 = AXIS2_PLACEMENT_3D ( 'NONE', #676, #532, #27 ) ;
#1598 = ORIENTED_EDGE ( 'NONE', *, *, #1029, .F. ) ;
#1599 = ORIENTED_EDGE ( 'NONE', *, *, #314, .F. ) ;
#1600 = ORIENTED_EDGE ( 'NONE', *, *, #1786, .T. ) ;
#1601 = DIRECTION ( 'NONE',  ( 0.000000000000000000, 0.000000000000000000, -1.000000000000000000 ) ) ;
#1602 = CIRCLE ( 'NONE', #1224, 3.999999999999996447 ) ;
#1603 = FACE_BOUND ( 'NONE', #1796, .T. ) ;
#1604 = CIRCLE ( 'NONE', #1332, 1.250000000000015099 ) ;
#1605 = EDGE_CURVE ( 'NONE', #1905, #2060, #256, .T. ) ;
#1606 = CARTESIAN_POINT ( 'NONE',  ( 24.75000000000005684, 10.13108276106246919, 84.99999999999998579 ) ) ;
#1607 = ORIENTED_EDGE ( 'NONE', *, *, #1355, .T. ) ;
#1608 = EDGE_LOOP ( 'NONE', ( #1854, #1904, #1607, #1873 ) ) ;
#1609 = CARTESIAN_POINT ( 'NONE',  ( 20.75000000000005684, 10.13108276106246919, 139.9999999999999716 ) ) ;
#1610 = EDGE_LOOP ( 'NONE', ( #214, #402 ) ) ;
#1611 = DIRECTION ( 'NONE',  ( 1.000000000000000000, -0.000000000000000000, -0.000000000000000000 ) ) ;
#1612 = CIRCLE ( 'NONE', #1235, 1.250000000000001110 ) ;
#1613 = DIRECTION ( 'NONE',  ( -0.000000000000000000, -0.000000000000000000, 1.000000000000000000 ) ) ;
#1614 = APPROVAL_STATUS ( 'not_yet_approved' ) ;
#1615 = EDGE_CURVE ( 'NONE', #245, #281, #1687, .T. ) ;
#1616 = CIRCLE ( 'NONE', #1478, 7.500000000000000000 ) ;
#1617 = CARTESIAN_POINT ( 'NONE',  ( 6.749999999999891642, -11.69134295108997890, 4.000000000000000000 ) ) ;
#1618 = ORIENTED_EDGE ( 'NONE', *, *, #1440, .T. ) ;
#1619 = ORIENTED_EDGE ( 'NONE', *, *, #2074, .T. ) ;
#1620 = ORIENTED_EDGE ( 'NONE', *, *, #576, .F. ) ;
#1621 = DIRECTION ( 'NONE',  ( 0.000000000000000000, 0.000000000000000000, -1.000000000000000000 ) ) ;
#1622 = CARTESIAN_POINT ( 'NONE',  ( 24.75000000000005684, -3.999999999999953371, 150.9999999999999716 ) ) ;
#1623 = AXIS2_PLACEMENT_3D ( 'NONE', #204, #363, #49 ) ;
#1624 = AXIS2_PLACEMENT_3D ( 'NONE', #1950, #986, #1634 ) ;
#1625 = LINE ( 'NONE', #1466, #1305 ) ;
#1626 = CIRCLE ( 'NONE', #883, 1.249999999999999334 ) ;
#1627 = ORIENTED_EDGE ( 'NONE', *, *, #1739, .T. ) ;
#1628 = ORIENTED_EDGE ( 'NONE', *, *, #126, .T. ) ;
#1629 = VERTEX_POINT ( 'NONE', #185 ) ;
#1630 = EDGE_CURVE ( 'NONE', #1423, #1107, #175, .T. ) ;
#1631 = ORIENTED_EDGE ( 'NONE', *, *, #1014, .F. ) ;
#1632 = DIRECTION ( 'NONE',  ( 1.000000000000000000, 0.000000000000000000, 0.000000000000000000 ) ) ;
#1633 = CYLINDRICAL_SURFACE ( 'NONE', #861, 2.499999999999998668 ) ;
#1634 = DIRECTION ( 'NONE',  ( 0.000000000000000000, 0.000000000000000000, -1.000000000000000000 ) ) ;
#1635 = FACE_OUTER_BOUND ( 'NONE', #1640, .T. ) ;
#1636 = FACE_OUTER_BOUND ( 'NONE', #1289, .T. ) ;
#1637 = AXIS2_PLACEMENT_3D ( 'NONE', #1858, #1406, #229 ) ;
#1638 = ORIENTED_EDGE ( 'NONE', *, *, #743, .T. ) ;
#1639 = CARTESIAN_POINT ( 'NONE',  ( 20.75000000000005684, -10.13108276106248340, 29.99999999999999645 ) ) ;
#1640 = EDGE_LOOP ( 'NONE', ( #585, #4, #886, #943 ) ) ;
#1641 = EDGE_CURVE ( 'NONE', #588, #2056, #1516, .T. ) ;
#1642 = CARTESIAN_POINT ( 'NONE',  ( 0.000000000000000000, -14.13108276106246919, 153.8388248315429792 ) ) ;
#1643 = LINE ( 'NONE', #331, #1774 ) ;
#1644 = CARTESIAN_POINT ( 'NONE',  ( -7.999999999999972466, 11.69134295108993982, 0.000000000000000000 ) ) ;
#1645 = CARTESIAN_POINT ( 'NONE',  ( 5.499999999999893419, -11.69134295108997890, 4.000000000000000000 ) ) ;
#1646 = AXIS2_PLACEMENT_3D ( 'NONE', #240, #936, #1579 ) ;
#1647 = VECTOR ( 'NONE', #1926, 1000.000000000000000 ) ;
#1648 = VERTEX_POINT ( 'NONE', #1157 ) ;
#1649 = AXIS2_PLACEMENT_3D ( 'NONE', #1429, #1585, #1407 ) ;
#1650 = DIRECTION ( 'NONE',  ( 1.000000000000000000, 0.000000000000000000, 0.000000000000000000 ) ) ;
#1651 = ORIENTED_EDGE ( 'NONE', *, *, #590, .F. ) ;
#1652 = LINE ( 'NONE', #710, #125 ) ;
#1653 = EDGE_CURVE ( 'NONE', #2018, #45, #2023, .T. ) ;
#1654 = DATE_TIME_ROLE ( 'creation_date' ) ;
#1655 = CARTESIAN_POINT ( 'NONE',  ( 20.75000000000005684, -10.13108276106249761, 84.99999999999998579 ) ) ;
#1656 = CIRCLE ( 'NONE', #1285, 1.250000000000011546 ) ;
#1657 = EDGE_CURVE ( 'NONE', #1677, #2027, #1682, .T. ) ;
#1658 = DIRECTION ( 'NONE',  ( 1.000000000000000000, 0.000000000000000000, 0.000000000000000000 ) ) ;
#1659 = EDGE_CURVE ( 'NONE', #310, #2031, #212, .T. ) ;
#1660 = EDGE_LOOP ( 'NONE', ( #2041, #2090 ) ) ;
#1661 = DIRECTION ( 'NONE',  ( 1.000000000000000000, 0.000000000000000000, 0.000000000000000000 ) ) ;
#1662 = ORIENTED_EDGE ( 'NONE', *, *, #2074, .F. ) ;
#1663 = CARTESIAN_POINT ( 'NONE',  ( 8.000000000000055067, 11.69134295108989363, 4.000000000000000000 ) ) ;
#1664 = DIRECTION ( 'NONE',  ( 0.000000000000000000, 0.000000000000000000, 1.000000000000000000 ) ) ;
#1665 = EDGE_CURVE ( 'NONE', #1914, #269, #36, .T. ) ;
#1666 = DIRECTION ( 'NONE',  ( 1.000000000000000000, -0.000000000000000000, -0.000000000000000000 ) ) ;
#1667 = EDGE_CURVE ( 'NONE', #310, #1851, #422, .T. ) ;
#1668 = ORIENTED_EDGE ( 'NONE', *, *, #614, .F. ) ;
#1669 = CYLINDRICAL_SURFACE ( 'NONE', #1964, 1.250000000000011546 ) ;
#1670 = UNCERTAINTY_MEASURE_WITH_UNIT (LENGTH_MEASURE( 1.000000000000000082E-05 ), #1160, 'distance_accuracy_value', 'NONE');
#1671 = ORIENTED_EDGE ( 'NONE', *, *, #1461, .T. ) ;
#1672 = DIRECTION ( 'NONE',  ( -0.000000000000000000, -0.000000000000000000, 1.000000000000000000 ) ) ;
#1673 = DIRECTION ( 'NONE',  ( 1.000000000000000000, -0.000000000000000000, -0.000000000000000000 ) ) ;
#1674 = FACE_BOUND ( 'NONE', #918, .T. ) ;
#1675 = CARTESIAN_POINT ( 'NONE',  ( 20.75000000000005684, -10.13108276106249761, 83.74999999999997158 ) ) ;
#1676 = EDGE_CURVE ( 'NONE', #1976, #672, #700, .T. ) ;
#1677 = VERTEX_POINT ( 'NONE', #1792 ) ;
#1678 = DIRECTION ( 'NONE',  ( -0.000000000000000000, -0.000000000000000000, -1.000000000000000000 ) ) ;
#1679 = VECTOR ( 'NONE', #1298, 1000.000000000000000 ) ;
#1680 = AXIS2_PLACEMENT_3D ( 'NONE', #1931, #987, #475 ) ;
#1681 = CARTESIAN_POINT ( 'NONE',  ( 20.75000000000005684, -10.13108276106248340, 29.99999999999999645 ) ) ;
#1682 = LINE ( 'NONE', #1032, #1949 ) ;
#1683 = ORIENTED_EDGE ( 'NONE', *, *, #2011, .F. ) ;
#1684 = CYLINDRICAL_SURFACE ( 'NONE', #895, 1.250000000000001110 ) ;
#1685 = DIRECTION ( 'NONE',  ( 1.000000000000000000, 0.000000000000000000, 0.000000000000000000 ) ) ;
#1686 = DIRECTION ( 'NONE',  ( 0.000000000000000000, 0.000000000000000000, -1.000000000000000000 ) ) ;
#1687 = CIRCLE ( 'NONE', #570, 1.250000000000001110 ) ;
#1688 = FACE_BOUND ( 'NONE', #847, .T. ) ;
#1689 = ORIENTED_EDGE ( 'NONE', *, *, #1223, .F. ) ;
#1690 = VERTEX_POINT ( 'NONE', #332 ) ;
#1691 = EDGE_CURVE ( 'NONE', #337, #70, #1752, .T. ) ;
#1692 = CARTESIAN_POINT ( 'NONE',  ( 24.75000000000005684, 10.13108276106246919, 28.74999999999998579 ) ) ;
#1693 = VERTEX_POINT ( 'NONE', #1054 ) ;
#1694 = CARTESIAN_POINT ( 'NONE',  ( 20.75000000000005684, 13.43502884254429297, 166.5649711574555170 ) ) ;
#1695 = AXIS2_PLACEMENT_3D ( 'NONE', #1322, #1041, #848 ) ;
#1696 = DIRECTION ( 'NONE',  ( 1.000000000000000000, 0.000000000000000000, 0.000000000000000000 ) ) ;
#1697 = CARTESIAN_POINT ( 'NONE',  ( 20.75000000000005684, -10.13108276106248340, 28.74999999999998224 ) ) ;
#1698 = LINE ( 'NONE', #1709, #1718 ) ;
#1699 = ORIENTED_EDGE ( 'NONE', *, *, #1397, .F. ) ;
#1700 = FACE_OUTER_BOUND ( 'NONE', #120, .T. ) ;
#1701 = CIRCLE ( 'NONE', #302, 1.250000000000015099 ) ;
#1702 = CARTESIAN_POINT ( 'NONE',  ( 20.75000000000005684, -2.477484756643993492E-14, 180.0000000000000000 ) ) ;
#1703 = AXIS2_PLACEMENT_3D ( 'NONE', #1835, #1393, #1367 ) ;
#1704 = ORIENTED_EDGE ( 'NONE', *, *, #1869, .T. ) ;
#1705 = CARTESIAN_POINT ( 'NONE',  ( -7.999999999999972466, 11.69134295108993982, 0.000000000000000000 ) ) ;
#1706 = ADVANCED_FACE ( 'NONE', ( #903 ), #141, .F. ) ;
#1707 = DIRECTION ( 'NONE',  ( 1.000000000000000000, 0.000000000000000000, -0.000000000000000000 ) ) ;
#1708 = DIRECTION ( 'NONE',  ( 0.000000000000000000, 0.000000000000000000, -1.000000000000000000 ) ) ;
#1709 = CARTESIAN_POINT ( 'NONE',  ( 20.75000000000005684, 22.49999999999997513, 181.2500000000000000 ) ) ;
#1710 = DIRECTION ( 'NONE',  ( 0.000000000000000000, 0.000000000000000000, -1.000000000000000000 ) ) ;
#1711 = ORIENTED_EDGE ( 'NONE', *, *, #766, .F. ) ;
#1712 = ORIENTED_EDGE ( 'NONE', *, *, #1461, .F. ) ;
#1713 = VECTOR ( 'NONE', #1261, 1000.000000000000000 ) ;
#1714 = DIRECTION ( 'NONE',  ( 0.000000000000000000, 0.000000000000000000, -1.000000000000000000 ) ) ;
#1715 = EDGE_LOOP ( 'NONE', ( #1027, #663, #2049, #774, #1620, #130 ) ) ;
#1716 = AXIS2_PLACEMENT_3D ( 'NONE', #970, #637, #1621 ) ;
#1717 = DIRECTION ( 'NONE',  ( 0.000000000000000000, 0.000000000000000000, -1.000000000000000000 ) ) ;
#1718 = VECTOR ( 'NONE', #613, 1000.000000000000000 ) ;
#1719 = CARTESIAN_POINT ( 'NONE',  ( -6.750000000000135891, -11.69134295108984212, 0.000000000000000000 ) ) ;
#1720 = DIRECTION ( 'NONE',  ( 1.000000000000000000, 0.000000000000000000, 0.000000000000000000 ) ) ;
#1721 = COORDINATED_UNIVERSAL_TIME_OFFSET ( 8, 0, .AHEAD. ) ;
#1722 = CYLINDRICAL_SURFACE ( 'NONE', #1747, 7.500000000000000000 ) ;
#1723 = EDGE_CURVE ( 'NONE', #1107, #56, #1110, .T. ) ;
#1724 = CC_DESIGN_APPROVAL ( #355, ( #2054 ) ) ;
#1725 = VECTOR ( 'NONE', #534, 1000.000000000000000 ) ;
#1726 = VERTEX_POINT ( 'NONE', #950 ) ;
#1727 = DIRECTION ( 'NONE',  ( 1.000000000000000000, 0.000000000000000000, 0.000000000000000000 ) ) ;
#1728 = CARTESIAN_POINT ( 'NONE',  ( 6.750000000000054179, 11.69134295108989363, 4.000000000000000000 ) ) ;
#1729 = DIRECTION ( 'NONE',  ( 1.000000000000000000, -0.000000000000000000, -0.000000000000000000 ) ) ;
#1730 = AXIS2_PLACEMENT_3D ( 'NONE', #1504, #348, #1344 ) ;
#1731 = CARTESIAN_POINT ( 'NONE',  ( 22.03249845798296036, -16.63108276106246919, 0.000000000000000000 ) ) ;
#1732 = EDGE_CURVE ( 'NONE', #316, #633, #274, .T. ) ;
#1733 = VERTEX_POINT ( 'NONE', #615 ) ;
#1734 = VERTEX_POINT ( 'NONE', #128 ) ;
#1735 = DIRECTION ( 'NONE',  ( 1.000000000000000000, 0.000000000000000000, 0.000000000000000000 ) ) ;
#1736 = DIRECTION ( 'NONE',  ( 1.000000000000000000, -0.000000000000000000, -0.000000000000000000 ) ) ;
#1737 = DIRECTION ( 'NONE',  ( 0.000000000000000000, 0.000000000000000000, -1.000000000000000000 ) ) ;
#1738 = DIRECTION ( 'NONE',  ( 0.000000000000000000, 0.000000000000000000, 1.000000000000000000 ) ) ;
#1739 = EDGE_CURVE ( 'NONE', #1648, #967, #608, .T. ) ;
#1740 = DIRECTION ( 'NONE',  ( 0.000000000000000000, 0.000000000000000000, -1.000000000000000000 ) ) ;
#1741 = ORIENTED_EDGE ( 'NONE', *, *, #834, .F. ) ;
#1742 = DIRECTION ( 'NONE',  ( 0.000000000000000000, 0.000000000000000000, -1.000000000000000000 ) ) ;
#1743 = CARTESIAN_POINT ( 'NONE',  ( 0.000000000000000000, 0.000000000000000000, 4.000000000000000000 ) ) ;
#1744 = ORIENTED_EDGE ( 'NONE', *, *, #1496, .T. ) ;
#1745 = AXIS2_PLACEMENT_3D ( 'NONE', #569, #736, #1392 ) ;
#1746 = FACE_BOUND ( 'NONE', #142, .T. ) ;
#1747 = AXIS2_PLACEMENT_3D ( 'NONE', #2036, #386, #750 ) ;
#1748 = DIRECTION ( 'NONE',  ( 0.000000000000000000, 0.000000000000000000, -1.000000000000000000 ) ) ;
#1749 = VERTEX_POINT ( 'NONE', #1098 ) ;
#1750 = SECURITY_CLASSIFICATION ( '', '', #352 ) ;
#1751 = DIRECTION ( 'NONE',  ( 1.000000000000000000, -0.000000000000000000, -0.000000000000000000 ) ) ;
#1752 = CIRCLE ( 'NONE', #1247, 1.250000000000001110 ) ;
#1753 = VERTEX_POINT ( 'NONE', #103 ) ;
#1754 = ADVANCED_FACE ( 'NONE', ( #268 ), #763, .F. ) ;
#1755 = CARTESIAN_POINT ( 'NONE',  ( 20.75000000000005684, 13.43502884254377250, 193.4350288425441988 ) ) ;
#1756 = FACE_BOUND ( 'NONE', #1211, .T. ) ;
#1757 = ORIENTED_EDGE ( 'NONE', *, *, #1786, .F. ) ;
#1758 = ORIENTED_EDGE ( 'NONE', *, *, #1653, .F. ) ;
#1759 = VERTEX_POINT ( 'NONE', #2059 ) ;
#1760 = CYLINDRICAL_SURFACE ( 'NONE', #799, 1.250000000000001110 ) ;
#1761 = VERTEX_POINT ( 'NONE', #1051 ) ;
#1762 = DIRECTION ( 'NONE',  ( 0.000000000000000000, 0.000000000000000000, -1.000000000000000000 ) ) ;
#1763 = AXIS2_PLACEMENT_3D ( 'NONE', #1175, #1331, #518 ) ;
#1764 = DIRECTION ( 'NONE',  ( 1.000000000000000000, 0.000000000000000000, 0.000000000000000000 ) ) ;
#1765 = EDGE_CURVE ( 'NONE', #672, #1111, #923, .T. ) ;
#1766 = EDGE_CURVE ( 'NONE', #960, #1087, #1409, .T. ) ;
#1767 = DIRECTION ( 'NONE',  ( 0.000000000000000000, 0.000000000000000000, -1.000000000000000000 ) ) ;
#1768 = ORIENTED_EDGE ( 'NONE', *, *, #224, .F. ) ;
#1769 = ORIENTED_EDGE ( 'NONE', *, *, #754, .F. ) ;
#1770 = ORIENTED_EDGE ( 'NONE', *, *, #1592, .F. ) ;
#1771 = LINE ( 'NONE', #115, #1866 ) ;
#1772 = FACE_BOUND ( 'NONE', #1420, .T. ) ;
#1773 = LINE ( 'NONE', #1596, #1343 ) ;
#1774 = VECTOR ( 'NONE', #647, 1000.000000000000000 ) ;
#1775 = EDGE_CURVE ( 'NONE', #1761, #718, #260, .T. ) ;
#1776 = ORIENTED_EDGE ( 'NONE', *, *, #279, .F. ) ;
#1777 = VERTEX_POINT ( 'NONE', #734 ) ;
#1778 = EDGE_LOOP ( 'NONE', ( #235, #1572, #563, #719 ) ) ;
#1779 = VERTEX_POINT ( 'NONE', #1540 ) ;
#1780 = AXIS2_PLACEMENT_3D ( 'NONE', #195, #1685, #205 ) ;
#1781 = CARTESIAN_POINT ( 'NONE',  ( 20.75000000000005684, 10.13108276106246919, 141.2500000000000000 ) ) ;
#1782 = CARTESIAN_POINT ( 'NONE',  ( 20.75000000000005684, -2.477484756643993492E-14, 180.0000000000000000 ) ) ;
#1783 = AXIS2_PLACEMENT_3D ( 'NONE', #641, #467, #1767 ) ;
#1784 = CYLINDRICAL_SURFACE ( 'NONE', #1624, 1.250000000000001110 ) ;
#1785 = VECTOR ( 'NONE', #771, 1000.000000000000000 ) ;
#1786 = EDGE_CURVE ( 'NONE', #1551, #1374, #1550, .T. ) ;
#1787 = ORIENTED_EDGE ( 'NONE', *, *, #188, .F. ) ;
#1788 = ORIENTED_EDGE ( 'NONE', *, *, #487, .T. ) ;
#1789 = ORIENTED_EDGE ( 'NONE', *, *, #1615, .F. ) ;
#1790 = CYLINDRICAL_SURFACE ( 'NONE', #699, 12.50000000000001066 ) ;
#1791 = CARTESIAN_POINT ( 'NONE',  ( 24.75000000000005684, -13.43502884254455054, 166.5649711574549201 ) ) ;
#1792 = CARTESIAN_POINT ( 'NONE',  ( 20.75000000000005684, -2.324403906750574557E-14, 192.5000000000000000 ) ) ;
#1793 = LINE ( 'NONE', #160, #798 ) ;
#1794 = DIRECTION ( 'NONE',  ( 1.000000000000000000, 0.000000000000000000, 0.000000000000000000 ) ) ;
#1795 = AXIS2_PLACEMENT_3D ( 'NONE', #2008, #1241, #556 ) ;
#1796 = EDGE_LOOP ( 'NONE', ( #712, #1787 ) ) ;
#1797 = DIRECTION ( 'NONE',  ( 1.000000000000000000, 0.000000000000000000, 0.000000000000000000 ) ) ;
#1798 = EDGE_CURVE ( 'NONE', #289, #588, #1626, .T. ) ;
#1799 = ORIENTED_EDGE ( 'NONE', *, *, #1869, .F. ) ;
#1800 = EDGE_CURVE ( 'NONE', #672, #492, #2064, .T. ) ;
#1801 = CARTESIAN_POINT ( 'NONE',  ( 20.75000000000005684, -3.999999999999951594, 154.9999999999999716 ) ) ;
#1802 = APPROVAL ( #1230, 'æœª' ) ;
#1803 = DATE_AND_TIME ( #1158, #869 ) ;
#1804 = LINE ( 'NONE', #237, #2016 ) ;
#1805 = LINE ( 'NONE', #514, #1840 ) ;
#1806 = DIRECTION ( 'NONE',  ( 0.000000000000000000, 0.000000000000000000, 1.000000000000000000 ) ) ;
#1807 = VECTOR ( 'NONE', #758, 1000.000000000000000 ) ;
#1808 = CIRCLE ( 'NONE', #1001, 1.250000000000001110 ) ;
#1809 = ORIENTED_EDGE ( 'NONE', *, *, #2011, .T. ) ;
#1810 = AXIS2_PLACEMENT_3D ( 'NONE', #884, #853, #690 ) ;
#1811 = EDGE_LOOP ( 'NONE', ( #1587, #682 ) ) ;
#1812 = VERTEX_POINT ( 'NONE', #902 ) ;
#1813 = DIRECTION ( 'NONE',  ( 0.000000000000000000, 1.000000000000000000, 0.000000000000000000 ) ) ;
#1814 = DIRECTION ( 'NONE',  ( 1.000000000000000000, 0.000000000000000000, 0.000000000000000000 ) ) ;
#1815 = DIRECTION ( 'NONE',  ( 1.000000000000000000, 0.000000000000000000, 0.000000000000000000 ) ) ;
#1816 = EDGE_CURVE ( 'NONE', #625, #900, #1891, .T. ) ;
#1817 = AXIS2_PLACEMENT_3D ( 'NONE', #1046, #2012, #1373 ) ;
#1818 = DIRECTION ( 'NONE',  ( 1.000000000000000000, 0.000000000000000000, 0.000000000000000000 ) ) ;
#1819 = CYLINDRICAL_SURFACE ( 'NONE', #1553, 1.250000000000001110 ) ;
#1820 = ORIENTED_EDGE ( 'NONE', *, *, #210, .T. ) ;
#1821 = CARTESIAN_POINT ( 'NONE',  ( 24.75000000000005684, -13.43502884254503194, 193.4350288425436872 ) ) ;
#1822 = AXIS2_PLACEMENT_3D ( 'NONE', #1848, #2009, #1828 ) ;
#1823 = ORIENTED_EDGE ( 'NONE', *, *, #1665, .T. ) ;
#1824 = DIRECTION ( 'NONE',  ( -1.000000000000000000, -0.000000000000000000, -0.000000000000000000 ) ) ;
#1825 = DIRECTION ( 'NONE',  ( -0.000000000000000000, -0.000000000000000000, 1.000000000000000000 ) ) ;
#1826 = FACE_BOUND ( 'NONE', #773, .T. ) ;
#1827 = EDGE_CURVE ( 'NONE', #1734, #1955, #1253, .T. ) ;
#1828 = DIRECTION ( 'NONE',  ( 1.000000000000000000, 0.000000000000000000, 0.000000000000000000 ) ) ;
#1829 = CARTESIAN_POINT ( 'NONE',  ( 6.750000000000054179, 11.69134295108989363, 0.000000000000000000 ) ) ;
#1830 = CYLINDRICAL_SURFACE ( 'NONE', #1522, 1.250000000000001110 ) ;
#1831 = ORIENTED_EDGE ( 'NONE', *, *, #1192, .F. ) ;
#1832 = CARTESIAN_POINT ( 'NONE',  ( -13.50000000000000000, 0.000000000000000000, 4.000000000000000000 ) ) ;
#1833 = FACE_OUTER_BOUND ( 'NONE', #1121, .T. ) ;
#1834 = DIRECTION ( 'NONE',  ( 1.000000000000000000, -0.000000000000000000, -0.000000000000000000 ) ) ;
#1835 = CARTESIAN_POINT ( 'NONE',  ( 24.75000000000005684, 13.43502884254429297, 166.5649711574555170 ) ) ;
#1836 = DIRECTION ( 'NONE',  ( 1.000000000000000000, 0.000000000000000000, -0.000000000000000000 ) ) ;
#1837 = CARTESIAN_POINT ( 'NONE',  ( -7.500000000000000000, 9.184850993605147944E-16, 0.000000000000000000 ) ) ;
#1838 = ORIENTED_EDGE ( 'NONE', *, *, #1397, .T. ) ;
#1839 = EDGE_CURVE ( 'NONE', #144, #1198, #35, .T. ) ;
#1840 = VECTOR ( 'NONE', #1023, 1000.000000000000000 ) ;
#1841 = CIRCLE ( 'NONE', #942, 1.250000000000001110 ) ;
#1842 = ORIENTED_EDGE ( 'NONE', *, *, #138, .F. ) ;
#1843 = FACE_OUTER_BOUND ( 'NONE', #153, .T. ) ;
#1844 = CARTESIAN_POINT ( 'NONE',  ( -8.000000000000135003, -11.69134295108984212, 0.000000000000000000 ) ) ;
#1845 = ORIENTED_EDGE ( 'NONE', *, *, #1927, .F. ) ;
#1846 = CARTESIAN_POINT ( 'NONE',  ( 20.75000000000005684, -13.43502884254503194, 193.4350288425436872 ) ) ;
#1847 = CARTESIAN_POINT ( 'NONE',  ( 24.75000000000005684, 14.13108276106247452, 0.000000000000000000 ) ) ;
#1848 = CARTESIAN_POINT ( 'NONE',  ( -6.750000000000135891, -11.69134295108984212, 4.000000000000000000 ) ) ;
#1849 = AXIS2_PLACEMENT_3D ( 'NONE', #366, #1172, #1024 ) ;
#1850 = DIRECTION ( 'NONE',  ( 0.000000000000000000, 0.000000000000000000, 1.000000000000000000 ) ) ;
#1851 = VERTEX_POINT ( 'NONE', #698 ) ;
#1852 = EDGE_CURVE ( 'NONE', #503, #298, #1011, .T. ) ;
#1853 = DIRECTION ( 'NONE',  ( 0.000000000000000000, 0.000000000000000000, 1.000000000000000000 ) ) ;
#1854 = ORIENTED_EDGE ( 'NONE', *, *, #957, .F. ) ;
#1855 = CARTESIAN_POINT ( 'NONE',  ( 24.75000000000005684, -1.637425880472212598E-12, 203.7499999999984936 ) ) ;
#1856 = AXIS2_PLACEMENT_3D ( 'NONE', #1743, #250, #280 ) ;
#1857 = CARTESIAN_POINT ( 'NONE',  ( 20.75000000000005684, 10.13108276106246919, 84.99999999999998579 ) ) ;
#1858 = CARTESIAN_POINT ( 'NONE',  ( 0.000000000000000000, 0.000000000000000000, 0.000000000000000000 ) ) ;
#1859 = CYLINDRICAL_SURFACE ( 'NONE', #178, 12.50000000000001066 ) ;
#1860 = ORIENTED_EDGE ( 'NONE', *, *, #1025, .T. ) ;
#1861 = CIRCLE ( 'NONE', #2038, 1.250000000000001110 ) ;
#1862 = ORIENTED_EDGE ( 'NONE', *, *, #1057, .T. ) ;
#1863 = EDGE_LOOP ( 'NONE', ( #1712, #539, #530, #437 ) ) ;
#1864 = EDGE_CURVE ( 'NONE', #1433, #1761, #1142, .T. ) ;
#1865 = CARTESIAN_POINT ( 'NONE',  ( 5.500000000000053291, 11.69134295108989363, 0.000000000000000000 ) ) ;
#1866 = VECTOR ( 'NONE', #767, 1000.000000000000000 ) ;
#1867 = ORIENTED_EDGE ( 'NONE', *, *, #1657, .F. ) ;
#1868 = DIRECTION ( 'NONE',  ( 0.000000000000000000, 0.000000000000000000, 1.000000000000000000 ) ) ;
#1869 = EDGE_CURVE ( 'NONE', #635, #1433, #1652, .T. ) ;
#1870 = CYLINDRICAL_SURFACE ( 'NONE', #850, 1.249999999999999334 ) ;
#1871 = LINE ( 'NONE', #1697, #1364 ) ;
#1872 = DIRECTION ( 'NONE',  ( 1.000000000000000000, 0.000000000000000000, 0.000000000000000000 ) ) ;
#1873 = ORIENTED_EDGE ( 'NONE', *, *, #1290, .T. ) ;
#1874 = AXIS2_PLACEMENT_3D ( 'NONE', #673, #1162, #346 ) ;
#1875 = VERTEX_POINT ( 'NONE', #1177 ) ;
#1876 = EDGE_LOOP ( 'NONE', ( #172, #1934, #1514, #981 ) ) ;
#1877 = CARTESIAN_POINT ( 'NONE',  ( 20.75000000000005684, -13.43502884254455054, 165.3149711574549201 ) ) ;
#1878 = CIRCLE ( 'NONE', #911, 2.499999999999998668 ) ;
#1879 = CARTESIAN_POINT ( 'NONE',  ( 20.75000000000005684, -2.477484756643993492E-14, 180.0000000000000000 ) ) ;
#1880 = FACE_BOUND ( 'NONE', #1610, .T. ) ;
#1881 = EDGE_CURVE ( 'NONE', #1000, #1976, #500, .T. ) ;
#1882 = FACE_OUTER_BOUND ( 'NONE', #1411, .T. ) ;
#1883 = CIRCLE ( 'NONE', #1038, 1.250000000000001110 ) ;
#1884 = EDGE_LOOP ( 'NONE', ( #650, #1459 ) ) ;
#1885 = ORIENTED_EDGE ( 'NONE', *, *, #77, .T. ) ;
#1886 = CIRCLE ( 'NONE', #875, 1.250000000000001110 ) ;
#1887 = ORIENTED_EDGE ( 'NONE', *, *, #1252, .F. ) ;
#1888 = DIRECTION ( 'NONE',  ( 0.000000000000000000, 0.000000000000000000, -1.000000000000000000 ) ) ;
#1889 = CYLINDRICAL_SURFACE ( 'NONE', #1716, 1.250000000000001110 ) ;
#1890 = FACE_OUTER_BOUND ( 'NONE', #1149, .T. ) ;
#1891 = CIRCLE ( 'NONE', #983, 1.249999999999999334 ) ;
#1892 = ADVANCED_FACE ( 'NONE', ( #226 ), #1010, .F. ) ;
#1893 = DIRECTION ( 'NONE',  ( 1.000000000000000000, 0.000000000000000000, 0.000000000000000000 ) ) ;
#1894 = ORIENTED_EDGE ( 'NONE', *, *, #1114, .T. ) ;
#1895 = CARTESIAN_POINT ( 'NONE',  ( 20.75000000000005684, 13.43502884254377250, 194.6850288425441988 ) ) ;
#1896 = DIRECTION ( 'NONE',  ( -1.000000000000000000, 0.000000000000000000, 0.000000000000000000 ) ) ;
#1897 = ORIENTED_EDGE ( 'NONE', *, *, #907, .F. ) ;
#1898 = CARTESIAN_POINT ( 'NONE',  ( 5.499999999999893419, -11.69134295108997890, 0.000000000000000000 ) ) ;
#1899 = CARTESIAN_POINT ( 'NONE',  ( 20.75000000000005684, 13.43502884254377250, 192.1850288425441988 ) ) ;
#1900 = VECTOR ( 'NONE', #1405, 1000.000000000000000 ) ;
#1901 = CARTESIAN_POINT ( 'NONE',  ( 24.75000000000005684, 0.000000000000000000, 0.000000000000000000 ) ) ;
#1902 = ADVANCED_FACE ( 'NONE', ( #1002 ), #1363, .F. ) ;
#1903 = VERTEX_POINT ( 'NONE', #1492 ) ;
#1904 = ORIENTED_EDGE ( 'NONE', *, *, #8, .F. ) ;
#1905 = VERTEX_POINT ( 'NONE', #1981 ) ;
#1906 = EDGE_LOOP ( 'NONE', ( #132, #191, #1340, #1757 ) ) ;
#1907 = AXIS2_PLACEMENT_3D ( 'NONE', #1284, #776, #1455 ) ;
#1908 = CARTESIAN_POINT ( 'NONE',  ( 24.75000000000005684, -2.477484756643993492E-14, 180.0000000000000000 ) ) ;
#1909 = CARTESIAN_POINT ( 'NONE',  ( 20.75000000000005684, -8.673617379884035472E-16, 14.99999999999996447 ) ) ;
#1910 = AXIS2_PLACEMENT_3D ( 'NONE', #1936, #1463, #655 ) ;
#1911 = AXIS2_PLACEMENT_3D ( 'NONE', #86, #1262, #230 ) ;
#1912 = CARTESIAN_POINT ( 'NONE',  ( 20.75000000000005329, -8.673617379884035472E-16, 18.99999999999996092 ) ) ;
#1913 = EDGE_LOOP ( 'NONE', ( #1842, #979 ) ) ;
#1914 = VERTEX_POINT ( 'NONE', #1844 ) ;
#1915 = ORIENTED_EDGE ( 'NONE', *, *, #1472, .F. ) ;
#1916 = AXIS2_PLACEMENT_3D ( 'NONE', #730, #1850, #220 ) ;
#1917 = EDGE_CURVE ( 'NONE', #1914, #316, #324, .T. ) ;
#1918 = ORIENTED_EDGE ( 'NONE', *, *, #77, .F. ) ;
#1919 = DIRECTION ( 'NONE',  ( 1.000000000000000000, 0.000000000000000000, -0.000000000000000000 ) ) ;
#1920 = CARTESIAN_POINT ( 'NONE',  ( 24.75000000000005684, -13.43502884254455054, 167.8149711574549201 ) ) ;
#1921 = PRODUCT_DEFINITION_SHAPE ( 'NONE', 'NONE',  #1118 ) ;
#1922 = DIRECTION ( 'NONE',  ( 0.000000000000000000, 3.655310181522557947E-16, 1.000000000000000000 ) ) ;
#1923 = ORIENTED_EDGE ( 'NONE', *, *, #1765, .F. ) ;
#1924 = ORIENTED_EDGE ( 'NONE', *, *, #1016, .F. ) ;
#1925 = ORIENTED_EDGE ( 'NONE', *, *, #1511, .T. ) ;
#1926 = DIRECTION ( 'NONE',  ( 1.000000000000000000, 0.000000000000000000, 0.000000000000000000 ) ) ;
#1927 = EDGE_CURVE ( 'NONE', #426, #837, #159, .T. ) ;
#1928 = CLOSED_SHELL ( 'NONE', ( #46, #1957, #197, #1369, #1569, #76, #164, #964, #1292, #947, #752, #1052, #1127, #1182, #1568, #1706, #88, #873, #139, #813, #1049, #1902, #1464, #1557, #674, #338, #2088, #100, #1892, #243, #671, #1152, #1940, #393, #1208, #561, #696, #991, #292, #290, #1106, #892, #1093, #1971, #1494, #407, #1513, #1428, #1754, #804, #201, #1441, #924, #424, #788, #1137, #502 ) ) ;
#1929 = DIRECTION ( 'NONE',  ( 1.000000000000000000, 0.000000000000000000, 0.000000000000000000 ) ) ;
#1930 = EDGE_CURVE ( 'NONE', #1749, #1123, #222, .T. ) ;
#1931 = CARTESIAN_POINT ( 'NONE',  ( 20.75000000000005684, -13.43502884254503194, 193.4350288425436872 ) ) ;
#1932 = EDGE_LOOP ( 'NONE', ( #802, #2037, #2085, #1799 ) ) ;
#1933 = ORIENTED_EDGE ( 'NONE', *, *, #1223, .T. ) ;
#1934 = ORIENTED_EDGE ( 'NONE', *, *, #959, .T. ) ;
#1935 = ORIENTED_EDGE ( 'NONE', *, *, #328, .F. ) ;
#1936 = CARTESIAN_POINT ( 'NONE',  ( 20.75000000000005684, -22.50000000000002487, 179.9999999999967599 ) ) ;
#1937 = CIRCLE ( 'NONE', #309, 1.249999999999999334 ) ;
#1938 = CARTESIAN_POINT ( 'NONE',  ( 20.75000000000005684, -15.28986640936388142, 155.9485970225475739 ) ) ;
#1939 = AXIS2_PLACEMENT_3D ( 'NONE', #187, #39, #831 ) ;
#1940 = ADVANCED_FACE ( 'NONE', ( #541 ), #522, .T. ) ;
#1941 = AXIS2_PLACEMENT_3D ( 'NONE', #1231, #1071, #1547 ) ;
#1942 = ORIENTED_EDGE ( 'NONE', *, *, #1473, .T. ) ;
#1943 = LINE ( 'NONE', #1150, #131 ) ;
#1944 = VERTEX_POINT ( 'NONE', #1663 ) ;
#1945 = EDGE_LOOP ( 'NONE', ( #1758, #675, #468, #1571 ) ) ;
#1946 = CC_DESIGN_SECURITY_CLASSIFICATION ( #1750, ( #2054 ) ) ;
#1947 = CARTESIAN_POINT ( 'NONE',  ( -7.500000000000000000, 9.184850993605147944E-16, 4.000000000000000000 ) ) ;
#1948 = DIRECTION ( 'NONE',  ( -0.000000000000000000, -1.000000000000000000, -0.000000000000000000 ) ) ;
#1949 = VECTOR ( 'NONE', #193, 1000.000000000000000 ) ;
#1950 = CARTESIAN_POINT ( 'NONE',  ( 20.75000000000005684, -13.43502884254455054, 166.5649711574549201 ) ) ;
#1951 = CARTESIAN_POINT ( 'NONE',  ( 24.75000000000005684, 4.683753385137379155E-14, 150.9999999999999716 ) ) ;
#1952 = EDGE_CURVE ( 'NONE', #1726, #1113, #1430, .T. ) ;
#1953 = AXIS2_PLACEMENT_3D ( 'NONE', #1801, #339, #184 ) ;
#1954 = DIRECTION ( 'NONE',  ( 0.000000000000000000, 1.000000000000000000, -3.655310181522557947E-16 ) ) ;
#1955 = VERTEX_POINT ( 'NONE', #1692 ) ;
#1956 = DIRECTION ( 'NONE',  ( -0.000000000000000000, -0.000000000000000000, -1.000000000000000000 ) ) ;
#1957 = ADVANCED_FACE ( 'NONE', ( #1031 ), #1960, .F. ) ;
#1958 = EDGE_LOOP ( 'NONE', ( #628, #870, #442, #586, #1385, #189 ) ) ;
#1959 = CARTESIAN_POINT ( 'NONE',  ( 24.75000000000005684, 10.13108276106246919, 138.7499999999999716 ) ) ;
#1960 = CYLINDRICAL_SURFACE ( 'NONE', #1354, 1.250000000000015099 ) ;
#1961 = DIRECTION ( 'NONE',  ( 1.000000000000000000, 0.000000000000000000, 0.000000000000000000 ) ) ;
#1962 = DIRECTION ( 'NONE',  ( 0.000000000000000000, 0.000000000000000000, -1.000000000000000000 ) ) ;
#1963 = LINE ( 'NONE', #863, #977 ) ;
#1964 = AXIS2_PLACEMENT_3D ( 'NONE', #1639, #1306, #838 ) ;
#1965 = DIRECTION ( 'NONE',  ( 0.000000000000000000, 0.000000000000000000, -1.000000000000000000 ) ) ;
#1966 = CARTESIAN_POINT ( 'NONE',  ( 20.75000000000005329, -14.13108276106246919, 144.0000000000000284 ) ) ;
#1967 = AXIS2_PLACEMENT_3D ( 'NONE', #263, #2033, #74 ) ;
#1968 = CIRCLE ( 'NONE', #1092, 1.250000000000001110 ) ;
#1969 = ORIENTED_EDGE ( 'NONE', *, *, #638, .F. ) ;
#1970 = CARTESIAN_POINT ( 'NONE',  ( 7.999999999999888978, -11.69134295108997890, 0.000000000000000000 ) ) ;
#1971 = ADVANCED_FACE ( 'NONE', ( #1833 ), #370, .F. ) ;
#1972 = EDGE_LOOP ( 'NONE', ( #1096, #1662 ) ) ;
#1973 = DIRECTION ( 'NONE',  ( 0.000000000000000000, 0.000000000000000000, -1.000000000000000000 ) ) ;
#1974 = FACE_OUTER_BOUND ( 'NONE', #1945, .T. ) ;
#1975 = DIRECTION ( 'NONE',  ( 1.000000000000000000, -0.000000000000000000, -0.000000000000000000 ) ) ;
#1976 = VERTEX_POINT ( 'NONE', #840 ) ;
#1977 = VECTOR ( 'NONE', #958, 1000.000000000000000 ) ;
#1978 = DIRECTION ( 'NONE',  ( 0.000000000000000000, 0.000000000000000000, -1.000000000000000000 ) ) ;
#1979 = ORIENTED_EDGE ( 'NONE', *, *, #474, .F. ) ;
#1980 = EDGE_CURVE ( 'NONE', #1254, #1360, #1045, .T. ) ;
#1981 = CARTESIAN_POINT ( 'NONE',  ( 20.75000000000005684, -13.43502884254503194, 194.6850288425436872 ) ) ;
#1982 = CC_DESIGN_APPROVAL ( #1802, ( #1118 ) ) ;
#1983 = COORDINATED_UNIVERSAL_TIME_OFFSET ( 8, 0, .AHEAD. ) ;
#1984 = LINE ( 'NONE', #353, #495 ) ;
#1985 = EDGE_CURVE ( 'NONE', #162, #1753, #356, .T. ) ;
#1986 = AXIS2_PLACEMENT_3D ( 'NONE', #1617, #150, #800 ) ;
#1987 = CARTESIAN_POINT ( 'NONE',  ( 20.75000000000005684, -22.50000000000002487, 181.2499999999967883 ) ) ;
#1988 = VECTOR ( 'NONE', #1673, 1000.000000000000000 ) ;
#1989 = DIRECTION ( 'NONE',  ( 0.000000000000000000, 1.000000000000000000, 0.000000000000000000 ) ) ;
#1990 = EDGE_LOOP ( 'NONE', ( #317, #122, #1277, #89, #1460 ) ) ;
#1991 = ORIENTED_EDGE ( 'NONE', *, *, #1765, .T. ) ;
#1992 = AXIS2_PLACEMENT_3D ( 'NONE', #860, #1334, #2003 ) ;
#1993 = ORIENTED_EDGE ( 'NONE', *, *, #1487, .T. ) ;
#1994 = DIRECTION ( 'NONE',  ( 1.000000000000000000, 0.000000000000000000, -0.000000000000000000 ) ) ;
#1995 = CARTESIAN_POINT ( 'NONE',  ( 20.75000000000005684, -1.637578961322105897E-12, 202.4999999999984936 ) ) ;
#1996 = COORDINATED_UNIVERSAL_TIME_OFFSET ( 8, 0, .AHEAD. ) ;
#1997 = FACE_OUTER_BOUND ( 'NONE', #1876, .T. ) ;
#1998 = CARTESIAN_POINT ( 'NONE',  ( -5.499999999999973355, 11.69134295108993982, 0.000000000000000000 ) ) ;
#1999 = EDGE_CURVE ( 'NONE', #633, #269, #636, .T. ) ;
#2000 = CARTESIAN_POINT ( 'NONE',  ( 24.75000000000005684, -3.999999999999951594, 154.9999999999999716 ) ) ;
#2001 = EDGE_LOOP ( 'NONE', ( #413, #642 ) ) ;
#2002 = ORIENTED_EDGE ( 'NONE', *, *, #2099, .F. ) ;
#2003 = DIRECTION ( 'NONE',  ( 0.000000000000000000, 0.000000000000000000, -1.000000000000000000 ) ) ;
#2004 = DIRECTION ( 'NONE',  ( 1.000000000000000000, 0.000000000000000000, 0.000000000000000000 ) ) ;
#2005 = ORIENTED_EDGE ( 'NONE', *, *, #2029, .F. ) ;
#2006 = DATE_AND_TIME ( #893, #1422 ) ;
#2007 = DIRECTION ( 'NONE',  ( 1.000000000000000000, -0.000000000000000000, -0.000000000000000000 ) ) ;
#2008 = CARTESIAN_POINT ( 'NONE',  ( 20.75000000000005684, -10.13108276106251182, 139.9999999999999716 ) ) ;
#2009 = DIRECTION ( 'NONE',  ( 0.000000000000000000, 0.000000000000000000, 1.000000000000000000 ) ) ;
#2010 = CARTESIAN_POINT ( 'NONE',  ( 0.000000000000000000, -14.13108276106246919, 0.000000000000000000 ) ) ;
#2011 = EDGE_CURVE ( 'NONE', #540, #1104, #1883, .T. ) ;
#2012 = DIRECTION ( 'NONE',  ( -0.000000000000000000, -0.000000000000000000, 1.000000000000000000 ) ) ;
#2013 = VERTEX_POINT ( 'NONE', #1645 ) ;
#2014 = CIRCLE ( 'NONE', #1549, 1.250000000000001110 ) ;
#2015 = AXIS2_PLACEMENT_3D ( 'NONE', #955, #1270, #2091 ) ;
#2016 = VECTOR ( 'NONE', #341, 1000.000000000000000 ) ;
#2017 = ORIENTED_EDGE ( 'NONE', *, *, #1057, .F. ) ;
#2018 = VERTEX_POINT ( 'NONE', #716 ) ;
#2019 = CARTESIAN_POINT ( 'NONE',  ( -13.50000000000000000, 0.000000000000000000, 0.000000000000000000 ) ) ;
#2020 = CYLINDRICAL_SURFACE ( 'NONE', #1502, 1.250000000000015099 ) ;
#2021 = DIRECTION ( 'NONE',  ( -0.000000000000000000, -0.000000000000000000, 1.000000000000000000 ) ) ;
#2022 = CC_DESIGN_APPROVAL ( #520, ( #1750 ) ) ;
#2023 = CIRCLE ( 'NONE', #769, 1.250000000000001110 ) ;
#2024 = DIRECTION ( 'NONE',  ( 0.000000000000000000, 0.000000000000000000, -1.000000000000000000 ) ) ;
#2025 = LINE ( 'NONE', #1837, #2055 ) ;
#2026 = EDGE_CURVE ( 'NONE', #1307, #492, #285, .T. ) ;
#2027 = VERTEX_POINT ( 'NONE', #1506 ) ;
#2028 = EDGE_CURVE ( 'NONE', #1629, #259, #50, .T. ) ;
#2029 = EDGE_CURVE ( 'NONE', #1759, #1206, #119, .T. ) ;
#2030 = DIRECTION ( 'NONE',  ( 0.000000000000000000, 0.000000000000000000, 1.000000000000000000 ) ) ;
#2031 = VERTEX_POINT ( 'NONE', #537 ) ;
#2032 = DIRECTION ( 'NONE',  ( 0.000000000000000000, 0.000000000000000000, -1.000000000000000000 ) ) ;
#2033 = DIRECTION ( 'NONE',  ( 0.000000000000000000, 0.000000000000000000, 1.000000000000000000 ) ) ;
#2034 = LINE ( 'NONE', #96, #618 ) ;
#2035 = PERSON_AND_ORGANIZATION ( #697, #15 ) ;
#2036 = CARTESIAN_POINT ( 'NONE',  ( 0.000000000000000000, 0.000000000000000000, 0.000000000000000000 ) ) ;
#2037 = ORIENTED_EDGE ( 'NONE', *, *, #1473, .F. ) ;
#2038 = AXIS2_PLACEMENT_3D ( 'NONE', #528, #1661, #13 ) ;
#2039 = ORIENTED_EDGE ( 'NONE', *, *, #1927, .T. ) ;
#2040 = EDGE_CURVE ( 'NONE', #1753, #390, #526, .T. ) ;
#2041 = ORIENTED_EDGE ( 'NONE', *, *, #684, .F. ) ;
#2042 = LINE ( 'NONE', #1237, #1807 ) ;
#2043 = DIRECTION ( 'NONE',  ( 0.000000000000000000, 0.000000000000000000, -1.000000000000000000 ) ) ;
#2044 = DIRECTION ( 'NONE',  ( 1.000000000000000000, 0.000000000000000000, -0.000000000000000000 ) ) ;
#2045 = AXIS2_PLACEMENT_3D ( 'NONE', #209, #1361, #1524 ) ;
#2046 = ORIENTED_EDGE ( 'NONE', *, *, #1864, .T. ) ;
#2047 = ORIENTED_EDGE ( 'NONE', *, *, #1114, .F. ) ;
#2048 = CIRCLE ( 'NONE', #1129, 1.249999999999999334 ) ;
#2049 = ORIENTED_EDGE ( 'NONE', *, *, #1766, .T. ) ;
#2050 = CARTESIAN_POINT ( 'NONE',  ( 6.749999999999891642, -11.69134295108997890, 0.000000000000000000 ) ) ;
#2051 = EDGE_CURVE ( 'NONE', #1198, #405, #567, .T. ) ;
#2052 = CARTESIAN_POINT ( 'NONE',  ( 20.75000000000005684, -10.13108276106249761, 84.99999999999998579 ) ) ;
#2053 = FACE_BOUND ( 'NONE', #1884, .T. ) ;
#2054 = PRODUCT_DEFINITION_FORMATION_WITH_SPECIFIED_SOURCE ( 'ä»', '', #1301, .NOT_KNOWN. ) ;
#2055 = VECTOR ( 'NONE', #207, 1000.000000000000000 ) ;
#2056 = VERTEX_POINT ( 'NONE', #547 ) ;
#2057 = ORIENTED_EDGE ( 'NONE', *, *, #658, .T. ) ;
#2058 = VECTOR ( 'NONE', #333, 1000.000000000000000 ) ;
#2059 = CARTESIAN_POINT ( 'NONE',  ( 20.75000000000005684, 22.49999999999997513, 178.7500000000000000 ) ) ;
#2060 = VERTEX_POINT ( 'NONE', #833 ) ;
#2061 = CYLINDRICAL_SURFACE ( 'NONE', #412, 1.249999999999999334 ) ;
#2062 = CARTESIAN_POINT ( 'NONE',  ( 20.75000000000005684, 3.999999999999999112, 18.99999999999996092 ) ) ;
#2063 = CARTESIAN_POINT ( 'NONE',  ( 7.500000000000000000, 0.000000000000000000, 4.000000000000000000 ) ) ;
#2064 = CIRCLE ( 'NONE', #58, 28.49999999999999645 ) ;
#2065 = EDGE_CURVE ( 'NONE', #1690, #1087, #344, .T. ) ;
#2066 = EDGE_LOOP ( 'NONE', ( #1683, #208, #564, #1048 ) ) ;
#2067 = CARTESIAN_POINT ( 'NONE',  ( 24.75000000000005684, 13.43502884254377250, 194.6850288425441988 ) ) ;
#2068 = ORIENTED_EDGE ( 'NONE', *, *, #463, .F. ) ;
#2069 = CARTESIAN_POINT ( 'NONE',  ( 20.75000000000005684, 10.13108276106246919, 30.00000000000000000 ) ) ;
#2070 = PLANE ( 'NONE',  #908 ) ;
#2071 = CARTESIAN_POINT ( 'NONE',  ( 20.75000000000005684, 10.13108276106246919, 138.7499999999999716 ) ) ;
#2072 = EDGE_CURVE ( 'NONE', #405, #1498, #1005, .T. ) ;
#2073 = ORIENTED_EDGE ( 'NONE', *, *, #210, .F. ) ;
#2074 = EDGE_CURVE ( 'NONE', #298, #503, #2082, .T. ) ;
#2075 = CARTESIAN_POINT ( 'NONE',  ( 22.03249845798296036, -14.13108276106246919, 0.000000000000000000 ) ) ;
#2076 = ORIENTED_EDGE ( 'NONE', *, *, #521, .T. ) ;
#2077 = CIRCLE ( 'NONE', #789, 1.249999999999997558 ) ;
#2078 = LINE ( 'NONE', #123, #1647 ) ;
#2079 = DIRECTION ( 'NONE',  ( -1.000000000000000000, 0.000000000000000000, -0.000000000000000000 ) ) ;
#2080 = AXIS2_PLACEMENT_3D ( 'NONE', #937, #291, #311 ) ;
#2081 = EDGE_CURVE ( 'NONE', #762, #1677, #1521, .T. ) ;
#2082 = CIRCLE ( 'NONE', #1135, 1.250000000000011546 ) ;
#2083 = CC_DESIGN_PERSON_AND_ORGANIZATION_ASSIGNMENT ( #713, #1012, ( #1750 ) ) ;
#2084 = ORIENTED_EDGE ( 'NONE', *, *, #805, .T. ) ;
#2085 = ORIENTED_EDGE ( 'NONE', *, *, #1864, .F. ) ;
#2086 = ORIENTED_EDGE ( 'NONE', *, *, #1595, .F. ) ;
#2087 = AXIS2_PLACEMENT_3D ( 'NONE', #1316, #1954, #1922 ) ;
#2088 = ADVANCED_FACE ( 'NONE', ( #842 ), #40, .F. ) ;
#2089 = CC_DESIGN_PERSON_AND_ORGANIZATION_ASSIGNMENT ( #816, #510, ( #1118 ) ) ;
#2090 = ORIENTED_EDGE ( 'NONE', *, *, #1691, .F. ) ;
#2091 = DIRECTION ( 'NONE',  ( 1.000000000000000000, 0.000000000000000000, 0.000000000000000000 ) ) ;
#2092 = FACE_BOUND ( 'NONE', #606, .T. ) ;
#2093 = VECTOR ( 'NONE', #874, 1000.000000000000000 ) ;
#2094 = DIRECTION ( 'NONE',  ( 1.000000000000000000, -0.000000000000000000, -0.000000000000000000 ) ) ;
#2095 = EDGE_LOOP ( 'NONE', ( #1838, #1809 ) ) ;
#2096 = ORIENTED_EDGE ( 'NONE', *, *, #279, .T. ) ;
#2097 = ORIENTED_EDGE ( 'NONE', *, *, #257, .T. ) ;
#2098 = EDGE_LOOP ( 'NONE', ( #1542, #1209, #550, #1860, #1704, #320 ) ) ;
#2099 = EDGE_CURVE ( 'NONE', #1779, #329, #974, .T. ) ;
#2100 = DIRECTION ( 'NONE',  ( 0.000000000000000000, 0.000000000000000000, -1.000000000000000000 ) ) ;
#2101 = CARTESIAN_POINT ( 'NONE',  ( 20.75000000000005684, 13.43502884254429297, 167.8149711574555170 ) ) ;
#2102 = DATE_AND_TIME ( #640, #797 ) ;
ENDSEC;
END-ISO-10303-21;
